Workbook

Sheet 00_はじめに
A1: 🔬 ブレーキパッド EMA｜カーブフィット・窓関数・Excel解析ブック
A2: ハンマリング / PSV-400 / RION SA-01A4 → RFP法によるモード分離（双子モード対応） ｜ ME'scopeVES 準拠の数式つき
A4: ■ このブックの使い方（3行で）
B5: ① | C5: 黄色いセルにだけ数字を入れる。緑のセルが答え。白（灰）のセルは触らない。
B6: ② | C6: シートは左から右へ、番号順に進めば必ず答えにたどり着きます。
B7: ③ | C7: まず「16_検算用サンプルデータ」で練習 → 正解が出たら本番データに差し替え。
A9: ■ セルの色のルール（これだけ覚えれば迷いません）
B10: 色 | C10: 意味 | D10: やること
B11: 黄色（濃い金色の背景） | C11: あなたが入力する場所 | D11: 測定値・推定値をここに打ち込む
B12: 緑（深緑の背景） | C12: 最終的な答え | D12: 読むだけ。書き換えない
B13: 灰色（濃紺の背景） | C13: 途中計算 | D13: 読むだけ。書き換えると壊れます
B14: 赤（暗赤の背景） | C14: 警告・注意 | D14: 出たら必ず本文の指示に従う
A17: ■ 作業の流れ（シート順＝作業順です）
B18: # | C18: シート名 | D18: そこで何をするか | E18: 入力するもの | F18: 出てくるもの
B19: 01 | C19: 01_測定条件の設計 | D19: 窓を使わずに済む測定条件（記録時間・点数）を決める | E19: 予想 fn・予想 η・解析レンジ | F19: 必要記録時間 t、選ぶべき N、Δf
B20: 02 | C20: 02_窓関数の選定 | D20: 窓が要るか要らないかを判定し、要る場合の補正量を出す | E20: 時間波形の終端の様子、指数窓の終端減衰値 | F20: 窓の種類、振幅補正係数、減衰の上乗せ量
B21: 03 | C21: 03_FRFデータ貼付 | D21: 測ったFRFを貼る（ここが全ての出発点） | E21: f [Hz]、Re(H)、Im(H) の3列 | F21: 正規化された Ω・Hn（自動）
B22: 04 | C22: 04_モード数の確認 | D22: 山がいくつあるか数える（＝モード数の決定） | E22: ピーク判定のしきい値 | F22: ピーク位置と本数
B23: 05 | C23: 05_半値幅法_SDOF | D23: 一番簡単な方法で当たりを付ける（初期値づくり） | E23: （自動） | F23: ピーク周波数・η・Q・妥当性の警告
B24: 06 | C24: 06_RFP設計行列 | D24: 連立方程式の材料をつくる（自動） | E24: なし | F24: 240行×8列の係数行列
B25: 07 | C25: 07_RFP係数の解 | D25: 最小二乗法で分子b・分母aを解く（自動） | E25: リッジ係数（通常そのまま） | F25: b0〜b3、a0〜a3
B26: 08 | C26: 08_極の分離_ニュートン法 | D26: 4次方程式を2つに割って双子モードを分離 | E26: 山1・山2の目視周波数、ηの粗推定 | F26: p1,q1,p2,q2（＝2つのモード）
B27: 09 | C27: 09_モーダル諸元 | D27: 固有振動数・減衰を工学単位に変換 | E27: （自動） | F27: fn, fd, ζ, η, Q, 半値幅、指数窓補正後の値
B28: 10 | C28: 10_レジデュー_MEscope | D28: ME'scope手順③に相当。残差＝モード形状の成分を出す | E28: （自動） | F28: レジデュー r、モーダル質量、有効質量
B29: 11 | C29: 11_合成FRFの照合 | D29: 当てはめが成功したかをグラフで目視確認 | E29: （自動） | F29: 合成FRF、相対誤差 [%]、比較グラフ
... B36: 18 | C36: 18_測定記録 | D36: 測定条件を1枚に記録（再現性の担保） | E36: 測定条件 | F36: 解析結果の自動転記
A37: ■ 最短ルート（時間がないとき）
B38: 03 にデータを貼る → 05 で山の周波数を読む → 08 にその2つを打ち込む → 09 で答えを読む → 11 で誤差を確認。以上5手です。
A40: ■ 注意（必ず読んでください）
B41: ・このブックは「2つのモードが重なった帯域（双子モード）」を分離するために作ってあります。1本しか山がない時は 05 の半値幅法だけで十分です。
B42: ・3本以上のモードが重なる帯域には、このブックの RFP（分母4次）は使えません。Python（scipy）へ移行してください。
B43: ・Excelは複素数の固有値分解ができないため、本物の PolyMAX（多参照の多項式固有値問題）そのものは組めません。ここで組んでいるのは、考え方が同じ RFP法（有理多項式法）です。
B44: ・数値は必ず 11_合成FRFの照合 のグラフで「実測と合っているか」を目で確認してください。数字だけを信じないこと。

Sheet 01_測定条件の設計
A1: ① 測定条件の設計｜窓を使わずに済ませるための記録時間を決める
A2: 考え方：叩いた後の揺れが「1コマの中で消えきる」なら窓は不要。消えきらないなら窓が必要になる。
A4: ■ Step1｜叩いた揺れが消えるまでの時間 t を見積もる
B5: 予想される固有振動数 fn [Hz] | C5: 3500 | D5: ← 見たい山のだいたいの周波数。未知なら粗い測定の結果でOK
B6: 予想される損失係数 η（イータ） | C6: 0.008 | D6: ← ブレーキパッド摩擦材なら 0.005〜0.02 が目安（🟡推定・文献値）
B7: 目標の減衰量 [dB] | C7: 60 | D7: ← 60dB＝振幅が1/1000。これだけ小さくなればゼロ扱いしてよい
B8: 必要な最低記録時間 t [秒] | C8: =(C7*LN(10)/20)/(PI()*C5*C6) -> 0.078528814 | D8: 式： t = (dB×ln10/20) ÷ (π・fn・η)
A10: ■ Step2｜アナライザの設定を決める（RION SA-01A4）
B11: 解析周波数レンジ [Hz] | C11: 20000 | D11: ← RIONの［解析周波数］設定値
B12: サンプリング係数 | C12: 2.56 | D12: ← 20kHzレンジ以下＝2.56／40kHzレンジ＝2.4（🟢ハードウェアマニュアル）
B13: サンプリング周波数 fs [Hz] | C13: =C11*C12 -> 51200
B14: 必要な最低点数 | C14: =C13*C8 -> 4020.6753
B15: 選ぶべき解析点数 N（2の累乗） | C15: =MIN(32768,2^ROUNDUP(LOG(MAX(C14,64),2),0)) -> 4096 | D15: ← RIONの選択肢は 64〜32768 点（2^6〜2^15）
B16: 実際の記録時間 T [秒] | C16: =C15/C13 -> 0.08
B17: 周波数分解能 Δf [Hz] | C17: =C13/C15 -> 12.5
B18: 推奨 N（窓なし＋分解能を両方満たす最小値） | C18: =MIN(32768,2^ROUNDUP(LOG(MAX(64,C13*C8,5*C13/MAX(C21,0.0001)),2),0)) -> 8192 | D18: ← この N を RION に設定すれば、窓なし条件と双子分離の分解能を同時に満たせます
A19: ■ Step3｜判定 | B19: そのときの T [秒] / Δf [Hz] | C19: =IFERROR(C18/C13,"") -> 0.16 | D19: =IFERROR(C13/C18,"") -> 6.25 | E19: ← 左がT[秒]、右がΔf[Hz]
B20: 窓は必要？ | C20: =IF(C16>=C8,"不要（窓＝［無し］でOK）","必要（フォース・指数窓へ）") -> 不要（窓＝［無し］でOK） | D20: T ≧ t なら、フレーム内で揺れが消えきっている＝窓は要らない
B21: 分けたい2つのモードの間隔 [Hz] | C21: 40
B22: Δf は間隔の何分の1？ | C22: =IFERROR(C21/C17,"") -> 3.2
B23: 分解能の判定 | C23: =IF(C22>=5,"OK（5倍以上とれている）","要改善（Nを増やすか帯域を狭く）") -> 要改善（Nを増やすか帯域を狭く） | D23: 目安：Δf はモード間隔の1/5以下が望ましい（🟡実務上の目安）
A25: ■ N の候補早見表（今の fs で自動計算）
B26: N（点） | C26: 記録時間 T [秒] | D26: 分解能 Δf [Hz] | E26: 窓なしで足りる？ | F26: 双子分離に足りる？
B27: 64 | C27: =IF($C$13=0,"",64/$C$13) -> 0.00125 | D27: =IF($C$13=0,"",$C$13/64) -> 800 | E27: =IF(C27="","",IF(C27>=$C$8,"○ 足りる","× 足りない")) -> × 足りない | F27: =IF(D27="","",IF($C$21/D27>=5,"○ 足りる","× 足りない")) -> × 足りない
B28: 128 | C28: =IF($C$13=0,"",128/$C$13) -> 0.0025 | D28: =IF($C$13=0,"",$C$13/128) -> 400 | E28: =IF(C28="","",IF(C28>=$C$8,"○ 足りる","× 足りない")) -> × 足りない | F28: =IF(D28="","",IF($C$21/D28>=5,"○ 足りる","× 足りない")) -> × 足りない
B29: 256 | C29: =IF($C$13=0,"",256/$C$13) -> 0.005 | D29: =IF($C$13=0,"",$C$13/256) -> 200 | E29: =IF(C29="","",IF(C29>=$C$8,"○ 足りる","× 足りない")) -> × 足りない | F29: =IF(D29="","",IF($C$21/D29>=5,"○ 足りる","× 足りない")) -> × 足りない
B30: 512 | C30: =IF($C$13=0,"",512/$C$13) -> 0.01 | D30: =IF($C$13=0,"",$C$13/512) -> 100 | E30: =IF(C30="","",IF(C30>=$C$8,"○ 足りる","× 足りない")) -> × 足りない | F30: =IF(D30="","",IF($C$21/D30>=5,"○ 足りる","× 足りない")) -> × 足りない
B31: 1024 | C31: =IF($C$13=0,"",1024/$C$13) -> 0.02 | D31: =IF($C$13=0,"",$C$13/1024) -> 50 | E31: =IF(C31="","",IF(C31>=$C$8,"○ 足りる","× 足りない")) -> × 足りない | F31: =IF(D31="","",IF($C$21/D31>=5,"○ 足りる","× 足りない")) -> × 足りない
B32: 2048 | C32: =IF($C$13=0,"",2048/$C$13) -> 0.04 | D32: =IF($C$13=0,"",$C$13/2048) -> 25 | E32: =IF(C32="","",IF(C32>=$C$8,"○ 足りる","× 足りない")) -> × 足りない | F32: =IF(D32="","",IF($C$21/D32>=5,"○ 足りる","× 足りない")) -> × 足りない
B33: 4096 | C33: =IF($C$13=0,"",4096/$C$13) -> 0.08 | D33: =IF($C$13=0,"",$C$13/4096) -> 12.5 | E33: =IF(C33="","",IF(C33>=$C$8,"○ 足りる","× 足りない")) -> ○ 足りる | F33: =IF(D33="","",IF($C$21/D33>=5,"○ 足りる","× 足りない")) -> × 足りない
B34: 8192 | C34: =IF($C$13=0,"",8192/$C$13) -> 0.16 | D34: =IF($C$13=0,"",$C$13/8192) -> 6.25 | E34: =IF(C34="","",IF(C34>=$C$8,"○ 足りる","× 足りない")) -> ○ 足りる | F34: =IF(D34="","",IF($C$21/D34>=5,"○ 足りる","× 足りない")) -> ○ 足りる
B35: 16384 | C35: =IF($C$13=0,"",16384/$C$13) -> 0.32 | D35: =IF($C$13=0,"",$C$13/16384) -> 3.125 | E35: =IF(C35="","",IF(C35>=$C$8,"○ 足りる","× 足りない")) -> ○ 足りる | F35: =IF(D35="","",IF($C$21/D35>=5,"○ 足りる","× 足りない")) -> ○ 足りる
B36: 32768 | C36: =IF($C$13=0,"",32768/$C$13) -> 0.64 | D36: =IF($C$13=0,"",$C$13/32768) -> 1.5625 | E36: =IF(C36="","",IF(C36>=$C$8,"○ 足りる","× 足りない")) -> ○ 足りる | F36: =IF(D36="","",IF($C$21/D36>=5,"○ 足りる","× 足りない")) -> ○ 足りる
A38: ■ うれしい副産物
B39: 記録時間 T を長くすると、周波数分解能 Δf（＝fs/N）も同時に細かくなります。つまり「窓なしにするため長く録る」＝「双子モードを見分けやすくする」。
B40: この2つは珍しく“両取り”できる関係です。トレードオフではありません。
A42: ■ 出典
B43: 🟢 RION SA-01/SA-01A2/SA-01A4 ハードウェアマニュアル（プロジェクト添付）：FFT解析長 2^N（N=6〜15）／サンプリング周波数 = レンジ×2.56（40kHzレンジは×2.4）

Sheet 02_窓関数の選定
A1: ② 窓関数（まどかんすう）の選定と補正
A2: 窓関数＝1コマの波形の端っこを滑らかにゼロへ落とす“のりしろ”。使うと必ず代償（振幅の目減り・減衰の水増し）が出る。
A4: ■ 判定はたった1つ：フレーム終端で揺れがゼロになっているか
B5: YES → ［無し］（方形窓）。何も足さない＝一番正確。
B6: NO → ［フォース・指数］（基準ch＝ハンマーにフォース窓、応答chに指数窓）。ただし減衰の補正が必須。
B7: 🟢 RIONソフトウェアマニュアル記載：解析モードが「FFT」のとき［フォース・指数］は選択できません（［FFT&1/Nオクターブ］モード時のみ選択可）。FFTモードでは［指数・指数］を使います。
B8: 🟡 推定：フォース窓は「打撃位置を基準に範囲を切る」操作のため、記録済み波形が必要＝オフライン系モード限定、という理屈と整合します（要実機確認）。
A10: ■ 窓関数の性能比較表（Harris 1978 に基づく標準値）
B11: 窓関数 | C11: コヒーレント ゲイン CG | D11: 振幅補正 係数 1/CG | E11: ENBW [bin] | F11: エネルギー 補正係数 | G11: 最大振幅誤差 （スキャロップ損失）[dB] | H11: 最大サイド ローブ [dB] | I11: 主な用途 / 性格
B12: 無し（方形／レクタングラ） | C12: 1 | D12: 1 | E12: 1 | F12: 1 | G12: 3.92 | H12: -13.3 | I12: ハンマリングで揺れが消えきる時。歪みゼロ・最良
B13: ハニング（Hann） | C13: 0.5 | D13: 2 | E13: 1.5 | F13: 1.63299 | G13: 1.42 | H13: -31.5 | I13: 連続ランダム加振の標準。ハンマリングには不向き
B14: ハミング（Hamming） | C14: 0.54 | D14: 1.85185 | E14: 1.36279 | F14: 1.58614 | G14: 1.75 | H14: -42.7 | I14: サイドローブ重視。汎用
B15: フラットトップ | C15: 0.21557 | D15: 4.63886 | E15: 3.77 | F15: 1.96 | G15: 0.01 | H15: -93.6 | I15: 振幅を正確に読む用途（校正・床衝撃音）
B16: ブラックマン・ハリス4項 | C16: 0.35875 | D16: 2.78746 | E16: 2.00442 | F16: 1.96884 | G16: 0.83 | H16: -92 | I16: ダイナミックレンジ最重視
B17: フォース窓（力側） | C17: 1 | D17: 1 | E17: 1 | F17: 1 | G17: － | H17: － | I17: ハンマー信号専用。打撃前後だけ残す＝歪まない
B18: 指数窓（応答側） | C18: － | D18: － | E18: － | F18: － | G18: － | H18: － | I18: 減衰を人工的に足す。必ず下の補正が必要
B20: ※ 用語：CG＝窓の平均値（振幅がどれだけ目減りするか）。ENBW＝等価雑音帯域幅（1本の線が実質何本分に広がるか）。スキャロップ損失＝山の頂点が線と線の間に落ちたときの最大読み損じ。
B21: 🟡 フラットトップの数値は定義がメーカーごとに違います。RIONの実装値は要確認。上表は Harris(1978) の代表的な flat-top 定義に基づく値です。
A23: ■ 指数窓を使ってしまった時の“減衰の水増し”を取り消す計算
B24: フレーム長 T [秒] | C24: =01_測定条件の設計!C16 -> 0.08 | D24: ← 01シートから自動
B25: フレーム終端での減衰値（RION入力値） | C25: 0.01 | D25: 🟢 RIONソフトマニュアル：［指数ウィンド設定］＝「フレームの終端での減衰値を入力します」。0.01＝1%（-40dB）
B26: 指数窓の時定数 τ（タウ）[秒] | C26: =IFERROR(-C24/LN(C25),"") -> 0.017371779 | D26: 式： τ = -T / ln(終端減衰値)
B27: 付加される減衰（減衰係数）σadd [rad/s] | C27: =IFERROR(1/C26,"") -> 57.564627
B28: 対象モードの固有振動数 fn [Hz] | C28: 3500
B29: 損失係数への上乗せ量 Δη | C29: =IFERROR(1/(PI()*C28*C26),"") -> 0.0052352543 | D29: 式： Δη = 1 / (π・fn・τ) ←これを実測ηから引く
B30: 減衰比への上乗せ量 Δζ | C30: =IFERROR(C29/2,"") -> 0.0026176271
B31: 実測した損失係数 η_meas | C31: 0.009
B32: 補正後の真の損失係数 η_true | C32: =IFERROR(C31-C29,"") -> 0.0037647457
B33: 補正の重み | C33: =IFERROR(IF(C29/C31>0.3,"⚠ 補正量が実測値の30%超。窓なし測定に切り替えるべき","OK（補正量は許容範囲）"),"") -> ⚠ 補正量が実測値の30%超。窓なし測定に切り替えるべき
A35: ■ 振幅・エネルギー補正の使い方（ハンマリングでは通常不要ですが念のため）
B36: 選んだ窓（上の表の行番号 1〜7） | C36: 1
B37: → 振幅補正係数 | C37: =INDEX($D$12:$D$18,$C$36) -> 1
B38: → エネルギー補正係数 | C38: =INDEX($F$12:$F$18,$C$36) -> 1
B39: 窓をかけた後のスペクトル振幅 | C39: 1
B40: 補正後の振幅（正弦波など単一周波数） | C40: =C39*C37 -> 1 | D40: 単一周波数成分の高さを読む → 振幅補正係数（1/CG）を掛ける
B41: 補正後の実効値（ランダム信号） | C41: =C39*C38 -> 1 | D41: 広帯域ノイズのパワーを読む → エネルギー補正係数を掛ける
A43: ■ なぜ窓が要るのか（小学生にもわかる説明）
B44: 1. FFTは「切り取った1コマが、そのまま無限にループして繰り返される」と思い込んで計算します。
B45: 2. コマの終わりとコマの始まりで波の高さが違うと、つなぎ目に“段差”ができます。
B46: 3. 段差は、ギザギザした鋭い音（＝本当は無いはずの高い周波数）を生みます。これが漏れ（リーケージ）です。
B47: 4. 漏れが混ざると山がなまって太くなり、減衰（η）を実際より大きく見積もってしまいます。
B48: 5. 窓関数は、コマの両端をなだらかにゼロへ落として段差を消す“のりしろ”です。ただし端の情報を捨てるので、代償として振幅が目減りし、山も少し太ります。
B49: 6. だから一番良いのは「そもそも段差ができないように、揺れが消えきるまで長く録る」＝窓なしです。

Sheet 03_FRFデータ貼付
A1: ③ FRFデータの貼り付け（ここが出発点）
A2: RION または PSV から書き出した「周波数・実部・虚部」の3列を、下の黄色い範囲に貼るだけ。行数は何点でもOK（最大120点）。
A4: 基準周波数 fref [Hz] | B4: =IF(D4<>"",D4,IF(COUNT(B8:B127)=0,1,(MIN(B8:B127)+MAX(B8:B127))/2)) -> 3500 | C4: 手動指定→ | E4: 空欄なら帯域の中心を自動採用。ふつうは空欄のままでOK。 | G4: データ点数 | H4: =COUNT(B8:B127) -> 21
A5: 基準角周波数 ωref [rad/s] | B5: =2*PI()*B4 -> 21991.149 | E5: 周波数をこの値で割って“1前後の数”にします＝正規化。これをやらないと双子の分離に失敗します。 | G5: 周波数分解能 Δf [Hz] | H5: =IF(H4>1,(MAX(B8:B127)-MIN(B8:B127))/(H4-1),"") -> 10
A6: 振幅基準 Href | B6: =IF(MAX(E8:E127)=0,1,MAX(E8:E127)) -> 0.018393173 | E6: 帯域内 |H| の最大値。振幅も1前後に正規化して、桁の大小による計算誤差を抑えます。 | G6: 解析帯域 [Hz] | H6: =IF(H4>0,TEXT(MIN(B8:B127),"0.0")&" 〜 "&TEXT(MAX(B8:B127),"0.0"),"") -> 3400.0 〜 3600.0
A7: No. | B7: 周波数 f [Hz] ★入力 | C7: 実部 Re(H) ★入力 | D7: 虚部 Im(H) ★入力 | E7: 振幅 |H| | F7: 位相 [deg] | G7: ω [rad/s] | H7: Ω 正規化 角周波数 | I7: Re(Hn) 正規化実部 | J7: Im(Hn) 正規化虚部 | K7: コヒーレンス （任意）
A8: 1 | B8: 3400 | C8: 5.1e-05 | D8: 0.00301 | E8: =IF($B8="","",SQRT($C8^2+$D8^2)) -> 0.003010432 | F8: =IF($B8="","",IFERROR(DEGREES(ATAN2($C8,$D8)),0)) -> 89.029301 | G8: =IF($B8="","",2*PI()*$B8) -> 21362.83 | H8: =IF($B8="","",2*PI()*$B8/$B$5) -> 0.97142857 | I8: =IF($B8="","",$C8/$B$6) -> 0.0027727679 | J8: =IF($B8="","",$D8/$B$6) -> 0.16364767 | L8: ← コヒーレンス（0〜1）は任意入力。0.9未満の点はデータ品質が悪い＝カーブフィットから外す判断材料になります。
A9: 2 | B9: 3410 | C9: 9.3e-05 | D9: 0.003391 | E9: =IF($B9="","",SQRT($C9^2+$D9^2)) -> 0.003392275 | F9: =IF($B9="","",IFERROR(DEGREES(ATAN2($C9,$D9)),0)) -> 88.429026 | G9: =IF($B9="","",2*PI()*$B9) -> 21425.662 | H9: =IF($B9="","",2*PI()*$B9/$B$5) -> 0.97428571 | I9: =IF($B9="","",$C9/$B$6) -> 0.0050562238 | J9: =IF($B9="","",$D9/$B$6) -> 0.18436188
A10: 3 | B10: 3420 | C10: 0.000162 | D10: 0.003876 | E10: =IF($B10="","",SQRT($C10^2+$D10^2)) -> 0.003879384 | F10: =IF($B10="","",IFERROR(DEGREES(ATAN2($C10,$D10)),0)) -> 87.606678 | G10: =IF($B10="","",2*PI()*$B10) -> 21488.494 | H10: =IF($B10="","",2*PI()*$B10/$B$5) -> 0.97714286 | I10: =IF($B10="","",$C10/$B$6) -> 0.0088076156 | J10: =IF($B10="","",$D10/$B$6) -> 0.21073036
A11: 4 | B11: 3430 | C11: 0.00028 | D11: 0.004516 | E11: =IF($B11="","",SQRT($C11^2+$D11^2)) -> 0.0045246719 | F11: =IF($B11="","",IFERROR(DEGREES(ATAN2($C11,$D11)),0)) -> 86.452102 | G11: =IF($B11="","",2*PI()*$B11) -> 21551.326 | H11: =IF($B11="","",2*PI()*$B11/$B$5) -> 0.98 | I11: =IF($B11="","",$C11/$B$6) -> 0.015223039 | J11: =IF($B11="","",$D11/$B$6) -> 0.24552588
A12: 5 | B12: 3440 | C12: 0.000512 | D12: 0.005463 | E12: =IF($B12="","",SQRT($C12^2+$D12^2)) -> 0.0054869402 | F12: =IF($B12="","",IFERROR(DEGREES(ATAN2($C12,$D12)),0)) -> 84.645799 | G12: =IF($B12="","",2*PI()*$B12) -> 21614.157 | H12: =IF($B12="","",2*PI()*$B12/$B$5) -> 0.98285714 | I12: =IF($B12="","",$C12/$B$6) -> 0.027836415 | J12: =IF($B12="","",$D12/$B$6) -> 0.29701237
A13: 6 | B13: 3450 | C13: 0.001016 | D13: 0.006854 | E13: =IF($B13="","",SQRT($C13^2+$D13^2)) -> 0.006928894 | F13: =IF($B13="","",IFERROR(DEGREES(ATAN2($C13,$D13)),0)) -> 81.568184 | G13: =IF($B13="","",2*PI()*$B13) -> 21676.989 | H13: =IF($B13="","",2*PI()*$B13/$B$5) -> 0.98571429 | I13: =IF($B13="","",$C13/$B$6) -> 0.055237885 | J13: =IF($B13="","",$D13/$B$6) -> 0.37263825
A14: 7 | B14: 3460 | C14: 0.002362 | D14: 0.00908 | E14: =IF($B14="","",SQRT($C14^2+$D14^2)) -> 0.0093821876 | F14: =IF($B14="","",IFERROR(DEGREES(ATAN2($C14,$D14)),0)) -> 75.418691 | G14: =IF($B14="","",2*PI()*$B14) -> 21739.821 | H14: =IF($B14="","",2*PI()*$B14/$B$5) -> 0.98857143 | I14: =IF($B14="","",$C14/$B$6) -> 0.12841721 | J14: =IF($B14="","",$D14/$B$6) -> 0.49366142
A15: 8 | B15: 3470 | C15: 0.006939 | D15: 0.012171 | E15: =IF($B15="","",SQRT($C15^2+$D15^2)) -> 0.014010102 | F15: =IF($B15="","",IFERROR(DEGREES(ATAN2($C15,$D15)),0)) -> 60.311424 | G15: =IF($B15="","",2*PI()*$B15) -> 21802.653 | H15: =IF($B15="","",2*PI()*$B15/$B$5) -> 0.99142857 | I15: =IF($B15="","",$C15/$B$6) -> 0.37725953 | J15: =IF($B15="","",$D15/$B$6) -> 0.6617129
A16: 9 | B16: 3480 | C16: 0.016968 | D16: 0.007099 | E16: =IF($B16="","",SQRT($C16^2+$D16^2)) -> 0.018393173 | F16: =IF($B16="","",IFERROR(DEGREES(ATAN2($C16,$D16)),0)) -> 22.703253 | G16: =IF($B16="","",2*PI()*$B16) -> 21865.485 | H16: =IF($B16="","",2*PI()*$B16/$B$5) -> 0.99428571 | I16: =IF($B16="","",$C16/$B$6) -> 0.92251618 | J16: =IF($B16="","",$D16/$B$6) -> 0.38595841
A17: 10 | B17: 3490 | C17: 0.012733 | D17: -0.002205 | E17: =IF($B17="","",SQRT($C17^2+$D17^2)) -> 0.012922512 | F17: =IF($B17="","",IFERROR(DEGREES(ATAN2($C17,$D17)),0)) -> -9.8245937 | G17: =IF($B17="","",2*PI()*$B17) -> 21928.317 | H17: =IF($B17="","",2*PI()*$B17/$B$5) -> 0.99714286 | I17: =IF($B17="","",$C17/$B$6) -> 0.69226771 | J17: =IF($B17="","",$D17/$B$6) -> -0.11988143
A18: 11 | B18: 3500 | C18: 0.009201 | D18: -0.001806 | E18: =IF($B18="","",SQRT($C18^2+$D18^2)) -> 0.0093765685 | F18: =IF($B18="","",IFERROR(DEGREES(ATAN2($C18,$D18)),0)) -> -11.10501 | G18: =IF($B18="","",2*PI()*$B18) -> 21991.149 | H18: =IF($B18="","",2*PI()*$B18/$B$5) -> 1 | I18: =IF($B18="","",$C18/$B$6) -> 0.50023994 | J18: =IF($B18="","",$D18/$B$6) -> -0.098188603
A19: 12 | B19: 3510 | C19: 0.010162 | D19: -0.00152 | E19: =IF($B19="","",SQRT($C19^2+$D19^2)) -> 0.01027505 | F19: =IF($B19="","",IFERROR(DEGREES(ATAN2($C19,$D19)),0)) -> -8.5070532 | G19: =IF($B19="","",2*PI()*$B19) -> 22053.98 | H19: =IF($B19="","",2*PI()*$B19/$B$5) -> 1.0028571 | I19: =IF($B19="","",$C19/$B$6) -> 0.55248759 | J19: =IF($B19="","",$D19/$B$6) -> -0.082639356
A20: 13 | B20: 3520 | C20: 0.011108 | D20: -0.005744 | E20: =IF($B20="","",SQRT($C20^2+$D20^2)) -> 0.012505247 | F20: =IF($B20="","",IFERROR(DEGREES(ATAN2($C20,$D20)),0)) -> -27.343701 | G20: =IF($B20="","",2*PI()*$B20) -> 22116.812 | H20: =IF($B20="","",2*PI()*$B20/$B$5) -> 1.0057143 | I20: =IF($B20="","",$C20/$B$6) -> 0.60391972 | J20: =IF($B20="","",$D20/$B$6) -> -0.31228978
... A28: 21 | B28: 3600 | C28: 0.000393 | D28: -0.002933 | E28: =IF($B28="","",SQRT($C28^2+$D28^2)) -> 0.0029592124 | F28: =IF($B28="","",IFERROR(DEGREES(ATAN2($C28,$D28)),0)) -> -82.368252 | G28: =IF($B28="","",2*PI()*$B28) -> 22619.467 | H28: =IF($B28="","",2*PI()*$B28/$B$5) -> 1.0285714 | I28: =IF($B28="","",$C28/$B$6) -> 0.021366623 | J28: =IF($B28="","",$D28/$B$6) -> -0.15946134
A29: 22 | E29: =IF($B29="","",SQRT($C29^2+$D29^2)) | F29: =IF($B29="","",IFERROR(DEGREES(ATAN2($C29,$D29)),0)) | G29: =IF($B29="","",2*PI()*$B29) | H29: =IF($B29="","",2*PI()*$B29/$B$5) | I29: =IF($B29="","",$C29/$B$6) | J29: =IF($B29="","",$D29/$B$6)
A30: 23 | E30: =IF($B30="","",SQRT($C30^2+$D30^2)) | F30: =IF($B30="","",IFERROR(DEGREES(ATAN2($C30,$D30)),0)) | G30: =IF($B30="","",2*PI()*$B30) | H30: =IF($B30="","",2*PI()*$B30/$B$5) | I30: =IF($B30="","",$C30/$B$6) | J30: =IF($B30="","",$D30/$B$6)
A31: 24 | E31: =IF($B31="","",SQRT($C31^2+$D31^2)) | F31: =IF($B31="","",IFERROR(DEGREES(ATAN2($C31,$D31)),0)) | G31: =IF($B31="","",2*PI()*$B31) | H31: =IF($B31="","",2*PI()*$B31/$B$5) | I31: =IF($B31="","",$C31/$B$6) | J31: =IF($B31="","",$D31/$B$6)
A32: 25 | E32: =IF($B32="","",SQRT($C32^2+$D32^2)) | F32: =IF($B32="","",IFERROR(DEGREES(ATAN2($C32,$D32)),0)) | G32: =IF($B32="","",2*PI()*$B32) | H32: =IF($B32="","",2*PI()*$B32/$B$5) | I32: =IF($B32="","",$C32/$B$6) | J32: =IF($B32="","",$D32/$B$6)
A33: 26 | E33: =IF($B33="","",SQRT($C33^2+$D33^2)) | F33: =IF($B33="","",IFERROR(DEGREES(ATAN2($C33,$D33)),0)) | G33: =IF($B33="","",2*PI()*$B33) | H33: =IF($B33="","",2*PI()*$B33/$B$5) | I33: =IF($B33="","",$C33/$B$6) | J33: =IF($B33="","",$D33/$B$6)
A34: 27 | E34: =IF($B34="","",SQRT($C34^2+$D34^2)) | F34: =IF($B34="","",IFERROR(DEGREES(ATAN2($C34,$D34)),0)) | G34: =IF($B34="","",2*PI()*$B34) | H34: =IF($B34="","",2*PI()*$B34/$B$5) | I34: =IF($B34="","",$C34/$B$6) | J34: =IF($B34="","",$D34/$B$6)
A35: 28 | E35: =IF($B35="","",SQRT($C35^2+$D35^2)) | F35: =IF($B35="","",IFERROR(DEGREES(ATAN2($C35,$D35)),0)) | G35: =IF($B35="","",2*PI()*$B35) | H35: =IF($B35="","",2*PI()*$B35/$B$5) | I35: =IF($B35="","",$C35/$B$6) | J35: =IF($B35="","",$D35/$B$6)
A36: 29 | E36: =IF($B36="","",SQRT($C36^2+$D36^2)) | F36: =IF($B36="","",IFERROR(DEGREES(ATAN2($C36,$D36)),0)) | G36: =IF($B36="","",2*PI()*$B36) | H36: =IF($B36="","",2*PI()*$B36/$B$5) | I36: =IF($B36="","",$C36/$B$6) | J36: =IF($B36="","",$D36/$B$6)
A37: 30 | E37: =IF($B37="","",SQRT($C37^2+$D37^2)) | F37: =IF($B37="","",IFERROR(DEGREES(ATAN2($C37,$D37)),0)) | G37: =IF($B37="","",2*PI()*$B37) | H37: =IF($B37="","",2*PI()*$B37/$B$5) | I37: =IF($B37="","",$C37/$B$6) | J37: =IF($B37="","",$D37/$B$6)
A38: 31 | E38: =IF($B38="","",SQRT($C38^2+$D38^2)) | F38: =IF($B38="","",IFERROR(DEGREES(ATAN2($C38,$D38)),0)) | G38: =IF($B38="","",2*PI()*$B38) | H38: =IF($B38="","",2*PI()*$B38/$B$5) | I38: =IF($B38="","",$C38/$B$6) | J38: =IF($B38="","",$D38/$B$6)
A39: 32 | E39: =IF($B39="","",SQRT($C39^2+$D39^2)) | F39: =IF($B39="","",IFERROR(DEGREES(ATAN2($C39,$D39)),0)) | G39: =IF($B39="","",2*PI()*$B39) | H39: =IF($B39="","",2*PI()*$B39/$B$5) | I39: =IF($B39="","",$C39/$B$6) | J39: =IF($B39="","",$D39/$B$6)
A40: 33 | E40: =IF($B40="","",SQRT($C40^2+$D40^2)) | F40: =IF($B40="","",IFERROR(DEGREES(ATAN2($C40,$D40)),0)) | G40: =IF($B40="","",2*PI()*$B40) | H40: =IF($B40="","",2*PI()*$B40/$B$5) | I40: =IF($B40="","",$C40/$B$6) | J40: =IF($B40="","",$D40/$B$6)
... A127: 120 | E127: =IF($B127="","",SQRT($C127^2+$D127^2)) | F127: =IF($B127="","",IFERROR(DEGREES(ATAN2($C127,$D127)),0)) | G127: =IF($B127="","",2*PI()*$B127) | H127: =IF($B127="","",2*PI()*$B127/$B$5) | I127: =IF($B127="","",$C127/$B$6) | J127: =IF($B127="","",$D127/$B$6)

Sheet 04_モード数の確認
A1: ④ モード数の確認（山はいくつ？）
A2: ME'scope の手順①「Mode Indicator で山を数える」に相当。ここで決めたモード数が、後段の全ての前提になります。
A4: ■ しきい値の設定と判定
B5: ピーク判定のしきい値（|H|最大値に対する割合） | E5: 0.1 | G5: ← 0.10＝最大の10%以上の高さを持つ山だけを数える
B6: → 実際のしきい値 |H| | E6: =E5*MAX(C15:C134) -> 0.0018393173
B7: 検出されたピークの本数 | E7: =COUNTIF(F15:F134,"◀ ピーク") -> 2
B8: 判定 | E8: =IF(E7=0,"山なし。しきい値を下げてください",IF(E7=1,"1本 → 05の半値幅法で十分",IF(E7=2,"2本 → このブックの本命。06以降へ進む","3本以上 → 分母4次のRFPでは足りません。帯域を狭めるかPythonへ"))) -> 2本 → このブックの本命。06以降へ進む | G8: ← 3本以上のときは帯域を狭くして「2本ずつ」に区切るのが実務的な逃げ道です
B9: ピークの周波数一覧 | E9: =IF(E7=0,"－",_xlfn.TEXTJOIN(" / ",TRUE(),G15:G134)) -> 3480.0 Hz / 3520.0 Hz
A11: ■ 単一FRF用モードインジケータ（MIF）
B12: MIF = |Im(H)| ÷ |H| は共振でほぼ1に近づき、共振から外れると小さくなります。振幅の大小に左右されない山の数え方です。
B13: 🔴 本物の CMIF（複素モードインジケータ関数）は「複数参照のFRF行列を各周波数で特異値分解する」もので、Excel単体では組めません。ここは1点加振用の簡易版です。
A14: No. | B14: 周波数 f [Hz] | C14: 振幅 |H| | D14: 位相 [deg] | E14: MIF |Im|/|H| | F14: ピーク判定 | G14: ピーク周波数 | H14: 参考：Re(H) | I14: 参考：Im(H)
A15: =IF(03_FRFデータ貼付!B8="","",03_FRFデータ貼付!A8) -> 1 | B15: =IF(03_FRFデータ貼付!B8="","",03_FRFデータ貼付!B8) -> 3400 | C15: =IF(03_FRFデータ貼付!B8="","",03_FRFデータ貼付!E8) -> 0.003010432 | D15: =IF(03_FRFデータ貼付!B8="","",03_FRFデータ貼付!F8) -> 89.029301 | E15: =IF(OR(03_FRFデータ貼付!B8="",03_FRFデータ貼付!E8=0),"",ABS(03_FRFデータ貼付!D8)/03_FRFデータ貼付!E8) -> 0.99985649 | F15: ="" | G15: ="" | H15: =IF(03_FRFデータ貼付!B8="","",03_FRFデータ貼付!C8) -> 5.1e-05 | I15: =IF(03_FRFデータ貼付!B8="","",03_FRFデータ貼付!D8) -> 0.00301 | K15: 【使い方】
A16: =IF(03_FRFデータ貼付!B9="","",03_FRFデータ貼付!A9) -> 2 | B16: =IF(03_FRFデータ貼付!B9="","",03_FRFデータ貼付!B9) -> 3410 | C16: =IF(03_FRFデータ貼付!B9="","",03_FRFデータ貼付!E9) -> 0.003392275 | D16: =IF(03_FRFデータ貼付!B9="","",03_FRFデータ貼付!F9) -> 88.429026 | E16: =IF(OR(03_FRFデータ貼付!B9="",03_FRFデータ貼付!E9=0),"",ABS(03_FRFデータ貼付!D9)/03_FRFデータ貼付!E9) -> 0.99962413 | F16: =IF(OR(C16="",C15="",C17=""),"",IF(AND(C16>C15,C16>=C17,C16>=$E$6),"◀ ピーク","")) | G16: =IF(F16="◀ ピーク",TEXT(B16,"0.0")&" Hz","") | H16: =IF(03_FRFデータ貼付!B9="","",03_FRFデータ貼付!C9) -> 9.3e-05 | I16: =IF(03_FRFデータ貼付!B9="","",03_FRFデータ貼付!D9) -> 0.003391 | K16: ① まず E5 を 0.10 のままで本数を見る。
A17: =IF(03_FRFデータ貼付!B10="","",03_FRFデータ貼付!A10) -> 3 | B17: =IF(03_FRFデータ貼付!B10="","",03_FRFデータ貼付!B10) -> 3420 | C17: =IF(03_FRFデータ貼付!B10="","",03_FRFデータ貼付!E10) -> 0.003879384 | D17: =IF(03_FRFデータ貼付!B10="","",03_FRFデータ貼付!F10) -> 87.606678 | E17: =IF(OR(03_FRFデータ貼付!B10="",03_FRFデータ貼付!E10=0),"",ABS(03_FRFデータ貼付!D10)/03_FRFデータ貼付!E10) -> 0.9991277 | F17: =IF(OR(C17="",C16="",C18=""),"",IF(AND(C17>C16,C17>=C18,C17>=$E$6),"◀ ピーク","")) | G17: =IF(F17="◀ ピーク",TEXT(B17,"0.0")&" Hz","") | H17: =IF(03_FRFデータ貼付!B10="","",03_FRFデータ貼付!C10) -> 0.000162 | I17: =IF(03_FRFデータ貼付!B10="","",03_FRFデータ貼付!D10) -> 0.003876 | K17: ② ノイズを山と誤検出しているようなら E5 を 0.2〜0.3 に上げる。
A18: =IF(03_FRFデータ貼付!B11="","",03_FRFデータ貼付!A11) -> 4 | B18: =IF(03_FRFデータ貼付!B11="","",03_FRFデータ貼付!B11) -> 3430 | C18: =IF(03_FRFデータ貼付!B11="","",03_FRFデータ貼付!E11) -> 0.0045246719 | D18: =IF(03_FRFデータ貼付!B11="","",03_FRFデータ貼付!F11) -> 86.452102 | E18: =IF(OR(03_FRFデータ貼付!B11="",03_FRFデータ貼付!E11=0),"",ABS(03_FRFデータ貼付!D11)/03_FRFデータ貼付!E11) -> 0.99808341 | F18: =IF(OR(C18="",C17="",C19=""),"",IF(AND(C18>C17,C18>=C19,C18>=$E$6),"◀ ピーク","")) | G18: =IF(F18="◀ ピーク",TEXT(B18,"0.0")&" Hz","") | H18: =IF(03_FRFデータ貼付!B11="","",03_FRFデータ貼付!C11) -> 0.00028 | I18: =IF(03_FRFデータ貼付!B11="","",03_FRFデータ貼付!D11) -> 0.004516 | K18: ③ 小さい方の山を拾えていないなら 0.03〜0.05 に下げる。
A19: =IF(03_FRFデータ貼付!B12="","",03_FRFデータ貼付!A12) -> 5 | B19: =IF(03_FRFデータ貼付!B12="","",03_FRFデータ貼付!B12) -> 3440 | C19: =IF(03_FRFデータ貼付!B12="","",03_FRFデータ貼付!E12) -> 0.0054869402 | D19: =IF(03_FRFデータ貼付!B12="","",03_FRFデータ貼付!F12) -> 84.645799 | E19: =IF(OR(03_FRFデータ貼付!B12="",03_FRFデータ貼付!E12=0),"",ABS(03_FRFデータ貼付!D12)/03_FRFデータ貼付!E12) -> 0.99563687 | F19: =IF(OR(C19="",C18="",C20=""),"",IF(AND(C19>C18,C19>=C20,C19>=$E$6),"◀ ピーク","")) | G19: =IF(F19="◀ ピーク",TEXT(B19,"0.0")&" Hz","") | H19: =IF(03_FRFデータ貼付!B12="","",03_FRFデータ貼付!C12) -> 0.000512 | I19: =IF(03_FRFデータ貼付!B12="","",03_FRFデータ貼付!D12) -> 0.005463 | K19: ④ 本数が確定したら、G列に出た周波数を 08シートの B11・B12 に写す。
A20: =IF(03_FRFデータ貼付!B13="","",03_FRFデータ貼付!A13) -> 6 | B20: =IF(03_FRFデータ貼付!B13="","",03_FRFデータ貼付!B13) -> 3450 | C20: =IF(03_FRFデータ貼付!B13="","",03_FRFデータ貼付!E13) -> 0.006928894 | D20: =IF(03_FRFデータ貼付!B13="","",03_FRFデータ貼付!F13) -> 81.568184 | E20: =IF(OR(03_FRFデータ貼付!B13="",03_FRFデータ貼付!E13=0),"",ABS(03_FRFデータ貼付!D13)/03_FRFデータ貼付!E13) -> 0.98919106 | F20: =IF(OR(C20="",C19="",C21=""),"",IF(AND(C20>C19,C20>=C21,C20>=$E$6),"◀ ピーク","")) | G20: =IF(F20="◀ ピーク",TEXT(B20,"0.0")&" Hz","") | H20: =IF(03_FRFデータ貼付!B13="","",03_FRFデータ貼付!C13) -> 0.001016 | I20: =IF(03_FRFデータ貼付!B13="","",03_FRFデータ貼付!D13) -> 0.006854
A21: =IF(03_FRFデータ貼付!B14="","",03_FRFデータ貼付!A14) -> 7 | B21: =IF(03_FRFデータ貼付!B14="","",03_FRFデータ貼付!B14) -> 3460 | C21: =IF(03_FRFデータ貼付!B14="","",03_FRFデータ貼付!E14) -> 0.0093821876 | D21: =IF(03_FRFデータ貼付!B14="","",03_FRFデータ貼付!F14) -> 75.418691 | E21: =IF(OR(03_FRFデータ貼付!B14="",03_FRFデータ貼付!E14=0),"",ABS(03_FRFデータ貼付!D14)/03_FRFデータ貼付!E14) -> 0.96779135 | F21: =IF(OR(C21="",C20="",C22=""),"",IF(AND(C21>C20,C21>=C22,C21>=$E$6),"◀ ピーク","")) | G21: =IF(F21="◀ ピーク",TEXT(B21,"0.0")&" Hz","") | H21: =IF(03_FRFデータ貼付!B14="","",03_FRFデータ貼付!C14) -> 0.002362 | I21: =IF(03_FRFデータ貼付!B14="","",03_FRFデータ貼付!D14) -> 0.00908 | K21: 【なぜ本数が全ての前提なのか】
A22: =IF(03_FRFデータ貼付!B15="","",03_FRFデータ貼付!A15) -> 8 | B22: =IF(03_FRFデータ貼付!B15="","",03_FRFデータ貼付!B15) -> 3470 | C22: =IF(03_FRFデータ貼付!B15="","",03_FRFデータ貼付!E15) -> 0.014010102 | D22: =IF(03_FRFデータ貼付!B15="","",03_FRFデータ貼付!F15) -> 60.311424 | E22: =IF(OR(03_FRFデータ貼付!B15="",03_FRFデータ貼付!E15=0),"",ABS(03_FRFデータ貼付!D15)/03_FRFデータ貼付!E15) -> 0.86873028 | F22: =IF(OR(C22="",C21="",C23=""),"",IF(AND(C22>C21,C22>=C23,C22>=$E$6),"◀ ピーク","")) | G22: =IF(F22="◀ ピーク",TEXT(B22,"0.0")&" Hz","") | H22: =IF(03_FRFデータ貼付!B15="","",03_FRFデータ貼付!C15) -> 0.006939 | I22: =IF(03_FRFデータ貼付!B15="","",03_FRFデータ貼付!D15) -> 0.012171 | K22: RFP法は『分母を何次にするか』でモードの本数を決め打ちします。
A23: =IF(03_FRFデータ貼付!B16="","",03_FRFデータ貼付!A16) -> 9 | B23: =IF(03_FRFデータ貼付!B16="","",03_FRFデータ貼付!B16) -> 3480 | C23: =IF(03_FRFデータ貼付!B16="","",03_FRFデータ貼付!E16) -> 0.018393173 | D23: =IF(03_FRFデータ貼付!B16="","",03_FRFデータ貼付!F16) -> 22.703253 | E23: =IF(OR(03_FRFデータ貼付!B16="",03_FRFデータ貼付!E16=0),"",ABS(03_FRFデータ貼付!D16)/03_FRFデータ貼付!E16) -> 0.38595841 | F23: =IF(OR(C23="",C22="",C24=""),"",IF(AND(C23>C22,C23>=C24,C23>=$E$6),"◀ ピーク","")) -> ◀ ピーク | G23: =IF(F23="◀ ピーク",TEXT(B23,"0.0")&" Hz","") -> 3480.0 Hz | H23: =IF(03_FRFデータ貼付!B16="","",03_FRFデータ貼付!C16) -> 0.016968 | I23: =IF(03_FRFデータ貼付!B16="","",03_FRFデータ貼付!D16) -> 0.007099 | K23: 本数を間違えると、存在しないモードをでっち上げたり、
A24: =IF(03_FRFデータ貼付!B17="","",03_FRFデータ貼付!A17) -> 10 | B24: =IF(03_FRFデータ貼付!B17="","",03_FRFデータ貼付!B17) -> 3490 | C24: =IF(03_FRFデータ貼付!B17="","",03_FRFデータ貼付!E17) -> 0.012922512 | D24: =IF(03_FRFデータ貼付!B17="","",03_FRFデータ貼付!F17) -> -9.8245937 | E24: =IF(OR(03_FRFデータ貼付!B17="",03_FRFデータ貼付!E17=0),"",ABS(03_FRFデータ貼付!D17)/03_FRFデータ貼付!E17) -> 0.17063246 | F24: =IF(OR(C24="",C23="",C25=""),"",IF(AND(C24>C23,C24>=C25,C24>=$E$6),"◀ ピーク","")) | G24: =IF(F24="◀ ピーク",TEXT(B24,"0.0")&" Hz","") | H24: =IF(03_FRFデータ貼付!B17="","",03_FRFデータ貼付!C17) -> 0.012733 | I24: =IF(03_FRFデータ貼付!B17="","",03_FRFデータ貼付!D17) -> -0.002205 | K24: 実在するモードを1本に融合させたりします。
A25: =IF(03_FRFデータ貼付!B18="","",03_FRFデータ貼付!A18) -> 11 | B25: =IF(03_FRFデータ貼付!B18="","",03_FRFデータ貼付!B18) -> 3500 | C25: =IF(03_FRFデータ貼付!B18="","",03_FRFデータ貼付!E18) -> 0.0093765685 | D25: =IF(03_FRFデータ貼付!B18="","",03_FRFデータ貼付!F18) -> -11.10501 | E25: =IF(OR(03_FRFデータ貼付!B18="",03_FRFデータ貼付!E18=0),"",ABS(03_FRFデータ貼付!D18)/03_FRFデータ貼付!E18) -> 0.19260778 | F25: =IF(OR(C25="",C24="",C26=""),"",IF(AND(C25>C24,C25>=C26,C25>=$E$6),"◀ ピーク","")) | G25: =IF(F25="◀ ピーク",TEXT(B25,"0.0")&" Hz","") | H25: =IF(03_FRFデータ貼付!B18="","",03_FRFデータ貼付!C18) -> 0.009201 | I25: =IF(03_FRFデータ貼付!B18="","",03_FRFデータ貼付!D18) -> -0.001806 | K25: しかも“それらしい数字”は必ず出てしまうので、
A26: =IF(03_FRFデータ貼付!B19="","",03_FRFデータ貼付!A19) -> 12 | B26: =IF(03_FRFデータ貼付!B19="","",03_FRFデータ貼付!B19) -> 3510 | C26: =IF(03_FRFデータ貼付!B19="","",03_FRFデータ貼付!E19) -> 0.01027505 | D26: =IF(03_FRFデータ貼付!B19="","",03_FRFデータ貼付!F19) -> -8.5070532 | E26: =IF(OR(03_FRFデータ貼付!B19="",03_FRFデータ貼付!E19=0),"",ABS(03_FRFデータ貼付!D19)/03_FRFデータ貼付!E19) -> 0.14793116 | F26: =IF(OR(C26="",C25="",C27=""),"",IF(AND(C26>C25,C26>=C27,C26>=$E$6),"◀ ピーク","")) | G26: =IF(F26="◀ ピーク",TEXT(B26,"0.0")&" Hz","") | H26: =IF(03_FRFデータ貼付!B19="","",03_FRFデータ貼付!C19) -> 0.010162 | I26: =IF(03_FRFデータ貼付!B19="","",03_FRFデータ貼付!D19) -> -0.00152 | K26: 11シートの重ね描きで必ず検算してください。
A27: =IF(03_FRFデータ貼付!B20="","",03_FRFデータ貼付!A20) -> 13 | B27: =IF(03_FRFデータ貼付!B20="","",03_FRFデータ貼付!B20) -> 3520 | C27: =IF(03_FRFデータ貼付!B20="","",03_FRFデータ貼付!E20) -> 0.012505247 | D27: =IF(03_FRFデータ貼付!B20="","",03_FRFデータ貼付!F20) -> -27.343701 | E27: =IF(OR(03_FRFデータ貼付!B20="",03_FRFデータ貼付!E20=0),"",ABS(03_FRFデータ貼付!D20)/03_FRFデータ貼付!E20) -> 0.4593272 | F27: =IF(OR(C27="",C26="",C28=""),"",IF(AND(C27>C26,C27>=C28,C27>=$E$6),"◀ ピーク","")) -> ◀ ピーク | G27: =IF(F27="◀ ピーク",TEXT(B27,"0.0")&" Hz","") -> 3520.0 Hz | H27: =IF(03_FRFデータ貼付!B20="","",03_FRFデータ貼付!C20) -> 0.011108 | I27: =IF(03_FRFデータ貼付!B20="","",03_FRFデータ貼付!D20) -> -0.005744
A28: =IF(03_FRFデータ貼付!B21="","",03_FRFデータ貼付!A21) -> 14 | B28: =IF(03_FRFデータ貼付!B21="","",03_FRFデータ貼付!B21) -> 3530 | C28: =IF(03_FRFデータ貼付!B21="","",03_FRFデータ貼付!E21) -> 0.010822017 | D28: =IF(03_FRFデータ貼付!B21="","",03_FRFデータ貼付!F21) -> -53.230695 | E28: =IF(OR(03_FRFデータ貼付!B21="",03_FRFデータ貼付!E21=0),"",ABS(03_FRFデータ貼付!D21)/03_FRFデータ貼付!E21) -> 0.80105218 | F28: =IF(OR(C28="",C27="",C29=""),"",IF(AND(C28>C27,C28>=C29,C28>=$E$6),"◀ ピーク","")) | G28: =IF(F28="◀ ピーク",TEXT(B28,"0.0")&" Hz","") | H28: =IF(03_FRFデータ貼付!B21="","",03_FRFデータ貼付!C21) -> 0.006478 | I28: =IF(03_FRFデータ貼付!B21="","",03_FRFデータ貼付!D21) -> -0.008669
A29: =IF(03_FRFデータ貼付!B22="","",03_FRFデータ貼付!A22) -> 15 | B29: =IF(03_FRFデータ貼付!B22="","",03_FRFデータ貼付!B22) -> 3540 | C29: =IF(03_FRFデータ貼付!B22="","",03_FRFデータ貼付!E22) -> 0.008108501 | D29: =IF(03_FRFデータ貼付!B22="","",03_FRFデータ貼付!F22) -> -67.201307 | E29: =IF(OR(03_FRFデータ貼付!B22="",03_FRFデータ貼付!E22=0),"",ABS(03_FRFデータ貼付!D22)/03_FRFデータ貼付!E22) -> 0.92187199 | F29: =IF(OR(C29="",C28="",C30=""),"",IF(AND(C29>C28,C29>=C30,C29>=$E$6),"◀ ピーク","")) | G29: =IF(F29="◀ ピーク",TEXT(B29,"0.0")&" Hz","") | H29: =IF(03_FRFデータ貼付!B22="","",03_FRFデータ貼付!C22) -> 0.003142 | I29: =IF(03_FRFデータ貼付!B22="","",03_FRFデータ貼付!D22) -> -0.007475
A30: =IF(03_FRFデータ貼付!B23="","",03_FRFデータ貼付!A23) -> 16 | B30: =IF(03_FRFデータ貼付!B23="","",03_FRFデータ貼付!B23) -> 3550 | C30: =IF(03_FRFデータ貼付!B23="","",03_FRFデータ貼付!E23) -> 0.0063062839 | D30: =IF(03_FRFデータ貼付!B23="","",03_FRFデータ貼付!F23) -> -73.803757 | E30: =IF(OR(03_FRFデータ貼付!B23="",03_FRFデータ貼付!E23=0),"",ABS(03_FRFデータ貼付!D23)/03_FRFデータ貼付!E23) -> 0.96031198 | F30: =IF(OR(C30="",C29="",C31=""),"",IF(AND(C30>C29,C30>=C31,C30>=$E$6),"◀ ピーク","")) | G30: =IF(F30="◀ ピーク",TEXT(B30,"0.0")&" Hz","") | H30: =IF(03_FRFデータ貼付!B23="","",03_FRFデータ貼付!C23) -> 0.001759 | I30: =IF(03_FRFデータ貼付!B23="","",03_FRFデータ貼付!D23) -> -0.006056
A31: =IF(03_FRFデータ貼付!B24="","",03_FRFデータ貼付!A24) -> 17 | B31: =IF(03_FRFデータ貼付!B24="","",03_FRFデータ貼付!B24) -> 3560 | C31: =IF(03_FRFデータ貼付!B24="","",03_FRFデータ貼付!E24) -> 0.0051256594 | D31: =IF(03_FRFデータ貼付!B24="","",03_FRFデータ貼付!F24) -> -77.2869 | E31: =IF(OR(03_FRFデータ貼付!B24="",03_FRFデータ貼付!E24=0),"",ABS(03_FRFデータ貼付!D24)/03_FRFデータ貼付!E24) -> 0.97548425 | F31: =IF(OR(C31="",C30="",C32=""),"",IF(AND(C31>C30,C31>=C32,C31>=$E$6),"◀ ピーク","")) | G31: =IF(F31="◀ ピーク",TEXT(B31,"0.0")&" Hz","") | H31: =IF(03_FRFデータ貼付!B24="","",03_FRFデータ貼付!C24) -> 0.001128 | I31: =IF(03_FRFデータ貼付!B24="","",03_FRFデータ貼付!D24) -> -0.005
A32: =IF(03_FRFデータ貼付!B25="","",03_FRFデータ貼付!A25) -> 18 | B32: =IF(03_FRFデータ貼付!B25="","",03_FRFデータ貼付!B25) -> 3570 | C32: =IF(03_FRFデータ貼付!B25="","",03_FRFデータ貼付!E25) -> 0.0043201534 | D32: =IF(03_FRFデータ貼付!B25="","",03_FRFデータ貼付!F25) -> -79.368939 | E32: =IF(OR(03_FRFデータ貼付!B25="",03_FRFデータ貼付!E25=0),"",ABS(03_FRFデータ貼付!D25)/03_FRFデータ貼付!E25) -> 0.98283548 | F32: =IF(OR(C32="",C31="",C33=""),"",IF(AND(C32>C31,C32>=C33,C32>=$E$6),"◀ ピーク","")) | G32: =IF(F32="◀ ピーク",TEXT(B32,"0.0")&" Hz","") | H32: =IF(03_FRFデータ貼付!B25="","",03_FRFデータ貼付!C25) -> 0.000797 | I32: =IF(03_FRFデータ貼付!B25="","",03_FRFデータ貼付!D25) -> -0.004246
A33: =IF(03_FRFデータ貼付!B26="","",03_FRFデータ貼付!A26) -> 19 | B33: =IF(03_FRFデータ貼付!B26="","",03_FRFデータ貼付!B26) -> 3580 | C33: =IF(03_FRFデータ貼付!B26="","",03_FRFデータ貼付!E26) -> 0.0037368099 | D33: =IF(03_FRFデータ貼付!B26="","",03_FRFデータ貼付!F26) -> -80.729251 | E33: =IF(OR(03_FRFデータ貼付!B26="",03_FRFデータ貼付!E26=0),"",ABS(03_FRFデータ貼付!D26)/03_FRFデータ貼付!E26) -> 0.98693809 | F33: =IF(OR(C33="",C32="",C34=""),"",IF(AND(C33>C32,C33>=C34,C33>=$E$6),"◀ ピーク","")) | G33: =IF(F33="◀ ピーク",TEXT(B33,"0.0")&" Hz","") | H33: =IF(03_FRFデータ貼付!B26="","",03_FRFデータ貼付!C26) -> 0.000602 | I33: =IF(03_FRFデータ貼付!B26="","",03_FRFデータ貼付!D26) -> -0.003688
A34: =IF(03_FRFデータ貼付!B27="","",03_FRFデータ貼付!A27) -> 20 | B34: =IF(03_FRFデータ貼付!B27="","",03_FRFデータ貼付!B27) -> 3590 | C34: =IF(03_FRFデータ貼付!B27="","",03_FRFデータ貼付!E27) -> 0.0033017833 | D34: =IF(03_FRFデータ貼付!B27="","",03_FRFデータ貼付!F27) -> -81.676025 | E34: =IF(OR(03_FRFデータ貼付!B27="",03_FRFデータ貼付!E27=0),"",ABS(03_FRFデータ貼付!D27)/03_FRFデータ貼付!E27) -> 0.9894653 | F34: =IF(OR(C34="",C33="",C35=""),"",IF(AND(C34>C33,C34>=C35,C34>=$E$6),"◀ ピーク","")) | G34: =IF(F34="◀ ピーク",TEXT(B34,"0.0")&" Hz","") | H34: =IF(03_FRFデータ貼付!B27="","",03_FRFデータ貼付!C27) -> 0.000478 | I34: =IF(03_FRFデータ貼付!B27="","",03_FRFデータ貼付!D27) -> -0.003267
A35: =IF(03_FRFデータ貼付!B28="","",03_FRFデータ貼付!A28) -> 21 | B35: =IF(03_FRFデータ貼付!B28="","",03_FRFデータ貼付!B28) -> 3600 | C35: =IF(03_FRFデータ貼付!B28="","",03_FRFデータ貼付!E28) -> 0.0029592124 | D35: =IF(03_FRFデータ貼付!B28="","",03_FRFデータ貼付!F28) -> -82.368252 | E35: =IF(OR(03_FRFデータ貼付!B28="",03_FRFデータ貼付!E28=0),"",ABS(03_FRFデータ貼付!D28)/03_FRFデータ貼付!E28) -> 0.9911421 | F35: =IF(OR(C35="",C34="",C36=""),"",IF(AND(C35>C34,C35>=C36,C35>=$E$6),"◀ ピーク","")) | G35: =IF(F35="◀ ピーク",TEXT(B35,"0.0")&" Hz","") | H35: =IF(03_FRFデータ貼付!B28="","",03_FRFデータ貼付!C28) -> 0.000393 | I35: =IF(03_FRFデータ貼付!B28="","",03_FRFデータ貼付!D28) -> -0.002933
A36: =IF(03_FRFデータ貼付!B29="","",03_FRFデータ貼付!A29) | B36: =IF(03_FRFデータ貼付!B29="","",03_FRFデータ貼付!B29) | C36: =IF(03_FRFデータ貼付!B29="","",03_FRFデータ貼付!E29) | D36: =IF(03_FRFデータ貼付!B29="","",03_FRFデータ貼付!F29) | E36: =IF(OR(03_FRFデータ貼付!B29="",03_FRFデータ貼付!E29=0),"",ABS(03_FRFデータ貼付!D29)/03_FRFデータ貼付!E29) | F36: =IF(OR(C36="",C35="",C37=""),"",IF(AND(C36>C35,C36>=C37,C36>=$E$6),"◀ ピーク","")) | G36: =IF(F36="◀ ピーク",TEXT(B36,"0.0")&" Hz","") | H36: =IF(03_FRFデータ貼付!B29="","",03_FRFデータ貼付!C29) | I36: =IF(03_FRFデータ貼付!B29="","",03_FRFデータ貼付!D29)
A37: =IF(03_FRFデータ貼付!B30="","",03_FRFデータ貼付!A30) | B37: =IF(03_FRFデータ貼付!B30="","",03_FRFデータ貼付!B30) | C37: =IF(03_FRFデータ貼付!B30="","",03_FRFデータ貼付!E30) | D37: =IF(03_FRFデータ貼付!B30="","",03_FRFデータ貼付!F30) | E37: =IF(OR(03_FRFデータ貼付!B30="",03_FRFデータ貼付!E30=0),"",ABS(03_FRFデータ貼付!D30)/03_FRFデータ貼付!E30) | F37: =IF(OR(C37="",C36="",C38=""),"",IF(AND(C37>C36,C37>=C38,C37>=$E$6),"◀ ピーク","")) | G37: =IF(F37="◀ ピーク",TEXT(B37,"0.0")&" Hz","") | H37: =IF(03_FRFデータ貼付!B30="","",03_FRFデータ貼付!C30) | I37: =IF(03_FRFデータ貼付!B30="","",03_FRFデータ貼付!D30)
A38: =IF(03_FRFデータ貼付!B31="","",03_FRFデータ貼付!A31) | B38: =IF(03_FRFデータ貼付!B31="","",03_FRFデータ貼付!B31) | C38: =IF(03_FRFデータ貼付!B31="","",03_FRFデータ貼付!E31) | D38: =IF(03_FRFデータ貼付!B31="","",03_FRFデータ貼付!F31) | E38: =IF(OR(03_FRFデータ貼付!B31="",03_FRFデータ貼付!E31=0),"",ABS(03_FRFデータ貼付!D31)/03_FRFデータ貼付!E31) | F38: =IF(OR(C38="",C37="",C39=""),"",IF(AND(C38>C37,C38>=C39,C38>=$E$6),"◀ ピーク","")) | G38: =IF(F38="◀ ピーク",TEXT(B38,"0.0")&" Hz","") | H38: =IF(03_FRFデータ貼付!B31="","",03_FRFデータ貼付!C31) | I38: =IF(03_FRFデータ貼付!B31="","",03_FRFデータ貼付!D31)
... A133: =IF(03_FRFデータ貼付!B126="","",03_FRFデータ貼付!A126) | B133: =IF(03_FRFデータ貼付!B126="","",03_FRFデータ貼付!B126) | C133: =IF(03_FRFデータ貼付!B126="","",03_FRFデータ貼付!E126) | D133: =IF(03_FRFデータ貼付!B126="","",03_FRFデータ貼付!F126) | E133: =IF(OR(03_FRFデータ貼付!B126="",03_FRFデータ貼付!E126=0),"",ABS(03_FRFデータ貼付!D126)/03_FRFデータ貼付!E126) | F133: =IF(OR(C133="",C132="",C134=""),"",IF(AND(C133>C132,C133>=C134,C133>=$E$6),"◀ ピーク","")) | G133: =IF(F133="◀ ピーク",TEXT(B133,"0.0")&" Hz","") | H133: =IF(03_FRFデータ貼付!B126="","",03_FRFデータ貼付!C126) | I133: =IF(03_FRFデータ貼付!B126="","",03_FRFデータ貼付!D126)
A134: =IF(03_FRFデータ貼付!B127="","",03_FRFデータ貼付!A127) | B134: =IF(03_FRFデータ貼付!B127="","",03_FRFデータ貼付!B127) | C134: =IF(03_FRFデータ貼付!B127="","",03_FRFデータ貼付!E127) | D134: =IF(03_FRFデータ貼付!B127="","",03_FRFデータ貼付!F127) | E134: =IF(OR(03_FRFデータ貼付!B127="",03_FRFデータ貼付!E127=0),"",ABS(03_FRFデータ貼付!D127)/03_FRFデータ貼付!E127) | F134: ="" | G134: ="" | H134: =IF(03_FRFデータ貼付!B127="","",03_FRFデータ貼付!C127) | I134: =IF(03_FRFデータ貼付!B127="","",03_FRFデータ貼付!D127)

Sheet 05_半値幅法_SDOF
A1: ⑤ 半値幅法（はんちはばほう）｜一番簡単な方法で“当たり”を付ける
A2: 定規で山の幅を測るだけの方法。08シートのニュートン法に渡す初期値づくりとして使います。山が1本なら、これが最終答えでも構いません。
A4: ■ 自動計算（貼ったデータから最大ピークを1本だけ拾います）
B5: ピークの振幅 |H|max | E5: =MAX(03_FRFデータ貼付!E8:E127) -> 0.018393173
B6: ピーク周波数 fpeak [Hz] | E6: =INDEX(03_FRFデータ貼付!B8:B127,MATCH(E5,03_FRFデータ貼付!E8:E127,0)) -> 3480
B7: 半値レベル（-3dB）= |H|max ÷ √2 | E7: =E5/SQRT(2) -> 0.013005938
B8: 下側交点 f1 [Hz] | E8: =IF(COUNT(F28:F147)=0,"検出できず",MAX(F28:F147)) -> 3467.8302
B9: 上側交点 f2 [Hz] | E9: =IF(COUNT(G28:G147)=0,"検出できず",SMALL(G28:G147,1)) -> 3489.8475
B10: 半値幅 Δf3dB [Hz] | E10: =IFERROR(E9-E8,"") -> 22.017303
B11: 損失係数 η = Δf3dB ÷ fpeak | E11: =IFERROR(E10/E6,"") -> 0.0063268111
B12: 減衰比 ζ = η ÷ 2 | E12: =IFERROR(E11/2,"") -> 0.0031634056
B13: Q値 = 1 ÷ η | E13: =IFERROR(1/E11,"") -> 158.05751
B14: 減衰係数 σ [Hz]（＝半値幅の半分） | E14: =IFERROR(E10/2,"") -> 11.008651
B15: 減衰係数 σ [rad/s] | E15: =IFERROR(2*PI()*E14,"") -> 69.169397
A17: ■ 妥当性チェック（ここが一番大事）
B18: 検出されたピーク本数 | E18: =04_モード数の確認!E7 -> 2
B19: 半値幅法は使ってよい？ | E19: =IF(E18>1,"⚠ NG：山が2本以上あります。半値幅法の答えは信用しないでください（2つの山の合成を1本と誤読するため）。06以降のRFP法へ進んでください。","OK：孤立した1本の山なので半値幅法で妥当です。") -> ⚠ NG：山が2本以上あります。半値幅法の答えは信用しないでください（2つの山の合成を1本と誤読するため）。06以降のRFP法へ進んでください。
B20: 半値幅と Δf の比 | E20: =IFERROR(E10/03_FRFデータ貼付!H5,"") -> 2.2017303
B21: 分解能の判定 | E21: =IFERROR(IF(E20>=8,"OK（山の中に8点以上ある）","⚠ 点が粗すぎ。半値幅の中に最低8点は欲しい（Nを増やす／ズーム測定）"),"") -> ⚠ 点が粗すぎ。半値幅の中に最低8点は欲しい（Nを増やす／ズーム測定）
A23: ■ 08シートへ渡す初期値（ここをそのまま写してください）
B24: 山①のおよその周波数 [Hz] | E24: =IFERROR(IF(E18>=2,"04シートでピーク行を目視して読み取る",E6),"") -> 04シートでピーク行を目視して読み取る | I24: 2本ある時は 04シートの「◀ ピーク」が付いた行の周波数を2つ読み取り、08シートに手入力してください。
B25: 粗い η の推定値 | E25: =IFERROR(E11,"") -> 0.0063268111
A27: No. | B27: 周波数 f [Hz] | C27: 振幅 |H| | D27: 半値レベル比 |H|/半値 | E27: 上り/下り | F27: 下側交点 f1 （内挿） | G27: 上側交点 f2 （内挿） | H27: 備考
A28: =IF(03_FRFデータ貼付!B8="","",03_FRFデータ貼付!A8) -> 1 | B28: =IF(03_FRFデータ貼付!B8="","",03_FRFデータ貼付!B8) -> 3400 | C28: =IF(03_FRFデータ貼付!B8="","",03_FRFデータ貼付!E8) -> 0.003010432 | D28: =IF(OR(C28="",$E$7=0),"",C28/$E$7) -> 0.23146598 | E28: =IF(C28="","",IF(B28<$E$6,"上り","下り")) -> 上り | F28: =IF(OR(C28="",C29=""),"",IF(AND(B29<=$E$6,C28<$E$7,C29>=$E$7),B28+(B29-B28)*($E$7-C28)/(C29-C28),"")) | G28: =IF(OR(C28="",C29=""),"",IF(AND(B28>=$E$6,C28>=$E$7,C29<$E$7),B28+(B29-B28)*($E$7-C28)/(C29-C28),"")) | H28: =IF(F28<>"","← 下側の半値点",IF(G28<>"","← 上側の半値点",""))
A29: =IF(03_FRFデータ貼付!B9="","",03_FRFデータ貼付!A9) -> 2 | B29: =IF(03_FRFデータ貼付!B9="","",03_FRFデータ貼付!B9) -> 3410 | C29: =IF(03_FRFデータ貼付!B9="","",03_FRFデータ貼付!E9) -> 0.003392275 | D29: =IF(OR(C29="",$E$7=0),"",C29/$E$7) -> 0.26082511 | E29: =IF(C29="","",IF(B29<$E$6,"上り","下り")) -> 上り | F29: =IF(OR(C29="",C30=""),"",IF(AND(B30<=$E$6,C29<$E$7,C30>=$E$7),B29+(B30-B29)*($E$7-C29)/(C30-C29),"")) | G29: =IF(OR(C29="",C30=""),"",IF(AND(B29>=$E$6,C29>=$E$7,C30<$E$7),B29+(B30-B29)*($E$7-C29)/(C30-C29),"")) | H29: =IF(F29<>"","← 下側の半値点",IF(G29<>"","← 上側の半値点",""))
A30: =IF(03_FRFデータ貼付!B10="","",03_FRFデータ貼付!A10) -> 3 | B30: =IF(03_FRFデータ貼付!B10="","",03_FRFデータ貼付!B10) -> 3420 | C30: =IF(03_FRFデータ貼付!B10="","",03_FRFデータ貼付!E10) -> 0.003879384 | D30: =IF(OR(C30="",$E$7=0),"",C30/$E$7) -> 0.29827792 | E30: =IF(C30="","",IF(B30<$E$6,"上り","下り")) -> 上り | F30: =IF(OR(C30="",C31=""),"",IF(AND(B31<=$E$6,C30<$E$7,C31>=$E$7),B30+(B31-B30)*($E$7-C30)/(C31-C30),"")) | G30: =IF(OR(C30="",C31=""),"",IF(AND(B30>=$E$6,C30>=$E$7,C31<$E$7),B30+(B31-B30)*($E$7-C30)/(C31-C30),"")) | H30: =IF(F30<>"","← 下側の半値点",IF(G30<>"","← 上側の半値点",""))
A31: =IF(03_FRFデータ貼付!B11="","",03_FRFデータ貼付!A11) -> 4 | B31: =IF(03_FRFデータ貼付!B11="","",03_FRFデータ貼付!B11) -> 3430 | C31: =IF(03_FRFデータ貼付!B11="","",03_FRFデータ貼付!E11) -> 0.0045246719 | D31: =IF(OR(C31="",$E$7=0),"",C31/$E$7) -> 0.34789279 | E31: =IF(C31="","",IF(B31<$E$6,"上り","下り")) -> 上り | F31: =IF(OR(C31="",C32=""),"",IF(AND(B32<=$E$6,C31<$E$7,C32>=$E$7),B31+(B32-B31)*($E$7-C31)/(C32-C31),"")) | G31: =IF(OR(C31="",C32=""),"",IF(AND(B31>=$E$6,C31>=$E$7,C32<$E$7),B31+(B32-B31)*($E$7-C31)/(C32-C31),"")) | H31: =IF(F31<>"","← 下側の半値点",IF(G31<>"","← 上側の半値点",""))
A32: =IF(03_FRFデータ貼付!B12="","",03_FRFデータ貼付!A12) -> 5 | B32: =IF(03_FRFデータ貼付!B12="","",03_FRFデータ貼付!B12) -> 3440 | C32: =IF(03_FRFデータ貼付!B12="","",03_FRFデータ貼付!E12) -> 0.0054869402 | D32: =IF(OR(C32="",$E$7=0),"",C32/$E$7) -> 0.42187964 | E32: =IF(C32="","",IF(B32<$E$6,"上り","下り")) -> 上り | F32: =IF(OR(C32="",C33=""),"",IF(AND(B33<=$E$6,C32<$E$7,C33>=$E$7),B32+(B33-B32)*($E$7-C32)/(C33-C32),"")) | G32: =IF(OR(C32="",C33=""),"",IF(AND(B32>=$E$6,C32>=$E$7,C33<$E$7),B32+(B33-B32)*($E$7-C32)/(C33-C32),"")) | H32: =IF(F32<>"","← 下側の半値点",IF(G32<>"","← 上側の半値点",""))
A33: =IF(03_FRFデータ貼付!B13="","",03_FRFデータ貼付!A13) -> 6 | B33: =IF(03_FRFデータ貼付!B13="","",03_FRFデータ貼付!B13) -> 3450 | C33: =IF(03_FRFデータ貼付!B13="","",03_FRFデータ貼付!E13) -> 0.006928894 | D33: =IF(OR(C33="",$E$7=0),"",C33/$E$7) -> 0.53274852 | E33: =IF(C33="","",IF(B33<$E$6,"上り","下り")) -> 上り | F33: =IF(OR(C33="",C34=""),"",IF(AND(B34<=$E$6,C33<$E$7,C34>=$E$7),B33+(B34-B33)*($E$7-C33)/(C34-C33),"")) | G33: =IF(OR(C33="",C34=""),"",IF(AND(B33>=$E$6,C33>=$E$7,C34<$E$7),B33+(B34-B33)*($E$7-C33)/(C34-C33),"")) | H33: =IF(F33<>"","← 下側の半値点",IF(G33<>"","← 上側の半値点",""))
A34: =IF(03_FRFデータ貼付!B14="","",03_FRFデータ貼付!A14) -> 7 | B34: =IF(03_FRFデータ貼付!B14="","",03_FRFデータ貼付!B14) -> 3460 | C34: =IF(03_FRFデータ貼付!B14="","",03_FRFデータ貼付!E14) -> 0.0093821876 | D34: =IF(OR(C34="",$E$7=0),"",C34/$E$7) -> 0.72137726 | E34: =IF(C34="","",IF(B34<$E$6,"上り","下り")) -> 上り | F34: =IF(OR(C34="",C35=""),"",IF(AND(B35<=$E$6,C34<$E$7,C35>=$E$7),B34+(B35-B34)*($E$7-C34)/(C35-C34),"")) -> 3467.8302 | G34: =IF(OR(C34="",C35=""),"",IF(AND(B34>=$E$6,C34>=$E$7,C35<$E$7),B34+(B35-B34)*($E$7-C34)/(C35-C34),"")) | H34: =IF(F34<>"","← 下側の半値点",IF(G34<>"","← 上側の半値点","")) -> ← 下側の半値点
A35: =IF(03_FRFデータ貼付!B15="","",03_FRFデータ貼付!A15) -> 8 | B35: =IF(03_FRFデータ貼付!B15="","",03_FRFデータ貼付!B15) -> 3470 | C35: =IF(03_FRFデータ貼付!B15="","",03_FRFデータ貼付!E15) -> 0.014010102 | D35: =IF(OR(C35="",$E$7=0),"",C35/$E$7) -> 1.0772082 | E35: =IF(C35="","",IF(B35<$E$6,"上り","下り")) -> 上り | F35: =IF(OR(C35="",C36=""),"",IF(AND(B36<=$E$6,C35<$E$7,C36>=$E$7),B35+(B36-B35)*($E$7-C35)/(C36-C35),"")) | G35: =IF(OR(C35="",C36=""),"",IF(AND(B35>=$E$6,C35>=$E$7,C36<$E$7),B35+(B36-B35)*($E$7-C35)/(C36-C35),"")) | H35: =IF(F35<>"","← 下側の半値点",IF(G35<>"","← 上側の半値点",""))
A36: =IF(03_FRFデータ貼付!B16="","",03_FRFデータ貼付!A16) -> 9 | B36: =IF(03_FRFデータ貼付!B16="","",03_FRFデータ貼付!B16) -> 3480 | C36: =IF(03_FRFデータ貼付!B16="","",03_FRFデータ貼付!E16) -> 0.018393173 | D36: =IF(OR(C36="",$E$7=0),"",C36/$E$7) -> 1.4142136 | E36: =IF(C36="","",IF(B36<$E$6,"上り","下り")) -> 下り | F36: =IF(OR(C36="",C37=""),"",IF(AND(B37<=$E$6,C36<$E$7,C37>=$E$7),B36+(B37-B36)*($E$7-C36)/(C37-C36),"")) | G36: =IF(OR(C36="",C37=""),"",IF(AND(B36>=$E$6,C36>=$E$7,C37<$E$7),B36+(B37-B36)*($E$7-C36)/(C37-C36),"")) -> 3489.8475 | H36: =IF(F36<>"","← 下側の半値点",IF(G36<>"","← 上側の半値点","")) -> ← 上側の半値点
A37: =IF(03_FRFデータ貼付!B17="","",03_FRFデータ貼付!A17) -> 10 | B37: =IF(03_FRFデータ貼付!B17="","",03_FRFデータ貼付!B17) -> 3490 | C37: =IF(03_FRFデータ貼付!B17="","",03_FRFデータ貼付!E17) -> 0.012922512 | D37: =IF(OR(C37="",$E$7=0),"",C37/$E$7) -> 0.99358557 | E37: =IF(C37="","",IF(B37<$E$6,"上り","下り")) -> 下り | F37: =IF(OR(C37="",C38=""),"",IF(AND(B38<=$E$6,C37<$E$7,C38>=$E$7),B37+(B38-B37)*($E$7-C37)/(C38-C37),"")) | G37: =IF(OR(C37="",C38=""),"",IF(AND(B37>=$E$6,C37>=$E$7,C38<$E$7),B37+(B38-B37)*($E$7-C37)/(C38-C37),"")) | H37: =IF(F37<>"","← 下側の半値点",IF(G37<>"","← 上側の半値点",""))
A38: =IF(03_FRFデータ貼付!B18="","",03_FRFデータ貼付!A18) -> 11 | B38: =IF(03_FRFデータ貼付!B18="","",03_FRFデータ貼付!B18) -> 3500 | C38: =IF(03_FRFデータ貼付!B18="","",03_FRFデータ貼付!E18) -> 0.0093765685 | D38: =IF(OR(C38="",$E$7=0),"",C38/$E$7) -> 0.72094522 | E38: =IF(C38="","",IF(B38<$E$6,"上り","下り")) -> 下り | F38: =IF(OR(C38="",C39=""),"",IF(AND(B39<=$E$6,C38<$E$7,C39>=$E$7),B38+(B39-B38)*($E$7-C38)/(C39-C38),"")) | G38: =IF(OR(C38="",C39=""),"",IF(AND(B38>=$E$6,C38>=$E$7,C39<$E$7),B38+(B39-B38)*($E$7-C38)/(C39-C38),"")) | H38: =IF(F38<>"","← 下側の半値点",IF(G38<>"","← 上側の半値点",""))
A39: =IF(03_FRFデータ貼付!B19="","",03_FRFデータ貼付!A19) -> 12 | B39: =IF(03_FRFデータ貼付!B19="","",03_FRFデータ貼付!B19) -> 3510 | C39: =IF(03_FRFデータ貼付!B19="","",03_FRFデータ貼付!E19) -> 0.01027505 | D39: =IF(OR(C39="",$E$7=0),"",C39/$E$7) -> 0.79002759 | E39: =IF(C39="","",IF(B39<$E$6,"上り","下り")) -> 下り | F39: =IF(OR(C39="",C40=""),"",IF(AND(B40<=$E$6,C39<$E$7,C40>=$E$7),B39+(B40-B39)*($E$7-C39)/(C40-C39),"")) | G39: =IF(OR(C39="",C40=""),"",IF(AND(B39>=$E$6,C39>=$E$7,C40<$E$7),B39+(B40-B39)*($E$7-C39)/(C40-C39),"")) | H39: =IF(F39<>"","← 下側の半値点",IF(G39<>"","← 上側の半値点",""))
... A146: =IF(03_FRFデータ貼付!B126="","",03_FRFデータ貼付!A126) | B146: =IF(03_FRFデータ貼付!B126="","",03_FRFデータ貼付!B126) | C146: =IF(03_FRFデータ貼付!B126="","",03_FRFデータ貼付!E126) | D146: =IF(OR(C146="",$E$7=0),"",C146/$E$7) | E146: =IF(C146="","",IF(B146<$E$6,"上り","下り")) | F146: =IF(OR(C146="",C147=""),"",IF(AND(B147<=$E$6,C146<$E$7,C147>=$E$7),B146+(B147-B146)*($E$7-C146)/(C147-C146),"")) | G146: =IF(OR(C146="",C147=""),"",IF(AND(B146>=$E$6,C146>=$E$7,C147<$E$7),B146+(B147-B146)*($E$7-C146)/(C147-C146),"")) | H146: =IF(F146<>"","← 下側の半値点",IF(G146<>"","← 上側の半値点",""))
A147: =IF(03_FRFデータ貼付!B127="","",03_FRFデータ貼付!A127) | B147: =IF(03_FRFデータ貼付!B127="","",03_FRFデータ貼付!B127) | C147: =IF(03_FRFデータ貼付!B127="","",03_FRFデータ貼付!E127) | D147: =IF(OR(C147="",$E$7=0),"",C147/$E$7) | E147: =IF(C147="","",IF(B147<$E$6,"上り","下り")) | F147: ="" | G147: ="" | H147: =IF(F147<>"","← 下側の半値点",IF(G147<>"","← 上側の半値点",""))

Sheet 06_RFP設計行列
A1: ⑥ RFP（有理多項式）法の設計行列｜自動生成・入力不要
A2: FRFを『分子の多項式 ÷ 分母の多項式』に当てはめる連立方程式の“材料”です。1点につき実部・虚部の2本の式ができます。
A4: ■ 当てはめるモデル式
B5: H(Ω) = [ b0 + b1(jΩ) + b2(jΩ)² + b3(jΩ)³ ] ÷ [ a0 + a1(jΩ) + a2(jΩ)² + a3(jΩ)³ + (jΩ)⁴ ]
B6: 分母を4次にするのが肝。4次方程式の根は4つ＝複素共役ペアが2組＝モードが2つ。だから“双子モード”を数式ごと分離できます。
B7: 両辺に分母を掛けると、未知数 b0〜b3, a0〜a3 について完全に1次（線形）の式になります。だから最小二乗法で一発で解けます。
B8: 空白行（データ未入力の行）は係数も右辺も全部0にしてあるので、何点貼っても範囲を書き換える必要はありません。
A10: 種別 | B10: 点番号 | C10: 有効 | D10: Ω 正規化角周波数 | E10: Re(Hn) | F10: Im(Hn) | G10: b0の係数 | H10: b1の係数 | I10: b2の係数 | J10: b3の係数 | K10: a0の係数 | L10: a1の係数 | M10: a2の係数 | N10: a3の係数 | O10: 右辺 RHS
A11: ="実部" -> 実部 | B11: =IF(03_FRFデータ貼付!B8="","",03_FRFデータ貼付!A8) -> 1 | C11: =IF(AND(03_FRFデータ貼付!B8<>"",03_FRFデータ貼付!C8<>"",03_FRFデータ貼付!D8<>""),1,0) -> 1 | D11: =IF($C11=0,0,03_FRFデータ貼付!H8) -> 0.97142857 | E11: =IF($C11=0,0,03_FRFデータ貼付!I8) -> 0.0027727679 | F11: =IF($C11=0,0,03_FRFデータ貼付!J8) -> 0.16364767 | G11: =$C11*1 -> 1 | H11: =0 -> 0 | I11: =-$C11*$D11^2 -> -0.94367347 | J11: =0 -> 0 | K11: =-$C11*$E11 -> -0.0027727679 | L11: =$C11*$D11*$F11 -> 0.15897202 | M11: =$C11*$D11^2*$E11 -> 0.0026165875 | N11: =-$C11*$D11^3*$F11 -> -0.15001768 | O11: =$C11*$D11^4*$E11 -> 0.0024692042 | Q11: 【実部の式】b0 −b2Ω² −a0·Re −(−a1Ω·Im) + a2Ω²Re − a3Ω³Im = Ω⁴·Re
A12: ="実部" -> 実部 | B12: =IF(03_FRFデータ貼付!B9="","",03_FRFデータ貼付!A9) -> 2 | C12: =IF(AND(03_FRFデータ貼付!B9<>"",03_FRFデータ貼付!C9<>"",03_FRFデータ貼付!D9<>""),1,0) -> 1 | D12: =IF($C12=0,0,03_FRFデータ貼付!H9) -> 0.97428571 | E12: =IF($C12=0,0,03_FRFデータ貼付!I9) -> 0.0050562238 | F12: =IF($C12=0,0,03_FRFデータ貼付!J9) -> 0.18436188 | G12: =$C12*1 -> 1 | H12: =0 -> 0 | I12: =-$C12*$D12^2 -> -0.94923265 | J12: =0 -> 0 | K12: =-$C12*$E12 -> -0.0050562238 | L12: =$C12*$D12*$F12 -> 0.17962115 | M12: =$C12*$D12^2*$E12 -> 0.0047995327 | N12: =-$C12*$D12^3*$F12 -> -0.17050226 | O12: =$C12*$D12^4*$E12 -> 0.0045558732 | Q12: 【虚部の式】b1Ω −b3Ω³ −a0·Im −a1Ω·Re + a2Ω²Im + a3Ω³Re = Ω⁴·Im
A13: ="実部" -> 実部 | B13: =IF(03_FRFデータ貼付!B10="","",03_FRFデータ貼付!A10) -> 3 | C13: =IF(AND(03_FRFデータ貼付!B10<>"",03_FRFデータ貼付!C10<>"",03_FRFデータ貼付!D10<>""),1,0) -> 1 | D13: =IF($C13=0,0,03_FRFデータ貼付!H10) -> 0.97714286 | E13: =IF($C13=0,0,03_FRFデータ貼付!I10) -> 0.0088076156 | F13: =IF($C13=0,0,03_FRFデータ貼付!J10) -> 0.21073036 | G13: =$C13*1 -> 1 | H13: =0 -> 0 | I13: =-$C13*$D13^2 -> -0.95480816 | J13: =0 -> 0 | K13: =-$C13*$E13 -> -0.0088076156 | L13: =$C13*$D13*$F13 -> 0.20591366 | M13: =$C13*$D13^2*$E13 -> 0.0084095833 | N13: =-$C13*$D13^3*$F13 -> -0.19660805 | O13: =$C13*$D13^4*$E13 -> 0.0080295387
A14: ="実部" -> 実部 | B14: =IF(03_FRFデータ貼付!B11="","",03_FRFデータ貼付!A11) -> 4 | C14: =IF(AND(03_FRFデータ貼付!B11<>"",03_FRFデータ貼付!C11<>"",03_FRFデータ貼付!D11<>""),1,0) -> 1 | D14: =IF($C14=0,0,03_FRFデータ貼付!H11) -> 0.98 | E14: =IF($C14=0,0,03_FRFデータ貼付!I11) -> 0.015223039 | F14: =IF($C14=0,0,03_FRFデータ貼付!J11) -> 0.24552588 | G14: =$C14*1 -> 1 | H14: =0 -> 0 | I14: =-$C14*$D14^2 -> -0.9604 | J14: =0 -> 0 | K14: =-$C14*$E14 -> -0.015223039 | L14: =$C14*$D14*$F14 -> 0.24061536 | M14: =$C14*$D14^2*$E14 -> 0.014620207 | N14: =-$C14*$D14^3*$F14 -> -0.23108699 | O14: =$C14*$D14^4*$E14 -> 0.014041247 | Q14: ※ Ω＝2πf/ωref（正規化角周波数）、Hn＝H/Href（正規化FRF）。
A15: ="実部" -> 実部 | B15: =IF(03_FRFデータ貼付!B12="","",03_FRFデータ貼付!A12) -> 5 | C15: =IF(AND(03_FRFデータ貼付!B12<>"",03_FRFデータ貼付!C12<>"",03_FRFデータ貼付!D12<>""),1,0) -> 1 | D15: =IF($C15=0,0,03_FRFデータ貼付!H12) -> 0.98285714 | E15: =IF($C15=0,0,03_FRFデータ貼付!I12) -> 0.027836415 | F15: =IF($C15=0,0,03_FRFデータ貼付!J12) -> 0.29701237 | G15: =$C15*1 -> 1 | H15: =0 -> 0 | I15: =-$C15*$D15^2 -> -0.96600816 | J15: =0 -> 0 | K15: =-$C15*$E15 -> -0.027836415 | L15: =$C15*$D15*$F15 -> 0.29192073 | M15: =$C15*$D15^2*$E15 -> 0.026890204 | N15: =-$C15*$D15^3*$F15 -> -0.28199781 | O15: =$C15*$D15^4*$E15 -> 0.025976156 | Q15: ※ 周波数と振幅の両方を1前後に正規化することで、行列の条件数が約1.6×10⁹ → 5.8×10⁵ に改善します（Pythonで検証済み🟢）。
A16: ="実部" -> 実部 | B16: =IF(03_FRFデータ貼付!B13="","",03_FRFデータ貼付!A13) -> 6 | C16: =IF(AND(03_FRFデータ貼付!B13<>"",03_FRFデータ貼付!C13<>"",03_FRFデータ貼付!D13<>""),1,0) -> 1 | D16: =IF($C16=0,0,03_FRFデータ貼付!H13) -> 0.98571429 | E16: =IF($C16=0,0,03_FRFデータ貼付!I13) -> 0.055237885 | F16: =IF($C16=0,0,03_FRFデータ貼付!J13) -> 0.37263825 | G16: =$C16*1 -> 1 | H16: =0 -> 0 | I16: =-$C16*$D16^2 -> -0.97163265 | J16: =0 -> 0 | K16: =-$C16*$E16 -> -0.055237885 | L16: =$C16*$D16*$F16 -> 0.36731485 | M16: =$C16*$D16^2*$E16 -> 0.053670933 | N16: =-$C16*$D16^3*$F16 -> -0.3568951 | O16: =$C16*$D16^4*$E16 -> 0.052148431
A17: ="実部" -> 実部 | B17: =IF(03_FRFデータ貼付!B14="","",03_FRFデータ貼付!A14) -> 7 | C17: =IF(AND(03_FRFデータ貼付!B14<>"",03_FRFデータ貼付!C14<>"",03_FRFデータ貼付!D14<>""),1,0) -> 1 | D17: =IF($C17=0,0,03_FRFデータ貼付!H14) -> 0.98857143 | E17: =IF($C17=0,0,03_FRFデータ貼付!I14) -> 0.12841721 | F17: =IF($C17=0,0,03_FRFデータ貼付!J14) -> 0.49366142 | G17: =$C17*1 -> 1 | H17: =0 -> 0 | I17: =-$C17*$D17^2 -> -0.97727347 | J17: =0 -> 0 | K17: =-$C17*$E17 -> -0.12841721 | L17: =$C17*$D17*$F17 -> 0.48801957 | M17: =$C17*$D17^2*$E17 -> 0.12549873 | N17: =-$C17*$D17^3*$F17 -> -0.47692858 | O17: =$C17*$D17^4*$E17 -> 0.12264658
A18: ="実部" -> 実部 | B18: =IF(03_FRFデータ貼付!B15="","",03_FRFデータ貼付!A15) -> 8 | C18: =IF(AND(03_FRFデータ貼付!B15<>"",03_FRFデータ貼付!C15<>"",03_FRFデータ貼付!D15<>""),1,0) -> 1 | D18: =IF($C18=0,0,03_FRFデータ貼付!H15) -> 0.99142857 | E18: =IF($C18=0,0,03_FRFデータ貼付!I15) -> 0.37725953 | F18: =IF($C18=0,0,03_FRFデータ貼付!J15) -> 0.6617129 | G18: =$C18*1 -> 1 | H18: =0 -> 0 | I18: =-$C18*$D18^2 -> -0.98293061 | J18: =0 -> 0 | K18: =-$C18*$E18 -> -0.37725953 | L18: =$C18*$D18*$F18 -> 0.65604107 | M18: =$C18*$D18^2*$E18 -> 0.37081994 | N18: =-$C18*$D18^3*$F18 -> -0.64484285 | O18: =$C18*$D18^4*$E18 -> 0.36449028
A19: ="実部" -> 実部 | B19: =IF(03_FRFデータ貼付!B16="","",03_FRFデータ貼付!A16) -> 9 | C19: =IF(AND(03_FRFデータ貼付!B16<>"",03_FRFデータ貼付!C16<>"",03_FRFデータ貼付!D16<>""),1,0) -> 1 | D19: =IF($C19=0,0,03_FRFデータ貼付!H16) -> 0.99428571 | E19: =IF($C19=0,0,03_FRFデータ貼付!I16) -> 0.92251618 | F19: =IF($C19=0,0,03_FRFデータ貼付!J16) -> 0.38595841 | G19: =$C19*1 -> 1 | H19: =0 -> 0 | I19: =-$C19*$D19^2 -> -0.98860408 | J19: =0 -> 0 | K19: =-$C19*$E19 -> -0.92251618 | L19: =$C19*$D19*$F19 -> 0.38375294 | M19: =$C19*$D19^2*$E19 -> 0.91200326 | N19: =-$C19*$D19^3*$F19 -> -0.37937972 | O19: =$C19*$D19^4*$E19 -> 0.90161015
A20: ="実部" -> 実部 | B20: =IF(03_FRFデータ貼付!B17="","",03_FRFデータ貼付!A17) -> 10 | C20: =IF(AND(03_FRFデータ貼付!B17<>"",03_FRFデータ貼付!C17<>"",03_FRFデータ貼付!D17<>""),1,0) -> 1 | D20: =IF($C20=0,0,03_FRFデータ貼付!H17) -> 0.99714286 | E20: =IF($C20=0,0,03_FRFデータ貼付!I17) -> 0.69226771 | F20: =IF($C20=0,0,03_FRFデータ貼付!J17) -> -0.11988143 | G20: =$C20*1 -> 1 | H20: =0 -> 0 | I20: =-$C20*$D20^2 -> -0.99429388 | J20: =0 -> 0 | K20: =-$C20*$E20 -> -0.69226771 | L20: =$C20*$D20*$F20 -> -0.11953892 | M20: =$C20*$D20^2*$E20 -> 0.68831755 | N20: =-$C20*$D20^3*$F20 -> 0.11885681 | O20: =$C20*$D20^4*$E20 -> 0.68438992
A21: ="実部" -> 実部 | B21: =IF(03_FRFデータ貼付!B18="","",03_FRFデータ貼付!A18) -> 11 | C21: =IF(AND(03_FRFデータ貼付!B18<>"",03_FRFデータ貼付!C18<>"",03_FRFデータ貼付!D18<>""),1,0) -> 1 | D21: =IF($C21=0,0,03_FRFデータ貼付!H18) -> 1 | E21: =IF($C21=0,0,03_FRFデータ貼付!I18) -> 0.50023994 | F21: =IF($C21=0,0,03_FRFデータ貼付!J18) -> -0.098188603 | G21: =$C21*1 -> 1 | H21: =0 -> 0 | I21: =-$C21*$D21^2 -> -1 | J21: =0 -> 0 | K21: =-$C21*$E21 -> -0.50023994 | L21: =$C21*$D21*$F21 -> -0.098188603 | M21: =$C21*$D21^2*$E21 -> 0.50023994 | N21: =-$C21*$D21^3*$F21 -> 0.098188603 | O21: =$C21*$D21^4*$E21 -> 0.50023994
A22: ="実部" -> 実部 | B22: =IF(03_FRFデータ貼付!B19="","",03_FRFデータ貼付!A19) -> 12 | C22: =IF(AND(03_FRFデータ貼付!B19<>"",03_FRFデータ貼付!C19<>"",03_FRFデータ貼付!D19<>""),1,0) -> 1 | D22: =IF($C22=0,0,03_FRFデータ貼付!H19) -> 1.0028571 | E22: =IF($C22=0,0,03_FRFデータ貼付!I19) -> 0.55248759 | F22: =IF($C22=0,0,03_FRFデータ貼付!J19) -> -0.082639356 | G22: =$C22*1 -> 1 | H22: =0 -> 0 | I22: =-$C22*$D22^2 -> -1.0057224 | J22: =0 -> 0 | K22: =-$C22*$E22 -> -0.55248759 | L22: =$C22*$D22*$F22 -> -0.082875469 | M22: =$C22*$D22^2*$E22 -> 0.55564917 | N22: =-$C22*$D22^3*$F22 -> 0.083349719 | O22: =$C22*$D22^4*$E22 -> 0.55882885
A23: ="実部" -> 実部 | B23: =IF(03_FRFデータ貼付!B20="","",03_FRFデータ貼付!A20) -> 13 | C23: =IF(AND(03_FRFデータ貼付!B20<>"",03_FRFデータ貼付!C20<>"",03_FRFデータ貼付!D20<>""),1,0) -> 1 | D23: =IF($C23=0,0,03_FRFデータ貼付!H20) -> 1.0057143 | E23: =IF($C23=0,0,03_FRFデータ貼付!I20) -> 0.60391972 | F23: =IF($C23=0,0,03_FRFデータ貼付!J20) -> -0.31228978 | G23: =$C23*1 -> 1 | H23: =0 -> 0 | I23: =-$C23*$D23^2 -> -1.0114612 | J23: =0 -> 0 | K23: =-$C23*$E23 -> -0.60391972 | L23: =$C23*$D23*$F23 -> -0.31407429 | M23: =$C23*$D23^2*$E23 -> 0.61084137 | N23: =-$C23*$D23^3*$F23 -> 0.31767397 | O23: =$C23*$D23^4*$E23 -> 0.61784236
A24: ="実部" -> 実部 | B24: =IF(03_FRFデータ貼付!B21="","",03_FRFデータ貼付!A21) -> 14 | C24: =IF(AND(03_FRFデータ貼付!B21<>"",03_FRFデータ貼付!C21<>"",03_FRFデータ貼付!D21<>""),1,0) -> 1 | D24: =IF($C24=0,0,03_FRFデータ貼付!H21) -> 1.0085714 | E24: =IF($C24=0,0,03_FRFデータ貼付!I21) -> 0.35219589 | F24: =IF($C24=0,0,03_FRFデータ貼付!J21) -> -0.47131617 | G24: =$C24*1 -> 1 | H24: =0 -> 0 | I24: =-$C24*$D24^2 -> -1.0172163 | J24: =0 -> 0 | K24: =-$C24*$E24 -> -0.35219589 | L24: =$C24*$D24*$F24 -> -0.47535602 | M24: =$C24*$D24^2*$E24 -> 0.35825941 | N24: =-$C24*$D24^3*$F24 -> 0.48353991 | O24: =$C24*$D24^4*$E24 -> 0.36442732
A25: ="実部" -> 実部 | B25: =IF(03_FRFデータ貼付!B22="","",03_FRFデータ貼付!A22) -> 15 | C25: =IF(AND(03_FRFデータ貼付!B22<>"",03_FRFデータ貼付!C22<>"",03_FRFデータ貼付!D22<>""),1,0) -> 1 | D25: =IF($C25=0,0,03_FRFデータ貼付!H22) -> 1.0114286 | E25: =IF($C25=0,0,03_FRFデータ貼付!I22) -> 0.17082425 | F25: =IF($C25=0,0,03_FRFデータ貼付!J22) -> -0.40640078 | G25: =$C25*1 -> 1 | H25: =0 -> 0 | I25: =-$C25*$D25^2 -> -1.0229878 | J25: =0 -> 0 | K25: =-$C25*$E25 -> -0.17082425 | L25: =$C25*$D25*$F25 -> -0.41104536 | M25: =$C25*$D25^2*$E25 -> 0.17475111 | N25: =-$C25*$D25^3*$F25 -> 0.42049437 | O25: =$C25*$D25^4*$E25 -> 0.17876825
A26: ="実部" -> 実部 | B26: =IF(03_FRFデータ貼付!B23="","",03_FRFデータ貼付!A23) -> 16 | C26: =IF(AND(03_FRFデータ貼付!B23<>"",03_FRFデータ貼付!C23<>"",03_FRFデータ貼付!D23<>""),1,0) -> 1 | D26: =IF($C26=0,0,03_FRFデータ貼付!H23) -> 1.0142857 | E26: =IF($C26=0,0,03_FRFデータ貼付!I23) -> 0.095633307 | F26: =IF($C26=0,0,03_FRFデータ貼付!J23) -> -0.32925259 | G26: =$C26*1 -> 1 | H26: =0 -> 0 | I26: =-$C26*$D26^2 -> -1.0287755 | J26: =0 -> 0 | K26: =-$C26*$E26 -> -0.095633307 | L26: =$C26*$D26*$F26 -> -0.3339562 | M26: =$C26*$D26^2*$E26 -> 0.098385205 | N26: =-$C26*$D26^3*$F26 -> 0.34356596 | O26: =$C26*$D26^4*$E26 -> 0.10121629
A27: ="実部" -> 実部 | B27: =IF(03_FRFデータ貼付!B24="","",03_FRFデータ貼付!A24) -> 17 | C27: =IF(AND(03_FRFデータ貼付!B24<>"",03_FRFデータ貼付!C24<>"",03_FRFデータ貼付!D24<>""),1,0) -> 1 | D27: =IF($C27=0,0,03_FRFデータ貼付!H24) -> 1.0171429 | E27: =IF($C27=0,0,03_FRFデータ貼付!I24) -> 0.061327101 | F27: =IF($C27=0,0,03_FRFデータ貼付!J24) -> -0.27183999 | G27: =$C27*1 -> 1 | H27: =0 -> 0 | I27: =-$C27*$D27^2 -> -1.0345796 | J27: =0 -> 0 | K27: =-$C27*$E27 -> -0.061327101 | L27: =$C27*$D27*$F27 -> -0.2765001 | M27: =$C27*$D27^2*$E27 -> 0.063447767 | N27: =-$C27*$D27^3*$F27 -> 0.28606136 | O27: =$C27*$D27^4*$E27 -> 0.065641765
... A130: ="実部" -> 実部 | B130: =IF(03_FRFデータ貼付!B127="","",03_FRFデータ貼付!A127) | C130: =IF(AND(03_FRFデータ貼付!B127<>"",03_FRFデータ貼付!C127<>"",03_FRFデータ貼付!D127<>""),1,0) -> 0 | D130: =IF($C130=0,0,03_FRFデータ貼付!H127) -> 0 | E130: =IF($C130=0,0,03_FRFデータ貼付!I127) -> 0 | F130: =IF($C130=0,0,03_FRFデータ貼付!J127) -> 0 | G130: =$C130*1 -> 0 | H130: =0 -> 0 | I130: =-$C130*$D130^2 -> 0 | J130: =0 -> 0 | K130: =-$C130*$E130 -> 0 | L130: =$C130*$D130*$F130 -> 0 | M130: =$C130*$D130^2*$E130 -> 0 | N130: =-$C130*$D130^3*$F130 -> 0 | O130: =$C130*$D130^4*$E130 -> 0
A131: ="虚部" -> 虚部 | B131: =IF(03_FRFデータ貼付!B8="","",03_FRFデータ貼付!A8) -> 1 | C131: =IF(AND(03_FRFデータ貼付!B8<>"",03_FRFデータ貼付!C8<>"",03_FRFデータ貼付!D8<>""),1,0) -> 1 | D131: =IF($C131=0,0,03_FRFデータ貼付!H8) -> 0.97142857 | E131: =IF($C131=0,0,03_FRFデータ貼付!I8) -> 0.0027727679 | F131: =IF($C131=0,0,03_FRFデータ貼付!J8) -> 0.16364767 | G131: =0 -> 0 | H131: =$C131*$D131 -> 0.97142857 | I131: =0 -> 0 | J131: =-$C131*$D131^3 -> -0.91671137 | K131: =-$C131*$F131 -> -0.16364767 | L131: =-$C131*$D131*$E131 -> -0.0026935459 | M131: =$C131*$D131^2*$F131 -> 0.15442997 | N131: =$C131*$D131^3*$E131 -> 0.0025418278 | O131: =$C131*$D131^4*$F131 -> 0.14573146
A132: ="虚部" -> 虚部 | B132: =IF(03_FRFデータ貼付!B9="","",03_FRFデータ貼付!A9) -> 2 | C132: =IF(AND(03_FRFデータ貼付!B9<>"",03_FRFデータ貼付!C9<>"",03_FRFデータ貼付!D9<>""),1,0) -> 1 | D132: =IF($C132=0,0,03_FRFデータ貼付!H9) -> 0.97428571 | E132: =IF($C132=0,0,03_FRFデータ貼付!I9) -> 0.0050562238 | F132: =IF($C132=0,0,03_FRFデータ貼付!J9) -> 0.18436188 | G132: =0 -> 0 | H132: =$C132*$D132 -> 0.97428571 | I132: =0 -> 0 | J132: =-$C132*$D132^3 -> -0.92482381 | K132: =-$C132*$F132 -> -0.18436188 | L132: =-$C132*$D132*$E132 -> -0.0049262066 | M132: =$C132*$D132^2*$F132 -> 0.17500232 | N132: =$C132*$D132^3*$E132 -> 0.0046761161 | O132: =$C132*$D132^4*$F132 -> 0.16611791
A133: ="虚部" -> 虚部 | B133: =IF(03_FRFデータ貼付!B10="","",03_FRFデータ貼付!A10) -> 3 | C133: =IF(AND(03_FRFデータ貼付!B10<>"",03_FRFデータ貼付!C10<>"",03_FRFデータ貼付!D10<>""),1,0) -> 1 | D133: =IF($C133=0,0,03_FRFデータ貼付!H10) -> 0.97714286 | E133: =IF($C133=0,0,03_FRFデータ貼付!I10) -> 0.0088076156 | F133: =IF($C133=0,0,03_FRFデータ貼付!J10) -> 0.21073036 | G133: =0 -> 0 | H133: =$C133*$D133 -> 0.97714286 | I133: =0 -> 0 | J133: =-$C133*$D133^3 -> -0.93298398 | K133: =-$C133*$F133 -> -0.21073036 | L133: =-$C133*$D133*$E133 -> -0.0086062987 | M133: =$C133*$D133^2*$F133 -> 0.20120707 | N133: =$C133*$D133^3*$E133 -> 0.0082173642 | O133: =$C133*$D133^4*$F133 -> 0.19211415
A134: ="虚部" -> 虚部 | B134: =IF(03_FRFデータ貼付!B11="","",03_FRFデータ貼付!A11) -> 4 | C134: =IF(AND(03_FRFデータ貼付!B11<>"",03_FRFデータ貼付!C11<>"",03_FRFデータ貼付!D11<>""),1,0) -> 1 | D134: =IF($C134=0,0,03_FRFデータ貼付!H11) -> 0.98 | E134: =IF($C134=0,0,03_FRFデータ貼付!I11) -> 0.015223039 | F134: =IF($C134=0,0,03_FRFデータ貼付!J11) -> 0.24552588 | G134: =0 -> 0 | H134: =$C134*$D134 -> 0.98 | I134: =0 -> 0 | J134: =-$C134*$D134^3 -> -0.941192 | K134: =-$C134*$F134 -> -0.24552588 | L134: =-$C134*$D134*$E134 -> -0.014918578 | M134: =$C134*$D134^2*$F134 -> 0.23580305 | N134: =$C134*$D134^3*$E134 -> 0.014327803 | O134: =$C134*$D134^4*$F134 -> 0.22646525
A135: ="虚部" -> 虚部 | B135: =IF(03_FRFデータ貼付!B12="","",03_FRFデータ貼付!A12) -> 5 | C135: =IF(AND(03_FRFデータ貼付!B12<>"",03_FRFデータ貼付!C12<>"",03_FRFデータ貼付!D12<>""),1,0) -> 1 | D135: =IF($C135=0,0,03_FRFデータ貼付!H12) -> 0.98285714 | E135: =IF($C135=0,0,03_FRFデータ貼付!I12) -> 0.027836415 | F135: =IF($C135=0,0,03_FRFデータ貼付!J12) -> 0.29701237 | G135: =0 -> 0 | H135: =$C135*$D135 -> 0.98285714 | I135: =0 -> 0 | J135: =-$C135*$D135^3 -> -0.94944802 | K135: =-$C135*$F135 -> -0.29701237 | L135: =-$C135*$D135*$E135 -> -0.027359219 | M135: =$C135*$D135^2*$F135 -> 0.28691637 | N135: =$C135*$D135^3*$E135 -> 0.026429229 | O135: =$C135*$D135^4*$F135 -> 0.27716356
A136: ="虚部" -> 虚部 | B136: =IF(03_FRFデータ貼付!B13="","",03_FRFデータ貼付!A13) -> 6 | C136: =IF(AND(03_FRFデータ貼付!B13<>"",03_FRFデータ貼付!C13<>"",03_FRFデータ貼付!D13<>""),1,0) -> 1 | D136: =IF($C136=0,0,03_FRFデータ貼付!H13) -> 0.98571429 | E136: =IF($C136=0,0,03_FRFデータ貼付!I13) -> 0.055237885 | F136: =IF($C136=0,0,03_FRFデータ貼付!J13) -> 0.37263825 | G136: =0 -> 0 | H136: =$C136*$D136 -> 0.98571429 | I136: =0 -> 0 | J136: =-$C136*$D136^3 -> -0.95775219 | K136: =-$C136*$F136 -> -0.37263825 | L136: =-$C136*$D136*$E136 -> -0.054448773 | M136: =$C136*$D136^2*$F136 -> 0.3620675 | N136: =$C136*$D136^3*$E136 -> 0.052904206 | O136: =$C136*$D136^4*$F136 -> 0.3517966
A137: ="虚部" -> 虚部 | B137: =IF(03_FRFデータ貼付!B14="","",03_FRFデータ貼付!A14) -> 7 | C137: =IF(AND(03_FRFデータ貼付!B14<>"",03_FRFデータ貼付!C14<>"",03_FRFデータ貼付!D14<>""),1,0) -> 1 | D137: =IF($C137=0,0,03_FRFデータ貼付!H14) -> 0.98857143 | E137: =IF($C137=0,0,03_FRFデータ貼付!I14) -> 0.12841721 | F137: =IF($C137=0,0,03_FRFデータ貼付!J14) -> 0.49366142 | G137: =0 -> 0 | H137: =$C137*$D137 -> 0.98857143 | I137: =0 -> 0 | J137: =-$C137*$D137^3 -> -0.96610463 | K137: =-$C137*$F137 -> -0.49366142 | L137: =-$C137*$D137*$E137 -> -0.12694958 | M137: =$C137*$D137^2*$F137 -> 0.48244221 | N137: =$C137*$D137^3*$E137 -> 0.12406446 | O137: =$C137*$D137^4*$F137 -> 0.47147797
A138: ="虚部" -> 虚部 | B138: =IF(03_FRFデータ貼付!B15="","",03_FRFデータ貼付!A15) -> 8 | C138: =IF(AND(03_FRFデータ貼付!B15<>"",03_FRFデータ貼付!C15<>"",03_FRFデータ貼付!D15<>""),1,0) -> 1 | D138: =IF($C138=0,0,03_FRFデータ貼付!H15) -> 0.99142857 | E138: =IF($C138=0,0,03_FRFデータ貼付!I15) -> 0.37725953 | F138: =IF($C138=0,0,03_FRFデータ貼付!J15) -> 0.6617129 | G138: =0 -> 0 | H138: =$C138*$D138 -> 0.99142857 | I138: =0 -> 0 | J138: =-$C138*$D138^3 -> -0.97450549 | K138: =-$C138*$F138 -> -0.6617129 | L138: =-$C138*$D138*$E138 -> -0.37402588 | M138: =$C138*$D138^2*$F138 -> 0.65041786 | N138: =$C138*$D138^3*$E138 -> 0.36764149 | O138: =$C138*$D138^4*$F138 -> 0.63931563
A139: ="虚部" -> 虚部 | B139: =IF(03_FRFデータ貼付!B16="","",03_FRFデータ貼付!A16) -> 9 | C139: =IF(AND(03_FRFデータ貼付!B16<>"",03_FRFデータ貼付!C16<>"",03_FRFデータ貼付!D16<>""),1,0) -> 1 | D139: =IF($C139=0,0,03_FRFデータ貼付!H16) -> 0.99428571 | E139: =IF($C139=0,0,03_FRFデータ貼付!I16) -> 0.92251618 | F139: =IF($C139=0,0,03_FRFデータ貼付!J16) -> 0.38595841 | G139: =0 -> 0 | H139: =$C139*$D139 -> 0.99428571 | I139: =0 -> 0 | J139: =-$C139*$D139^3 -> -0.98295492 | K139: =-$C139*$F139 -> -0.38595841 | L139: =-$C139*$D139*$E139 -> -0.91724466 | M139: =$C139*$D139^2*$F139 -> 0.38156006 | N139: =$C139*$D139^3*$E139 -> 0.90679181 | O139: =$C139*$D139^4*$F139 -> 0.37721184
A140: ="虚部" -> 虚部 | B140: =IF(03_FRFデータ貼付!B17="","",03_FRFデータ貼付!A17) -> 10 | C140: =IF(AND(03_FRFデータ貼付!B17<>"",03_FRFデータ貼付!C17<>"",03_FRFデータ貼付!D17<>""),1,0) -> 1 | D140: =IF($C140=0,0,03_FRFデータ貼付!H17) -> 0.99714286 | E140: =IF($C140=0,0,03_FRFデータ貼付!I17) -> 0.69226771 | F140: =IF($C140=0,0,03_FRFデータ貼付!J17) -> -0.11988143 | G140: =0 -> 0 | H140: =$C140*$D140 -> 0.99714286 | I140: =0 -> 0 | J140: =-$C140*$D140^3 -> -0.99145304 | K140: =-$C140*$F140 -> 0.11988143 | L140: =-$C140*$D140*$E140 -> -0.6902898 | M140: =$C140*$D140^2*$F140 -> -0.11919738 | N140: =$C140*$D140^3*$E140 -> 0.68635093 | O140: =$C140*$D140^4*$F140 -> -0.11851722
A141: ="虚部" -> 虚部 | B141: =IF(03_FRFデータ貼付!B18="","",03_FRFデータ貼付!A18) -> 11 | C141: =IF(AND(03_FRFデータ貼付!B18<>"",03_FRFデータ貼付!C18<>"",03_FRFデータ貼付!D18<>""),1,0) -> 1 | D141: =IF($C141=0,0,03_FRFデータ貼付!H18) -> 1 | E141: =IF($C141=0,0,03_FRFデータ貼付!I18) -> 0.50023994 | F141: =IF($C141=0,0,03_FRFデータ貼付!J18) -> -0.098188603 | G141: =0 -> 0 | H141: =$C141*$D141 -> 1 | I141: =0 -> 0 | J141: =-$C141*$D141^3 -> -1 | K141: =-$C141*$F141 -> 0.098188603 | L141: =-$C141*$D141*$E141 -> -0.50023994 | M141: =$C141*$D141^2*$F141 -> -0.098188603 | N141: =$C141*$D141^3*$E141 -> 0.50023994 | O141: =$C141*$D141^4*$F141 -> -0.098188603
A142: ="虚部" -> 虚部 | B142: =IF(03_FRFデータ貼付!B19="","",03_FRFデータ貼付!A19) -> 12 | C142: =IF(AND(03_FRFデータ貼付!B19<>"",03_FRFデータ貼付!C19<>"",03_FRFデータ貼付!D19<>""),1,0) -> 1 | D142: =IF($C142=0,0,03_FRFデータ貼付!H19) -> 1.0028571 | E142: =IF($C142=0,0,03_FRFデータ貼付!I19) -> 0.55248759 | F142: =IF($C142=0,0,03_FRFデータ貼付!J19) -> -0.082639356 | G142: =0 -> 0 | H142: =$C142*$D142 -> 1.0028571 | I142: =0 -> 0 | J142: =-$C142*$D142^3 -> -1.0085959 | K142: =-$C142*$F142 -> 0.082639356 | L142: =-$C142*$D142*$E142 -> -0.55406613 | M142: =$C142*$D142^2*$F142 -> -0.083112256 | N142: =$C142*$D142^3*$E142 -> 0.55723674 | O142: =$C142*$D142^4*$F142 -> -0.083587861
... A250: ="虚部" -> 虚部 | B250: =IF(03_FRFデータ貼付!B127="","",03_FRFデータ貼付!A127) | C250: =IF(AND(03_FRFデータ貼付!B127<>"",03_FRFデータ貼付!C127<>"",03_FRFデータ貼付!D127<>""),1,0) -> 0 | D250: =IF($C250=0,0,03_FRFデータ貼付!H127) -> 0 | E250: =IF($C250=0,0,03_FRFデータ貼付!I127) -> 0 | F250: =IF($C250=0,0,03_FRFデータ貼付!J127) -> 0 | G250: =0 -> 0 | H250: =$C250*$D250 -> 0 | I250: =0 -> 0 | J250: =-$C250*$D250^3 -> 0 | K250: =-$C250*$F250 -> 0 | L250: =-$C250*$D250*$E250 -> 0 | M250: =$C250*$D250^2*$F250 -> 0 | N250: =$C250*$D250^3*$E250 -> 0 | O250: =$C250*$D250^4*$F250 -> 0

Sheet 07_RFP係数の解
A1: ⑦ 最小二乗法で分子b・分母aを解く｜自動計算
A2: 行列Aと右辺cから、誤差の二乗和が最小になる解 x を求めます。式は x = (AᵀA + λI)⁻¹ Aᵀc の1本だけ。
A4: ■ 数値安定化（リッジ正則化）
A5: リッジ係数 | B5: 1e-12 | C5: ← 通常このまま。行列がほぼ特異になった時だけ 1E-10 に上げる（🟢1E-12までは6桁一致を検証済み）
A6: 対角平均 | B6: =(B10+C11+D12+E13+F14+G15+H16+I17)/8 -> 12.835431
A7: λ（実際に足す量） | B7: =B5*B6 -> 1.2835431e-11
A9: ■ AᵀA（8×8）
B10: =INDEX(MMULT(TRANSPOSE(06_RFP設計行列!$G$11:$N$250),06_RFP設計行列!$G$11:$N$250),1,1) -> 21 | C10: =INDEX(MMULT(TRANSPOSE(06_RFP設計行列!$G$11:$N$250),06_RFP設計行列!$G$11:$N$250),1,2) -> 0 | D10: =INDEX(MMULT(TRANSPOSE(06_RFP設計行列!$G$11:$N$250),06_RFP設計行列!$G$11:$N$250),1,3) -> -21.006286 | E10: =INDEX(MMULT(TRANSPOSE(06_RFP設計行列!$G$11:$N$250),06_RFP設計行列!$G$11:$N$250),1,4) -> 0 | F10: =INDEX(MMULT(TRANSPOSE(06_RFP設計行列!$G$11:$N$250),06_RFP設計行列!$G$11:$N$250),1,5) -> -4.6954377 | G10: =INDEX(MMULT(TRANSPOSE(06_RFP設計行列!$G$11:$N$250),06_RFP設計行列!$G$11:$N$250),1,6) -> 0.073875701 | H10: =INDEX(MMULT(TRANSPOSE(06_RFP設計行列!$G$11:$N$250),06_RFP設計行列!$G$11:$N$250),1,7) -> 4.6984919 | I10: =INDEX(MMULT(TRANSPOSE(06_RFP設計行列!$G$11:$N$250),06_RFP設計行列!$G$11:$N$250),1,8) -> 0.0882243 | K10: AᵀA は『各未知数どうしがどれくらい似ているか』を並べた表。ここが特異（逆行列が作れない）になると解が求まらないので、対角にごく小さな λ を足して必ず解けるようにしています。これがリッジ正則化です。
B11: =INDEX(MMULT(TRANSPOSE(06_RFP設計行列!$G$11:$N$250),06_RFP設計行列!$G$11:$N$250),2,1) -> 0 | C11: =INDEX(MMULT(TRANSPOSE(06_RFP設計行列!$G$11:$N$250),06_RFP設計行列!$G$11:$N$250),2,2) -> 21.006286 | D11: =INDEX(MMULT(TRANSPOSE(06_RFP設計行列!$G$11:$N$250),06_RFP設計行列!$G$11:$N$250),2,3) -> 0 | E11: =INDEX(MMULT(TRANSPOSE(06_RFP設計行列!$G$11:$N$250),06_RFP設計行列!$G$11:$N$250),2,4) -> -21.037718 | F11: =INDEX(MMULT(TRANSPOSE(06_RFP設計行列!$G$11:$N$250),06_RFP設計行列!$G$11:$N$250),2,5) -> -0.073875701 | G11: =INDEX(MMULT(TRANSPOSE(06_RFP設計行列!$G$11:$N$250),06_RFP設計行列!$G$11:$N$250),2,6) -> -4.6984919 | H11: =INDEX(MMULT(TRANSPOSE(06_RFP設計行列!$G$11:$N$250),06_RFP設計行列!$G$11:$N$250),2,7) -> -0.0882243 | I11: =INDEX(MMULT(TRANSPOSE(06_RFP設計行列!$G$11:$N$250),06_RFP設計行列!$G$11:$N$250),2,8) -> 4.7027325
B12: =INDEX(MMULT(TRANSPOSE(06_RFP設計行列!$G$11:$N$250),06_RFP設計行列!$G$11:$N$250),3,1) -> -21.006286 | C12: =INDEX(MMULT(TRANSPOSE(06_RFP設計行列!$G$11:$N$250),06_RFP設計行列!$G$11:$N$250),3,2) -> 0 | D12: =INDEX(MMULT(TRANSPOSE(06_RFP設計行列!$G$11:$N$250),06_RFP設計行列!$G$11:$N$250),3,3) -> 21.037718 | E12: =INDEX(MMULT(TRANSPOSE(06_RFP設計行列!$G$11:$N$250),06_RFP設計行列!$G$11:$N$250),3,4) -> 0 | F12: =INDEX(MMULT(TRANSPOSE(06_RFP設計行列!$G$11:$N$250),06_RFP設計行列!$G$11:$N$250),3,5) -> 4.6984919 | G12: =INDEX(MMULT(TRANSPOSE(06_RFP設計行列!$G$11:$N$250),06_RFP設計行列!$G$11:$N$250),3,6) -> 0.0882243 | H12: =INDEX(MMULT(TRANSPOSE(06_RFP設計行列!$G$11:$N$250),06_RFP設計行列!$G$11:$N$250),3,7) -> -4.7027325 | I12: =INDEX(MMULT(TRANSPOSE(06_RFP設計行列!$G$11:$N$250),06_RFP設計行列!$G$11:$N$250),3,8) -> -0.25031441
B13: =INDEX(MMULT(TRANSPOSE(06_RFP設計行列!$G$11:$N$250),06_RFP設計行列!$G$11:$N$250),4,1) -> 0 | C13: =INDEX(MMULT(TRANSPOSE(06_RFP設計行列!$G$11:$N$250),06_RFP設計行列!$G$11:$N$250),4,2) -> -21.037718 | D13: =INDEX(MMULT(TRANSPOSE(06_RFP設計行列!$G$11:$N$250),06_RFP設計行列!$G$11:$N$250),4,3) -> 0 | E13: =INDEX(MMULT(TRANSPOSE(06_RFP設計行列!$G$11:$N$250),06_RFP設計行列!$G$11:$N$250),4,4) -> 21.094336 | F13: =INDEX(MMULT(TRANSPOSE(06_RFP設計行列!$G$11:$N$250),06_RFP設計行列!$G$11:$N$250),4,5) -> -0.0882243 | G13: =INDEX(MMULT(TRANSPOSE(06_RFP設計行列!$G$11:$N$250),06_RFP設計行列!$G$11:$N$250),4,6) -> 4.7027325 | H13: =INDEX(MMULT(TRANSPOSE(06_RFP設計行列!$G$11:$N$250),06_RFP設計行列!$G$11:$N$250),4,7) -> 0.25031441 | I13: =INDEX(MMULT(TRANSPOSE(06_RFP設計行列!$G$11:$N$250),06_RFP設計行列!$G$11:$N$250),4,8) -> -4.708173
B14: =INDEX(MMULT(TRANSPOSE(06_RFP設計行列!$G$11:$N$250),06_RFP設計行列!$G$11:$N$250),5,1) -> -4.6954377 | C14: =INDEX(MMULT(TRANSPOSE(06_RFP設計行列!$G$11:$N$250),06_RFP設計行列!$G$11:$N$250),5,2) -> -0.073875701 | D14: =INDEX(MMULT(TRANSPOSE(06_RFP設計行列!$G$11:$N$250),06_RFP設計行列!$G$11:$N$250),5,3) -> 4.6984919 | E14: =INDEX(MMULT(TRANSPOSE(06_RFP設計行列!$G$11:$N$250),06_RFP設計行列!$G$11:$N$250),5,4) -> -0.0882243 | F14: =INDEX(MMULT(TRANSPOSE(06_RFP設計行列!$G$11:$N$250),06_RFP設計行列!$G$11:$N$250),5,5) -> 4.6551746 | G14: =INDEX(MMULT(TRANSPOSE(06_RFP設計行列!$G$11:$N$250),06_RFP設計行列!$G$11:$N$250),5,6) -> 0 | H14: =INDEX(MMULT(TRANSPOSE(06_RFP設計行列!$G$11:$N$250),06_RFP設計行列!$G$11:$N$250),5,7) -> -4.6413475 | I14: =INDEX(MMULT(TRANSPOSE(06_RFP設計行列!$G$11:$N$250),06_RFP設計行列!$G$11:$N$250),5,8) -> -4.9222779e-17
B15: =INDEX(MMULT(TRANSPOSE(06_RFP設計行列!$G$11:$N$250),06_RFP設計行列!$G$11:$N$250),6,1) -> 0.073875701 | C15: =INDEX(MMULT(TRANSPOSE(06_RFP設計行列!$G$11:$N$250),06_RFP設計行列!$G$11:$N$250),6,2) -> -4.6984919 | D15: =INDEX(MMULT(TRANSPOSE(06_RFP設計行列!$G$11:$N$250),06_RFP設計行列!$G$11:$N$250),6,3) -> 0.0882243 | E15: =INDEX(MMULT(TRANSPOSE(06_RFP設計行列!$G$11:$N$250),06_RFP設計行列!$G$11:$N$250),6,4) -> 4.7027325 | F15: =INDEX(MMULT(TRANSPOSE(06_RFP設計行列!$G$11:$N$250),06_RFP設計行列!$G$11:$N$250),6,5) -> 0 | G15: =INDEX(MMULT(TRANSPOSE(06_RFP設計行列!$G$11:$N$250),06_RFP設計行列!$G$11:$N$250),6,6) -> 4.6413475 | H15: =INDEX(MMULT(TRANSPOSE(06_RFP設計行列!$G$11:$N$250),06_RFP設計行列!$G$11:$N$250),6,7) -> 9.0368251e-17 | I15: =INDEX(MMULT(TRANSPOSE(06_RFP設計行列!$G$11:$N$250),06_RFP設計行列!$G$11:$N$250),6,8) -> -4.6293643
B16: =INDEX(MMULT(TRANSPOSE(06_RFP設計行列!$G$11:$N$250),06_RFP設計行列!$G$11:$N$250),7,1) -> 4.6984919 | C16: =INDEX(MMULT(TRANSPOSE(06_RFP設計行列!$G$11:$N$250),06_RFP設計行列!$G$11:$N$250),7,2) -> -0.0882243 | D16: =INDEX(MMULT(TRANSPOSE(06_RFP設計行列!$G$11:$N$250),06_RFP設計行列!$G$11:$N$250),7,3) -> -4.7027325 | E16: =INDEX(MMULT(TRANSPOSE(06_RFP設計行列!$G$11:$N$250),06_RFP設計行列!$G$11:$N$250),7,4) -> 0.25031441 | F16: =INDEX(MMULT(TRANSPOSE(06_RFP設計行列!$G$11:$N$250),06_RFP設計行列!$G$11:$N$250),7,5) -> -4.6413475 | G16: =INDEX(MMULT(TRANSPOSE(06_RFP設計行列!$G$11:$N$250),06_RFP設計行列!$G$11:$N$250),7,6) -> 9.0368251e-17 | H16: =INDEX(MMULT(TRANSPOSE(06_RFP設計行列!$G$11:$N$250),06_RFP設計行列!$G$11:$N$250),7,7) -> 4.6293643 | I16: =INDEX(MMULT(TRANSPOSE(06_RFP設計行列!$G$11:$N$250),06_RFP設計行列!$G$11:$N$250),7,8) -> 0
B17: =INDEX(MMULT(TRANSPOSE(06_RFP設計行列!$G$11:$N$250),06_RFP設計行列!$G$11:$N$250),8,1) -> 0.0882243 | C17: =INDEX(MMULT(TRANSPOSE(06_RFP設計行列!$G$11:$N$250),06_RFP設計行列!$G$11:$N$250),8,2) -> 4.7027325 | D17: =INDEX(MMULT(TRANSPOSE(06_RFP設計行列!$G$11:$N$250),06_RFP設計行列!$G$11:$N$250),8,3) -> -0.25031441 | E17: =INDEX(MMULT(TRANSPOSE(06_RFP設計行列!$G$11:$N$250),06_RFP設計行列!$G$11:$N$250),8,4) -> -4.708173 | F17: =INDEX(MMULT(TRANSPOSE(06_RFP設計行列!$G$11:$N$250),06_RFP設計行列!$G$11:$N$250),8,5) -> -4.9222779e-17 | G17: =INDEX(MMULT(TRANSPOSE(06_RFP設計行列!$G$11:$N$250),06_RFP設計行列!$G$11:$N$250),8,6) -> -4.6293643 | H17: =INDEX(MMULT(TRANSPOSE(06_RFP設計行列!$G$11:$N$250),06_RFP設計行列!$G$11:$N$250),8,7) -> 0 | I17: =INDEX(MMULT(TRANSPOSE(06_RFP設計行列!$G$11:$N$250),06_RFP設計行列!$G$11:$N$250),8,8) -> 4.6192218
A19: ■ AᵀA + λI（8×8）
B20: =B10+IF(1=1,$B$7,0) -> 21 | C20: =C10+IF(1=2,$B$7,0) -> 0 | D20: =D10+IF(1=3,$B$7,0) -> -21.006286 | E20: =E10+IF(1=4,$B$7,0) -> 0 | F20: =F10+IF(1=5,$B$7,0) -> -4.6954377 | G20: =G10+IF(1=6,$B$7,0) -> 0.073875701 | H20: =H10+IF(1=7,$B$7,0) -> 4.6984919 | I20: =I10+IF(1=8,$B$7,0) -> 0.0882243 | K20: λ は対角平均の 1兆分の1。答えを歪ませない程度に小さく、しかし計算を必ず成立させる大きさです。
B21: =B11+IF(2=1,$B$7,0) -> 0 | C21: =C11+IF(2=2,$B$7,0) -> 21.006286 | D21: =D11+IF(2=3,$B$7,0) -> 0 | E21: =E11+IF(2=4,$B$7,0) -> -21.037718 | F21: =F11+IF(2=5,$B$7,0) -> -0.073875701 | G21: =G11+IF(2=6,$B$7,0) -> -4.6984919 | H21: =H11+IF(2=7,$B$7,0) -> -0.0882243 | I21: =I11+IF(2=8,$B$7,0) -> 4.7027325
B22: =B12+IF(3=1,$B$7,0) -> -21.006286 | C22: =C12+IF(3=2,$B$7,0) -> 0 | D22: =D12+IF(3=3,$B$7,0) -> 21.037718 | E22: =E12+IF(3=4,$B$7,0) -> 0 | F22: =F12+IF(3=5,$B$7,0) -> 4.6984919 | G22: =G12+IF(3=6,$B$7,0) -> 0.0882243 | H22: =H12+IF(3=7,$B$7,0) -> -4.7027325 | I22: =I12+IF(3=8,$B$7,0) -> -0.25031441
B23: =B13+IF(4=1,$B$7,0) -> 0 | C23: =C13+IF(4=2,$B$7,0) -> -21.037718 | D23: =D13+IF(4=3,$B$7,0) -> 0 | E23: =E13+IF(4=4,$B$7,0) -> 21.094336 | F23: =F13+IF(4=5,$B$7,0) -> -0.0882243 | G23: =G13+IF(4=6,$B$7,0) -> 4.7027325 | H23: =H13+IF(4=7,$B$7,0) -> 0.25031441 | I23: =I13+IF(4=8,$B$7,0) -> -4.708173
B24: =B14+IF(5=1,$B$7,0) -> -4.6954377 | C24: =C14+IF(5=2,$B$7,0) -> -0.073875701 | D24: =D14+IF(5=3,$B$7,0) -> 4.6984919 | E24: =E14+IF(5=4,$B$7,0) -> -0.0882243 | F24: =F14+IF(5=5,$B$7,0) -> 4.6551746 | G24: =G14+IF(5=6,$B$7,0) -> 0 | H24: =H14+IF(5=7,$B$7,0) -> -4.6413475 | I24: =I14+IF(5=8,$B$7,0) -> -4.9222779e-17
B25: =B15+IF(6=1,$B$7,0) -> 0.073875701 | C25: =C15+IF(6=2,$B$7,0) -> -4.6984919 | D25: =D15+IF(6=3,$B$7,0) -> 0.0882243 | E25: =E15+IF(6=4,$B$7,0) -> 4.7027325 | F25: =F15+IF(6=5,$B$7,0) -> 0 | G25: =G15+IF(6=6,$B$7,0) -> 4.6413475 | H25: =H15+IF(6=7,$B$7,0) -> 9.0368251e-17 | I25: =I15+IF(6=8,$B$7,0) -> -4.6293643
B26: =B16+IF(7=1,$B$7,0) -> 4.6984919 | C26: =C16+IF(7=2,$B$7,0) -> -0.0882243 | D26: =D16+IF(7=3,$B$7,0) -> -4.7027325 | E26: =E16+IF(7=4,$B$7,0) -> 0.25031441 | F26: =F16+IF(7=5,$B$7,0) -> -4.6413475 | G26: =G16+IF(7=6,$B$7,0) -> 9.0368251e-17 | H26: =H16+IF(7=7,$B$7,0) -> 4.6293643 | I26: =I16+IF(7=8,$B$7,0) -> 0
B27: =B17+IF(8=1,$B$7,0) -> 0.0882243 | C27: =C17+IF(8=2,$B$7,0) -> 4.7027325 | D27: =D17+IF(8=3,$B$7,0) -> -0.25031441 | E27: =E17+IF(8=4,$B$7,0) -> -4.708173 | F27: =F17+IF(8=5,$B$7,0) -> -4.9222779e-17 | G27: =G17+IF(8=6,$B$7,0) -> -4.6293643 | H27: =H17+IF(8=7,$B$7,0) -> 0 | I27: =I17+IF(8=8,$B$7,0) -> 4.6192218
A29: ■ (AᵀA+λI)⁻¹（8×8）
B30: =INDEX(MINVERSE($B$20:$I$27),1,1) -> 62.862316 | C30: =INDEX(MINVERSE($B$20:$I$27),1,2) -> -2.3713512 | D30: =INDEX(MINVERSE($B$20:$I$27),1,3) -> 63.806848 | E30: =INDEX(MINVERSE($B$20:$I$27),1,4) -> 0.058014313 | F30: =INDEX(MINVERSE($B$20:$I$27),1,5) -> -167.46726 | G30: =INDEX(MINVERSE($B$20:$I$27),1,6) -> 115.93453 | H30: =INDEX(MINVERSE($B$20:$I$27),1,7) -> -166.932 | I30: =INDEX(MINVERSE($B$20:$I$27),1,8) -> 120.91948
B31: =INDEX(MINVERSE($B$20:$I$27),2,1) -> -2.3713512 | C31: =INDEX(MINVERSE($B$20:$I$27),2,2) -> 61.533712 | D31: =INDEX(MINVERSE($B$20:$I$27),2,3) -> -4.7809501 | E31: =INDEX(MINVERSE($B$20:$I$27),2,4) -> 61.73618 | F31: =INDEX(MINVERSE($B$20:$I$27),2,5) -> -55.463141 | G31: =INDEX(MINVERSE($B$20:$I$27),2,6) -> -173.19175 | H31: =INDEX(MINVERSE($B$20:$I$27),2,7) -> -60.222124 | I31: =INDEX(MINVERSE($B$20:$I$27),2,8) -> -173.50697
B32: =INDEX(MINVERSE($B$20:$I$27),3,1) -> 63.806848 | C32: =INDEX(MINVERSE($B$20:$I$27),3,2) -> -4.7809501 | D32: =INDEX(MINVERSE($B$20:$I$27),3,3) -> 65.502471 | E32: =INDEX(MINVERSE($B$20:$I$27),3,4) -> -2.3522294 | F32: =INDEX(MINVERSE($B$20:$I$27),3,5) -> -159.44067 | G32: =INDEX(MINVERSE($B$20:$I$27),3,6) -> 181.67749 | H32: =INDEX(MINVERSE($B$20:$I$27),3,7) -> -158.03637 | I32: =INDEX(MINVERSE($B$20:$I$27),3,8) -> 186.87715
B33: =INDEX(MINVERSE($B$20:$I$27),4,1) -> 0.058014313 | C33: =INDEX(MINVERSE($B$20:$I$27),4,2) -> 61.73618 | D33: =INDEX(MINVERSE($B$20:$I$27),4,3) -> -2.3522294 | E33: =INDEX(MINVERSE($B$20:$I$27),4,4) -> 62.685776 | F33: =INDEX(MINVERSE($B$20:$I$27),4,5) -> -120.97751 | G33: =INDEX(MINVERSE($B$20:$I$27),4,6) -> -166.16975 | H33: =INDEX(MINVERSE($B$20:$I$27),4,7) -> -125.952 | I33: =INDEX(MINVERSE($B$20:$I$27),4,8) -> -165.62259
B34: =INDEX(MINVERSE($B$20:$I$27),5,1) -> -167.46726 | C34: =INDEX(MINVERSE($B$20:$I$27),5,2) -> -55.463141 | D34: =INDEX(MINVERSE($B$20:$I$27),5,3) -> -159.44067 | E34: =INDEX(MINVERSE($B$20:$I$27),5,4) -> -120.97751 | F34: =INDEX(MINVERSE($B$20:$I$27),5,5) -> 6407.2212 | G34: =INDEX(MINVERSE($B$20:$I$27),5,6) -> 80.601443 | H34: =INDEX(MINVERSE($B$20:$I$27),5,7) -> 6437.2912 | I34: =INDEX(MINVERSE($B$20:$I$27),5,8) -> 8.4956035
B35: =INDEX(MINVERSE($B$20:$I$27),6,1) -> 115.93453 | C35: =INDEX(MINVERSE($B$20:$I$27),6,2) -> -173.19175 | D35: =INDEX(MINVERSE($B$20:$I$27),6,3) -> 181.67749 | E35: =INDEX(MINVERSE($B$20:$I$27),6,4) -> -166.16975 | F35: =INDEX(MINVERSE($B$20:$I$27),6,5) -> 80.601443 | G35: =INDEX(MINVERSE($B$20:$I$27),6,6) -> 6397.2657 | H35: =INDEX(MINVERSE($B$20:$I$27),6,7) -> 153.38553 | I35: =INDEX(MINVERSE($B$20:$I$27),6,8) -> 6425.8962
B36: =INDEX(MINVERSE($B$20:$I$27),7,1) -> -166.932 | C36: =INDEX(MINVERSE($B$20:$I$27),7,2) -> -60.222124 | D36: =INDEX(MINVERSE($B$20:$I$27),7,3) -> -158.03637 | E36: =INDEX(MINVERSE($B$20:$I$27),7,4) -> -125.952 | F36: =INDEX(MINVERSE($B$20:$I$27),7,5) -> 6437.2912 | G36: =INDEX(MINVERSE($B$20:$I$27),7,6) -> 153.38553 | H36: =INDEX(MINVERSE($B$20:$I$27),7,7) -> 6468.7167 | I36: =INDEX(MINVERSE($B$20:$I$27),7,8) -> 81.28012
B37: =INDEX(MINVERSE($B$20:$I$27),8,1) -> 120.91948 | C37: =INDEX(MINVERSE($B$20:$I$27),8,2) -> -173.50697 | D37: =INDEX(MINVERSE($B$20:$I$27),8,3) -> 186.87715 | E37: =INDEX(MINVERSE($B$20:$I$27),8,4) -> -165.62259 | F37: =INDEX(MINVERSE($B$20:$I$27),8,5) -> 8.4956035 | G37: =INDEX(MINVERSE($B$20:$I$27),8,6) -> 6425.8962 | H37: =INDEX(MINVERSE($B$20:$I$27),8,7) -> 81.28012 | I37: =INDEX(MINVERSE($B$20:$I$27),8,8) -> 6455.8712
A39: ■ Aᵀc（8×1）と 解 x（8×1）
A40: 未知数 | B40: Aᵀc | C40: 解 x（＝答え） | D40: 意味
A41: b0 | B41: =INDEX(MMULT(TRANSPOSE(06_RFP設計行列!$G$11:$N$250),06_RFP設計行列!$O$11:$O$250),1,1) -> 4.7027325 | C41: =INDEX(MMULT($B$30:$I$37,$B$41:$B$48),1,1) -> -0.00047951136 | D41: 分子 定数項 | K41: a0〜a3 が分母の4次方程式 s⁴+a3s³+a2s²+a1s+a0 の係数です。次の 08シートでこれを2つの2次式に割ります。
A42: b1 | B42: =INDEX(MMULT(TRANSPOSE(06_RFP設計行列!$G$11:$N$250),06_RFP設計行列!$O$11:$O$250),2,1) -> -0.25031441 | C42: =INDEX(MMULT($B$30:$I$37,$B$41:$B$48),2,1) -> 0.0089067949 | D42: 分子 1次
A43: b2 | B43: =INDEX(MMULT(TRANSPOSE(06_RFP設計行列!$G$11:$N$250),06_RFP設計行列!$O$11:$O$250),3,1) -> -4.708173 | C43: =INDEX(MMULT($B$30:$I$37,$B$41:$B$48),3,1) -> -0.00038790976 | D43: 分子 2次
A44: b3 | B44: =INDEX(MMULT(TRANSPOSE(06_RFP設計行列!$G$11:$N$250),06_RFP設計行列!$O$11:$O$250),4,1) -> 0.41263066 | C44: =INDEX(MMULT($B$30:$I$37,$B$41:$B$48),4,1) -> 0.0089007227 | D44: 分子 3次
A45: a0 | B45: =INDEX(MMULT(TRANSPOSE(06_RFP設計行列!$G$11:$N$250),06_RFP設計行列!$O$11:$O$250),5,1) -> -4.6293643 | C45: =INDEX(MMULT($B$30:$I$37,$B$41:$B$48),5,1) -> 0.99994011 | D45: 分母 定数項（極を決める）
A46: a1 | B46: =INDEX(MMULT(TRANSPOSE(06_RFP設計行列!$G$11:$N$250),06_RFP設計行列!$O$11:$O$250),6,1) -> 0 | C46: =INDEX(MMULT($B$30:$I$37,$B$41:$B$48),6,1) -> 0.013984328 | D46: 分母 1次（極を決める）
A47: a2 | B47: =INDEX(MMULT(TRANSPOSE(06_RFP設計行列!$G$11:$N$250),06_RFP設計行列!$O$11:$O$250),7,1) -> 4.6192218 | C47: =INDEX(MMULT($B$30:$I$37,$B$41:$B$48),7,1) -> 2.0001187 | D47: 分母 2次（極を決める）
A48: a3 | B48: =INDEX(MMULT(TRANSPOSE(06_RFP設計行列!$G$11:$N$250),06_RFP設計行列!$O$11:$O$250),8,1) -> 6.3208987e-17 | C48: =INDEX(MMULT($B$30:$I$37,$B$41:$B$48),8,1) -> 0.014007472 | D48: 分母 3次（極を決める）

Sheet 08_極の分離_ニュートン法
A1: ⑧ 4次方程式を2つに割って“双子”を分離｜ソルバー不要・完全自動
A2: s⁴+a3s³+a2s²+a1s+a0 = (s²+p1s+q1)(s²+p2s+q2) に分解します。ニュートン法を20回まわすだけなので、アドインも手作業も不要です。
A4: ■ 材料（07シートから自動取得）
A5: a0 | B5: =07_RFP係数の解!C45 -> 0.99994011 | D5: 基準角周波数 ωref [rad/s] | F5: =03_FRFデータ貼付!B5 -> 21991.149
A6: a1 | B6: =07_RFP係数の解!C46 -> 0.013984328
A7: a2 | B7: =07_RFP係数の解!C47 -> 2.0001187
A8: a3 | B8: =07_RFP係数の解!C48 -> 0.014007472
A10: ■ 初期値（ここだけ入力）
A11: 山①のおよその周波数 [Hz] | B11: 3480 | D11: ← 04シートの「◀ ピーク」行を目視で読む。多少ずれても収束します（±5%程度でOK）
A12: 山②のおよその周波数 [Hz] | B12: 3520 | D12: ← 山が1本にしか見えない時は、その周波数の ±（Δf×3）程度を2つ入れる
A13: 損失係数 η の粗い推定 | B13: 0.007 | D13: ← 05シートの半値幅法の値でOK
A14: u の初期値 | B14: =B13*(2*PI()*B11)/$F$5 -> 0.00696
A15: v の初期値 | B15: =((2*PI()*B11)/$F$5)^2 -> 0.98860408
A17: ■ ニュートン法の反復（20回・自動）
A18: 回 | B18: u | C18: v | D18: c1 | E18: c0 | F18: 残差 r1 | G18: 残差 r0 | H18: J11 | I18: J12 | J18: J21 | K18: J22 | L18: 行列式 det | M18: Δu | N18: Δv | O18: 残差の大きさ
A19: 0 | B19: =$B$14 -> 0.00696 | C19: =$B$15 -> 0.98860408 | D19: =$B$8-B19 -> 0.007047472 | E19: =$B$7-C19-B19*D19 -> 1.0114655 | F19: =$B$6-(B19*E19+C19*D19) -> -2.263208e-05 | G19: =$B$5-C19*E19 -> 1.1517678e-06 | H19: =-(E19+B19*(B19-D19)-C19) -> -0.022860844 | I19: =B19-D19 -> -8.7471995e-05 | J19: =-C19*(B19-D19) -> 8.6475171e-05 | K19: =C19-E19 -> -0.022861453 | L19: =H19*K19-I19*J19 -> 0.00052263967 | M19: =IFERROR(IF(ABS(L19)<1E-030,0,(-F19*K19+G19*I19)/L19),0) -> -0.00099017163 | N19: =IFERROR(IF(ABS(L19)<1E-030,0,(-G19*H19+F19*J19)/L19),0) -> 4.6634943e-05 | O19: =ABS(F19)+ABS(G19) -> 2.3783848e-05 | Q19: 【何をしているか】4次式を「試しの2次式 (s²+us+v)」で割り算し、余り（r1・r0）がゼロになる u・v を探しています。
A20: 1 | B20: =IFERROR(IF(O19<1E-015,B19,B19+M19),B19) -> 0.0059698284 | C20: =IFERROR(IF(O19<1E-015,C19,C19+N19),C19) -> 0.98865072 | D20: =$B$8-B20 -> 0.0080376436 | E20: =$B$7-C20-B20*D20 -> 1.01142 | F20: =$B$6-(B20*E20+C20*D20) -> -9.8120491e-08 | G20: =$B$5-C20*E20 -> -9.6714179e-07 | H20: =-(E20+B20*(B20-D20)-C20) -> -0.022756905 | I20: =B20-D20 -> -0.0020678153 | J20: =-C20*(B20-D20) -> 0.002044347 | K20: =C20-E20 -> -0.02276925 | L20: =H20*K20-I20*J20 -> 0.000522385 | M20: =IFERROR(IF(ABS(L20)<1E-030,0,(-F20*K20+G20*I20)/L20),0) -> -4.4844214e-07 | N20: =IFERROR(IF(ABS(L20)<1E-030,0,(-G20*H20+F20*J20)/L20),0) -> -4.251605e-05 | O20: =ABS(F20)+ABS(G20) -> 1.0652623e-06
A21: 2 | B21: =IFERROR(IF(O20<1E-015,B20,B20+M20),B20) -> 0.0059693799 | C21: =IFERROR(IF(O20<1E-015,C20,C20+N20),C20) -> 0.9886082 | D21: =$B$8-B21 -> 0.0080380921 | E21: =$B$7-C21-B21*D21 -> 1.0114625 | F21: =$B$6-(B21*E21+C21*D21) -> 3.8131193e-11 | G21: =$B$5-C21*E21 -> 1.8074551e-09 | H21: =-(E21+B21*(B21-D21)-C21) -> -0.022841934 | I21: =B21-D21 -> -0.0020687121 | J21: =-C21*(B21-D21) -> 0.0020451458 | K21: =C21-E21 -> -0.022854283 | L21: =H21*K21-I21*J21 -> 0.00052626684 | M21: =IFERROR(IF(ABS(L21)<1E-030,0,(-F21*K21+G21*I21)/L21),0) -> -5.4490288e-09 | N21: =IFERROR(IF(ABS(L21)<1E-030,0,(-G21*H21+F21*J21)/L21),0) -> 7.8598441e-08 | O21: =ABS(F21)+ABS(G21) -> 1.8455863e-09 | Q21: 【ニュートン法とは】坂道を下るとき、今いる場所の傾きを見て『あと何歩でゼロに着くか』を計算して一気に進む方法。1回ごとに正しい桁数が倍になるので、数回で答えが確定します。
A22: 3 | B22: =IFERROR(IF(O21<1E-015,B21,B21+M21),B21) -> 0.0059693745 | C22: =IFERROR(IF(O21<1E-015,C21,C21+N21),C21) -> 0.98860828 | D22: =$B$8-B22 -> 0.0080380975 | E22: =$B$7-C22-B22*D22 -> 1.0114624 | F22: =$B$6-(B22*E22+C22*D22) -> -8.569534e-16 | G22: =$B$5-C22*E22 -> 6.1062266e-15 | H22: =-(E22+B22*(B22-D22)-C22) -> -0.022841777 | I22: =B22-D22 -> -0.002068723 | J22: =-C22*(B22-D22) -> 0.0020451567 | K22: =C22-E22 -> -0.022854126 | L22: =H22*K22-I22*J22 -> 0.0005262597 | M22: =IFERROR(IF(ABS(L22)<1E-030,0,(-F22*K22+G22*I22)/L22),0) -> -6.1218848e-14 | N22: =IFERROR(IF(ABS(L22)<1E-030,0,(-G22*H22+F22*J22)/L22),0) -> 2.6170437e-13 | O22: =ABS(F22)+ABS(G22) -> 6.96318e-15
A23: 4 | B23: =IFERROR(IF(O22<1E-015,B22,B22+M22),B22) -> 0.0059693745 | C23: =IFERROR(IF(O22<1E-015,C22,C22+N22),C22) -> 0.98860828 | D23: =$B$8-B23 -> 0.0080380975 | E23: =$B$7-C23-B23*D23 -> 1.0114624 | F23: =$B$6-(B23*E23+C23*D23) -> 0 | G23: =$B$5-C23*E23 -> 0 | H23: =-(E23+B23*(B23-D23)-C23) -> -0.022841777 | I23: =B23-D23 -> -0.002068723 | J23: =-C23*(B23-D23) -> 0.0020451567 | K23: =C23-E23 -> -0.022854126 | L23: =H23*K23-I23*J23 -> 0.0005262597 | M23: =IFERROR(IF(ABS(L23)<1E-030,0,(-F23*K23+G23*I23)/L23),0) -> 0 | N23: =IFERROR(IF(ABS(L23)<1E-030,0,(-G23*H23+F23*J23)/L23),0) -> 0 | O23: =ABS(F23)+ABS(G23) -> 0
A24: 5 | B24: =IFERROR(IF(O23<1E-015,B23,B23+M23),B23) -> 0.0059693745 | C24: =IFERROR(IF(O23<1E-015,C23,C23+N23),C23) -> 0.98860828 | D24: =$B$8-B24 -> 0.0080380975 | E24: =$B$7-C24-B24*D24 -> 1.0114624 | F24: =$B$6-(B24*E24+C24*D24) -> 0 | G24: =$B$5-C24*E24 -> 0 | H24: =-(E24+B24*(B24-D24)-C24) -> -0.022841777 | I24: =B24-D24 -> -0.002068723 | J24: =-C24*(B24-D24) -> 0.0020451567 | K24: =C24-E24 -> -0.022854126 | L24: =H24*K24-I24*J24 -> 0.0005262597 | M24: =IFERROR(IF(ABS(L24)<1E-030,0,(-F24*K24+G24*I24)/L24),0) -> 0 | N24: =IFERROR(IF(ABS(L24)<1E-030,0,(-G24*H24+F24*J24)/L24),0) -> 0 | O24: =ABS(F24)+ABS(G24) -> 0 | Q24: 【Solverを使わない理由】ソルバーはアドインの有効化が必要で、初期値によっては収束しないことがあります。ニュートン法を表に展開しておけば、開くだけで常に同じ答えが出ます。
A25: 6 | B25: =IFERROR(IF(O24<1E-015,B24,B24+M24),B24) -> 0.0059693745 | C25: =IFERROR(IF(O24<1E-015,C24,C24+N24),C24) -> 0.98860828 | D25: =$B$8-B25 -> 0.0080380975 | E25: =$B$7-C25-B25*D25 -> 1.0114624 | F25: =$B$6-(B25*E25+C25*D25) -> 0 | G25: =$B$5-C25*E25 -> 0 | H25: =-(E25+B25*(B25-D25)-C25) -> -0.022841777 | I25: =B25-D25 -> -0.002068723 | J25: =-C25*(B25-D25) -> 0.0020451567 | K25: =C25-E25 -> -0.022854126 | L25: =H25*K25-I25*J25 -> 0.0005262597 | M25: =IFERROR(IF(ABS(L25)<1E-030,0,(-F25*K25+G25*I25)/L25),0) -> 0 | N25: =IFERROR(IF(ABS(L25)<1E-030,0,(-G25*H25+F25*J25)/L25),0) -> 0 | O25: =ABS(F25)+ABS(G25) -> 0
A26: 7 | B26: =IFERROR(IF(O25<1E-015,B25,B25+M25),B25) -> 0.0059693745 | C26: =IFERROR(IF(O25<1E-015,C25,C25+N25),C25) -> 0.98860828 | D26: =$B$8-B26 -> 0.0080380975 | E26: =$B$7-C26-B26*D26 -> 1.0114624 | F26: =$B$6-(B26*E26+C26*D26) -> 0 | G26: =$B$5-C26*E26 -> 0 | H26: =-(E26+B26*(B26-D26)-C26) -> -0.022841777 | I26: =B26-D26 -> -0.002068723 | J26: =-C26*(B26-D26) -> 0.0020451567 | K26: =C26-E26 -> -0.022854126 | L26: =H26*K26-I26*J26 -> 0.0005262597 | M26: =IFERROR(IF(ABS(L26)<1E-030,0,(-F26*K26+G26*I26)/L26),0) -> 0 | N26: =IFERROR(IF(ABS(L26)<1E-030,0,(-G26*H26+F26*J26)/L26),0) -> 0 | O26: =ABS(F26)+ABS(G26) -> 0
A27: 8 | B27: =IFERROR(IF(O26<1E-015,B26,B26+M26),B26) -> 0.0059693745 | C27: =IFERROR(IF(O26<1E-015,C26,C26+N26),C26) -> 0.98860828 | D27: =$B$8-B27 -> 0.0080380975 | E27: =$B$7-C27-B27*D27 -> 1.0114624 | F27: =$B$6-(B27*E27+C27*D27) -> 0 | G27: =$B$5-C27*E27 -> 0 | H27: =-(E27+B27*(B27-D27)-C27) -> -0.022841777 | I27: =B27-D27 -> -0.002068723 | J27: =-C27*(B27-D27) -> 0.0020451567 | K27: =C27-E27 -> -0.022854126 | L27: =H27*K27-I27*J27 -> 0.0005262597 | M27: =IFERROR(IF(ABS(L27)<1E-030,0,(-F27*K27+G27*I27)/L27),0) -> 0 | N27: =IFERROR(IF(ABS(L27)<1E-030,0,(-G27*H27+F27*J27)/L27),0) -> 0 | O27: =ABS(F27)+ABS(G27) -> 0 | Q27: 【割り算の中身】c1 = a3 − u ／ c0 = a2 − v − u·c1 ／ 余り r1 = a1 − (u·c0 + v·c1) ／ 余り r0 = a0 − v·c0
A28: 9 | B28: =IFERROR(IF(O27<1E-015,B27,B27+M27),B27) -> 0.0059693745 | C28: =IFERROR(IF(O27<1E-015,C27,C27+N27),C27) -> 0.98860828 | D28: =$B$8-B28 -> 0.0080380975 | E28: =$B$7-C28-B28*D28 -> 1.0114624 | F28: =$B$6-(B28*E28+C28*D28) -> 0 | G28: =$B$5-C28*E28 -> 0 | H28: =-(E28+B28*(B28-D28)-C28) -> -0.022841777 | I28: =B28-D28 -> -0.002068723 | J28: =-C28*(B28-D28) -> 0.0020451567 | K28: =C28-E28 -> -0.022854126 | L28: =H28*K28-I28*J28 -> 0.0005262597 | M28: =IFERROR(IF(ABS(L28)<1E-030,0,(-F28*K28+G28*I28)/L28),0) -> 0 | N28: =IFERROR(IF(ABS(L28)<1E-030,0,(-G28*H28+F28*J28)/L28),0) -> 0 | O28: =ABS(F28)+ABS(G28) -> 0
A29: 10 | B29: =IFERROR(IF(O28<1E-015,B28,B28+M28),B28) -> 0.0059693745 | C29: =IFERROR(IF(O28<1E-015,C28,C28+N28),C28) -> 0.98860828 | D29: =$B$8-B29 -> 0.0080380975 | E29: =$B$7-C29-B29*D29 -> 1.0114624 | F29: =$B$6-(B29*E29+C29*D29) -> 0 | G29: =$B$5-C29*E29 -> 0 | H29: =-(E29+B29*(B29-D29)-C29) -> -0.022841777 | I29: =B29-D29 -> -0.002068723 | J29: =-C29*(B29-D29) -> 0.0020451567 | K29: =C29-E29 -> -0.022854126 | L29: =H29*K29-I29*J29 -> 0.0005262597 | M29: =IFERROR(IF(ABS(L29)<1E-030,0,(-F29*K29+G29*I29)/L29),0) -> 0 | N29: =IFERROR(IF(ABS(L29)<1E-030,0,(-G29*H29+F29*J29)/L29),0) -> 0 | O29: =ABS(F29)+ABS(G29) -> 0
A30: 11 | B30: =IFERROR(IF(O29<1E-015,B29,B29+M29),B29) -> 0.0059693745 | C30: =IFERROR(IF(O29<1E-015,C29,C29+N29),C29) -> 0.98860828 | D30: =$B$8-B30 -> 0.0080380975 | E30: =$B$7-C30-B30*D30 -> 1.0114624 | F30: =$B$6-(B30*E30+C30*D30) -> 0 | G30: =$B$5-C30*E30 -> 0 | H30: =-(E30+B30*(B30-D30)-C30) -> -0.022841777 | I30: =B30-D30 -> -0.002068723 | J30: =-C30*(B30-D30) -> 0.0020451567 | K30: =C30-E30 -> -0.022854126 | L30: =H30*K30-I30*J30 -> 0.0005262597 | M30: =IFERROR(IF(ABS(L30)<1E-030,0,(-F30*K30+G30*I30)/L30),0) -> 0 | N30: =IFERROR(IF(ABS(L30)<1E-030,0,(-G30*H30+F30*J30)/L30),0) -> 0 | O30: =ABS(F30)+ABS(G30) -> 0 | Q30: 【もう片方の2次式】p2 = a3 − p1 ／ q2 = a2 − q1 − p1·p2（割り算の商そのもの）
A31: 12 | B31: =IFERROR(IF(O30<1E-015,B30,B30+M30),B30) -> 0.0059693745 | C31: =IFERROR(IF(O30<1E-015,C30,C30+N30),C30) -> 0.98860828 | D31: =$B$8-B31 -> 0.0080380975 | E31: =$B$7-C31-B31*D31 -> 1.0114624 | F31: =$B$6-(B31*E31+C31*D31) -> 0 | G31: =$B$5-C31*E31 -> 0 | H31: =-(E31+B31*(B31-D31)-C31) -> -0.022841777 | I31: =B31-D31 -> -0.002068723 | J31: =-C31*(B31-D31) -> 0.0020451567 | K31: =C31-E31 -> -0.022854126 | L31: =H31*K31-I31*J31 -> 0.0005262597 | M31: =IFERROR(IF(ABS(L31)<1E-030,0,(-F31*K31+G31*I31)/L31),0) -> 0 | N31: =IFERROR(IF(ABS(L31)<1E-030,0,(-G31*H31+F31*J31)/L31),0) -> 0 | O31: =ABS(F31)+ABS(G31) -> 0
A32: 13 | B32: =IFERROR(IF(O31<1E-015,B31,B31+M31),B31) -> 0.0059693745 | C32: =IFERROR(IF(O31<1E-015,C31,C31+N31),C31) -> 0.98860828 | D32: =$B$8-B32 -> 0.0080380975 | E32: =$B$7-C32-B32*D32 -> 1.0114624 | F32: =$B$6-(B32*E32+C32*D32) -> 0 | G32: =$B$5-C32*E32 -> 0 | H32: =-(E32+B32*(B32-D32)-C32) -> -0.022841777 | I32: =B32-D32 -> -0.002068723 | J32: =-C32*(B32-D32) -> 0.0020451567 | K32: =C32-E32 -> -0.022854126 | L32: =H32*K32-I32*J32 -> 0.0005262597 | M32: =IFERROR(IF(ABS(L32)<1E-030,0,(-F32*K32+G32*I32)/L32),0) -> 0 | N32: =IFERROR(IF(ABS(L32)<1E-030,0,(-G32*H32+F32*J32)/L32),0) -> 0 | O32: =ABS(F32)+ABS(G32) -> 0
A33: 14 | B33: =IFERROR(IF(O32<1E-015,B32,B32+M32),B32) -> 0.0059693745 | C33: =IFERROR(IF(O32<1E-015,C32,C32+N32),C32) -> 0.98860828 | D33: =$B$8-B33 -> 0.0080380975 | E33: =$B$7-C33-B33*D33 -> 1.0114624 | F33: =$B$6-(B33*E33+C33*D33) -> 0 | G33: =$B$5-C33*E33 -> 0 | H33: =-(E33+B33*(B33-D33)-C33) -> -0.022841777 | I33: =B33-D33 -> -0.002068723 | J33: =-C33*(B33-D33) -> 0.0020451567 | K33: =C33-E33 -> -0.022854126 | L33: =H33*K33-I33*J33 -> 0.0005262597 | M33: =IFERROR(IF(ABS(L33)<1E-030,0,(-F33*K33+G33*I33)/L33),0) -> 0 | N33: =IFERROR(IF(ABS(L33)<1E-030,0,(-G33*H33+F33*J33)/L33),0) -> 0 | O33: =ABS(F33)+ABS(G33) -> 0
A34: 15 | B34: =IFERROR(IF(O33<1E-015,B33,B33+M33),B33) -> 0.0059693745 | C34: =IFERROR(IF(O33<1E-015,C33,C33+N33),C33) -> 0.98860828 | D34: =$B$8-B34 -> 0.0080380975 | E34: =$B$7-C34-B34*D34 -> 1.0114624 | F34: =$B$6-(B34*E34+C34*D34) -> 0 | G34: =$B$5-C34*E34 -> 0 | H34: =-(E34+B34*(B34-D34)-C34) -> -0.022841777 | I34: =B34-D34 -> -0.002068723 | J34: =-C34*(B34-D34) -> 0.0020451567 | K34: =C34-E34 -> -0.022854126 | L34: =H34*K34-I34*J34 -> 0.0005262597 | M34: =IFERROR(IF(ABS(L34)<1E-030,0,(-F34*K34+G34*I34)/L34),0) -> 0 | N34: =IFERROR(IF(ABS(L34)<1E-030,0,(-G34*H34+F34*J34)/L34),0) -> 0 | O34: =ABS(F34)+ABS(G34) -> 0
A35: 16 | B35: =IFERROR(IF(O34<1E-015,B34,B34+M34),B34) -> 0.0059693745 | C35: =IFERROR(IF(O34<1E-015,C34,C34+N34),C34) -> 0.98860828 | D35: =$B$8-B35 -> 0.0080380975 | E35: =$B$7-C35-B35*D35 -> 1.0114624 | F35: =$B$6-(B35*E35+C35*D35) -> 0 | G35: =$B$5-C35*E35 -> 0 | H35: =-(E35+B35*(B35-D35)-C35) -> -0.022841777 | I35: =B35-D35 -> -0.002068723 | J35: =-C35*(B35-D35) -> 0.0020451567 | K35: =C35-E35 -> -0.022854126 | L35: =H35*K35-I35*J35 -> 0.0005262597 | M35: =IFERROR(IF(ABS(L35)<1E-030,0,(-F35*K35+G35*I35)/L35),0) -> 0 | N35: =IFERROR(IF(ABS(L35)<1E-030,0,(-G35*H35+F35*J35)/L35),0) -> 0 | O35: =ABS(F35)+ABS(G35) -> 0
A36: 17 | B36: =IFERROR(IF(O35<1E-015,B35,B35+M35),B35) -> 0.0059693745 | C36: =IFERROR(IF(O35<1E-015,C35,C35+N35),C35) -> 0.98860828 | D36: =$B$8-B36 -> 0.0080380975 | E36: =$B$7-C36-B36*D36 -> 1.0114624 | F36: =$B$6-(B36*E36+C36*D36) -> 0 | G36: =$B$5-C36*E36 -> 0 | H36: =-(E36+B36*(B36-D36)-C36) -> -0.022841777 | I36: =B36-D36 -> -0.002068723 | J36: =-C36*(B36-D36) -> 0.0020451567 | K36: =C36-E36 -> -0.022854126 | L36: =H36*K36-I36*J36 -> 0.0005262597 | M36: =IFERROR(IF(ABS(L36)<1E-030,0,(-F36*K36+G36*I36)/L36),0) -> 0 | N36: =IFERROR(IF(ABS(L36)<1E-030,0,(-G36*H36+F36*J36)/L36),0) -> 0 | O36: =ABS(F36)+ABS(G36) -> 0
A37: 18 | B37: =IFERROR(IF(O36<1E-015,B36,B36+M36),B36) -> 0.0059693745 | C37: =IFERROR(IF(O36<1E-015,C36,C36+N36),C36) -> 0.98860828 | D37: =$B$8-B37 -> 0.0080380975 | E37: =$B$7-C37-B37*D37 -> 1.0114624 | F37: =$B$6-(B37*E37+C37*D37) -> 0 | G37: =$B$5-C37*E37 -> 0 | H37: =-(E37+B37*(B37-D37)-C37) -> -0.022841777 | I37: =B37-D37 -> -0.002068723 | J37: =-C37*(B37-D37) -> 0.0020451567 | K37: =C37-E37 -> -0.022854126 | L37: =H37*K37-I37*J37 -> 0.0005262597 | M37: =IFERROR(IF(ABS(L37)<1E-030,0,(-F37*K37+G37*I37)/L37),0) -> 0 | N37: =IFERROR(IF(ABS(L37)<1E-030,0,(-G37*H37+F37*J37)/L37),0) -> 0 | O37: =ABS(F37)+ABS(G37) -> 0
A38: 19 | B38: =IFERROR(IF(O37<1E-015,B37,B37+M37),B37) -> 0.0059693745 | C38: =IFERROR(IF(O37<1E-015,C37,C37+N37),C37) -> 0.98860828 | D38: =$B$8-B38 -> 0.0080380975 | E38: =$B$7-C38-B38*D38 -> 1.0114624 | F38: =$B$6-(B38*E38+C38*D38) -> 0 | G38: =$B$5-C38*E38 -> 0 | H38: =-(E38+B38*(B38-D38)-C38) -> -0.022841777 | I38: =B38-D38 -> -0.002068723 | J38: =-C38*(B38-D38) -> 0.0020451567 | K38: =C38-E38 -> -0.022854126 | L38: =H38*K38-I38*J38 -> 0.0005262597 | M38: =IFERROR(IF(ABS(L38)<1E-030,0,(-F38*K38+G38*I38)/L38),0) -> 0 | N38: =IFERROR(IF(ABS(L38)<1E-030,0,(-G38*H38+F38*J38)/L38),0) -> 0 | O38: =ABS(F38)+ABS(G38) -> 0
A39: 20 | B39: =IFERROR(IF(O38<1E-015,B38,B38+M38),B38) -> 0.0059693745 | C39: =IFERROR(IF(O38<1E-015,C38,C38+N38),C38) -> 0.98860828 | D39: =$B$8-B39 -> 0.0080380975 | E39: =$B$7-C39-B39*D39 -> 1.0114624 | F39: =$B$6-(B39*E39+C39*D39) -> 0 | G39: =$B$5-C39*E39 -> 0 | H39: =-(E39+B39*(B39-D39)-C39) -> -0.022841777 | I39: =B39-D39 -> -0.002068723 | J39: =-C39*(B39-D39) -> 0.0020451567 | K39: =C39-E39 -> -0.022854126 | L39: =H39*K39-I39*J39 -> 0.0005262597 | M39: =IFERROR(IF(ABS(L39)<1E-030,0,(-F39*K39+G39*I39)/L39),0) -> 0 | N39: =IFERROR(IF(ABS(L39)<1E-030,0,(-G39*H39+F39*J39)/L39),0) -> 0 | O39: =ABS(F39)+ABS(G39) -> 0
A42: ■ 収束結果
A43: p1（モードA） | B43: =B39 -> 0.0059693745
A44: q1（モードA） | B44: =C39 -> 0.98860828
A45: p2（モードB） | B45: =$B$8-B43 -> 0.0080380975
A46: q2（モードB） | B46: =$B$7-B44-B43*B45 -> 1.0114624
A47: 最終残差 | B47: =O39 -> 0
A48: 収束判定 | B48: =IF(B47<0.00000001,"✓ 収束しました","⚠ 未収束。初期値（B11/B12/B13）を山の位置に近づけてください") -> ✓ 収束しました
A49: 物理的な妥当性 | B49: =IF(OR(B44<=0,B46<=0),"⚠ q が負。振動モードとして成立していません。帯域を見直してください",IF(OR(B43<=0,B45<=0),"⚠ p が負（負減衰）。ノイズか帯域外モードの影響です","✓ 2つとも正常な振動モードです")) -> ✓ 2つとも正常な振動モードです

Sheet 09_モーダル諸元
A1: ⑨ モーダル諸元（固有振動数・減衰）｜最終的な答え
A2: ここが読み取るべき結果です。ME'scope の Modal Parameters スプレッドシートと同じ項目を並べてあります。
A4: 項目 | B4: モードA | C4: モードB | D4: 単位 | E4: 計算式・意味
A5: p（正規化2次式の1次係数） | B5: =08_極の分離_ニュートン法!B43 -> 0.0059693745 | C5: =08_極の分離_ニュートン法!B45 -> 0.0080380975 | D5: － | E5: 割り算で出た値。2ζΩn に相当
A6: q（正規化2次式の定数項） | B6: =08_極の分離_ニュートン法!B44 -> 0.98860828 | C6: =08_極の分離_ニュートン法!B46 -> 1.0114624 | D6: － | E6: 割り算で出た値。Ωn² に相当
A7: Ωn（正規化不減衰固有角周波数） | B7: =IFERROR(SQRT(B6),"") -> 0.99428783 | C7: =IFERROR(SQRT(C6),"") -> 1.0057149 | D7: － | E7: Ωn = √q
A8: ζ（ゼータ）減衰比 | B8: =IFERROR(B5/(2*B7),"") -> 0.0030018342 | C8: =IFERROR(C5/(2*C7),"") -> 0.0039962109 | D8: － | E8: ζ = p ÷ (2Ωn) ※臨界減衰に対する割合
A9: fn 不減衰固有振動数 | B9: =IFERROR(B7*08_極の分離_ニュートン法!$F$5/(2*PI()),"") -> 3480.0074 | C9: =IFERROR(C7*08_極の分離_ニュートン法!$F$5/(2*PI()),"") -> 3520.0021 | D9: Hz | E9: fn = Ωn × ωref ÷ 2π ←FEMと比べるのはこの値
A10: fd 減衰固有振動数 | B10: =IFERROR(B9*SQRT(1-B8^2),"") -> 3479.9917 | C10: =IFERROR(C9*SQRT(1-C8^2),"") -> 3519.9739 | D10: Hz | E10: fd = fn√(1−ζ²) ←実際にFRFの山が立つ位置。ME'scopeの Frequency はこれ
A11: ωn 不減衰固有角周波数 | B11: =IFERROR(2*PI()*B9,"") -> 21865.531 | C11: =IFERROR(2*PI()*C9,"") -> 22116.825 | D11: rad/s | E11: ωn = 2π·fn
A12: ωd 減衰固有角周波数 | B12: =IFERROR(2*PI()*B10,"") -> 21865.433 | C12: =IFERROR(2*PI()*C10,"") -> 22116.649 | D12: rad/s | E12: ωd = 2π·fd
A13: σ（シグマ）減衰係数 | B13: =IFERROR(B8*B11,"") -> 65.636701 | C13: =IFERROR(C8*C11,"") -> 88.383498 | D13: rad/s | E13: σ = ζ·ωn ←揺れが e^(−σt) で消える速さ
A14: σ 減衰係数（Hz表記） | B14: =IFERROR(B13/(2*PI()),"") -> 10.446405 | C14: =IFERROR(C13/(2*PI()),"") -> 14.066671 | D14: Hz | E14: ME'scope の Damping 欄はこのHz表記（Decay Constant）
A15: η（イータ）損失係数 | B15: =IFERROR(2*B8,"") -> 0.0060036685 | C15: =IFERROR(2*C8,"") -> 0.0079924218 | D15: － | E15: η = 2ζ 🟢ME'scope公式ヘルプ：Loss factor は臨界減衰比の2倍
A16: Q値（尖り具合） | B16: =IFERROR(1/B15,"") -> 166.56483 | C16: =IFERROR(1/C15,"") -> 125.11852 | D16: － | E16: Q = 1 ÷ η 🟢ME'scope：Quality factor は Loss factor の逆数
A17: 半値幅（3dB帯域幅） | B17: =IFERROR(2*B14,"") -> 20.892811 | C17: =IFERROR(2*C14,"") -> 28.133341 | D17: Hz | E17: 🟢ME'scope：山の幅は減衰係数σの2倍
A18: 減衰比（％表記） | B18: =IFERROR(B8*100,"") -> 0.30018342 | C18: =IFERROR(C8*100,"") -> 0.39962109 | D18: % | E18: ME'scope の Damping(%) 欄
A19: 極 p = −σ + jωd（実部） | B19: =IFERROR(-B13,"") -> -65.636701 | C19: =IFERROR(-C13,"") -> -88.383498 | D19: rad/s | E19: s平面上の位置（左半面にあれば安定）
A20: 極 p = −σ + jωd（虚部） | B20: =IFERROR(B12,"") -> 21865.433 | C20: =IFERROR(C12,"") -> 22116.649 | D20: rad/s
A23: ■ 指数窓を使った場合の減衰補正（02シートと連動）
A24: 指数窓を使いましたか？（1=はい / 0=いいえ） | B24: 0 | E24: 指数窓は e^(−t/τ) を掛けるので、測った減衰係数は σ_meas = σ_true + 1/τ になります。だから引き算で戻せます。
A25: 窓による損失係数の上乗せ Δη | B25: =IF($B$24=1,IFERROR(02_窓関数の選定!C29,0),0) -> 0
A26: 補正後の損失係数 η_true | B26: =IFERROR(B15-$B$25,"") -> 0.0060036685 | C26: =IFERROR(C15-$B$25,"") -> 0.0079924218 | E26: Δη = 1/(π·fn·τ)。窓なし測定なら B24 は 0 のままでOK。
A27: 補正後の減衰比 ζ_true | B27: =IFERROR(B26/2,"") -> 0.0030018342 | C27: =IFERROR(C26/2,"") -> 0.0039962109
A28: 補正後のQ値 | B28: =IFERROR(1/B26,"") -> 166.56483 | C28: =IFERROR(1/C26,"") -> 125.11852
A30: ■ 2つのモードの分離度チェック
A31: 周波数の差 |fA − fB| | B31: =IFERROR(ABS(B9-C9),"") -> 39.994666 | E31: この比が1を切ると、目で見て山は1本にしか見えません。それでも数式は2本に分けられます。
A32: 半値幅の平均 | B32: =IFERROR((B17+C17)/2,"") -> 24.513076
A33: 分離度（差 ÷ 半値幅） | B33: =IFERROR(B31/B32,"") -> 1.6315646 | E33: 🟡 経験則：比が0.3を下回ると1点加振でのRFPは不安定になりやすく、加振点を変えた2組目のデータ（相反性を使った疑似MIMO）が欲しくなります。
A34: 判定 | B34: =IFERROR(IF(B33>2,"完全に分離した2本の山。半値幅法でも近い値が出ます",IF(B33>0.5,"重なった双子モード。RFP法が必須（このブックの本領）","ほぼ完全な縮退。1点加振では分離の信頼性が低い→複数参照（MIMO）が必要")),"") -> 重なった双子モード。RFP法が必須（このブックの本領）

Sheet 10_レジデュー_MEscope
A1: ⑩ レジデュー（残差）＝モード形状の成分｜ME'scope 手順③に相当
A2: 極（固有振動数・減衰）が決まったら、あとは『山の高さ』を線形最小二乗で求めるだけ。ME'scope の Residue curve fitting と同じ工程です。
A4: ■ ME'scope が使っている部分分数モデル（🟢一次情報：Richardson, Vibrant Technology, 2000, 式(13)） | U4: σA [rad/s] | V4: =09_モーダル諸元!B13 -> 65.636701
B5: H(s) = Σ [ r(k) ÷ (2j(s − p(k))) − r(k)* ÷ (2j(s − p(k)*)) ] | U5: ωdA [rad/s] | V5: =09_モーダル諸元!B12 -> 21865.433
B6: p(k) = −σ(k) + jω(k)（極）、r(k)＝レジデュー、*＝複素共役。ここでは扱いやすい等価形 H = Σ [ A/(jω−p) + A*/(jω−p*) ] で解き、最後に r = 2j·A に直します。 | U6: σB [rad/s] | V6: =09_モーダル諸元!C13 -> 88.383498
B7: さらに帯域外モードの影響を吸収する残余項を2つ足します：下側残余 RL（帯域より下のモードの効き＝−RL/ω²）と 上側残余 RU（帯域より上のモードの効き＝定数）。 | U7: ωdB [rad/s] | V7: =09_モーダル諸元!C12 -> 22116.649
U8: リッジ係数 | V8: 1e-12
A10: 種別 | B10: 点 | C10: ω [rad/s] | D10: Re(H) 実測 | E10: Im(H) 実測 | F10: g1r | G10: g1i | H10: h1r | I10: h1i | J10: g2r | K10: g2i | L10: h2r | M10: h2i | N10: 列α1 | O10: 列β1 | P10: 列α2 | Q10: 列β2 | R10: 列RL | S10: 列RU | T10: 右辺
A11: ="実部" -> 実部 | B11: =IF(03_FRFデータ貼付!B8="","",03_FRFデータ貼付!A8) -> 1 | C11: =IF(03_FRFデータ貼付!B8="",0,03_FRFデータ貼付!G8) -> 21362.83 | D11: =IF(03_FRFデータ貼付!C8="",0,03_FRFデータ貼付!C8) -> 5.1e-05 | E11: =IF(03_FRFデータ貼付!D8="",0,03_FRFデータ貼付!D8) -> 0.00301 | F11: =IF($C11=0,0,$V$4/($V$4^2+($C11-$V$5)^2)) -> 0.00025547756 | G11: =IF($C11=0,0,-($C11-$V$5)/($V$4^2+($C11-$V$5)^2)) -> 0.0019562793 | H11: =IF($C11=0,0,$V$4/($V$4^2+($C11+$V$5)^2)) -> 3.5124502e-08 | I11: =IF($C11=0,0,-($C11+$V$5)/($V$4^2+($C11+$V$5)^2)) -> -2.313296e-05 | J11: =IF($C11=0,0,$V$6/($V$6^2+($C11-$V$7)^2)) -> 0.00015342918 | K11: =IF($C11=0,0,-($C11-$V$7)/($V$6^2+($C11-$V$7)^2)) -> 0.00130859 | L11: =IF($C11=0,0,$V$6/($V$6^2+($C11+$V$7)^2)) -> 4.6752058e-08 | M11: =IF($C11=0,0,-($C11+$V$7)/($V$6^2+($C11+$V$7)^2)) -> -2.2999261e-05 | N11: =F11+H11 -> 0.00025551268 | O11: =I11-G11 -> -0.0019794122 | P11: =J11+L11 -> 0.00015347593 | Q11: =M11-K11 -> -0.0013315892 | R11: =IF($C11=0,0,-1/$C11^2) -> -2.1912021e-09 | S11: =IF($C11=0,0,1) -> 1 | T11: =D11 -> 5.1e-05 | U11: MᵀM（6×6）
A12: ="実部" -> 実部 | B12: =IF(03_FRFデータ貼付!B9="","",03_FRFデータ貼付!A9) -> 2 | C12: =IF(03_FRFデータ貼付!B9="",0,03_FRFデータ貼付!G9) -> 21425.662 | D12: =IF(03_FRFデータ貼付!C9="",0,03_FRFデータ貼付!C9) -> 9.3e-05 | E12: =IF(03_FRFデータ貼付!D9="",0,03_FRFデータ貼付!D9) -> 0.003391 | F12: =IF($C12=0,0,$V$4/($V$4^2+($C12-$V$5)^2)) -> 0.00033199044 | G12: =IF($C12=0,0,-($C12-$V$5)/($V$4^2+($C12-$V$5)^2)) -> 0.0022243611 | H12: =IF($C12=0,0,$V$4/($V$4^2+($C12+$V$5)^2)) -> 3.5022618e-08 | I12: =IF($C12=0,0,-($C12+$V$5)/($V$4^2+($C12+$V$5)^2)) -> -2.3099386e-05 | J12: =IF($C12=0,0,$V$6/($V$6^2+($C12-$V$7)^2)) -> 0.00018213103 | K12: =IF($C12=0,0,-($C12-$V$7)/($V$6^2+($C12-$V$7)^2)) -> 0.0014239097 | L12: =IF($C12=0,0,$V$6/($V$6^2+($C12+$V$7)^2)) -> 4.6617229e-08 | M12: =IF($C12=0,0,-($C12+$V$7)/($V$6^2+($C12+$V$7)^2)) -> -2.2966073e-05 | N12: =F12+H12 -> 0.00033202546 | O12: =I12-G12 -> -0.0022474605 | P12: =J12+L12 -> 0.00018217765 | Q12: =M12-K12 -> -0.0014468757 | R12: =IF($C12=0,0,-1/$C12^2) -> -2.1783693e-09 | S12: =IF($C12=0,0,1) -> 1 | T12: =D12 -> 9.3e-05 | V12: =INDEX(MMULT(TRANSPOSE($N$11:$S$250),$N$11:$S$250),1,1) -> 0.00071436779 | W12: =INDEX(MMULT(TRANSPOSE($N$11:$S$250),$N$11:$S$250),1,2) -> -2.1428488e-06 | X12: =INDEX(MMULT(TRANSPOSE($N$11:$S$250),$N$11:$S$250),1,3) -> 0.00012910641 | Y12: =INDEX(MMULT(TRANSPOSE($N$11:$S$250),$N$11:$S$250),1,4) -> -0.00029113943 | Z12: =INDEX(MMULT(TRANSPOSE($N$11:$S$250),$N$11:$S$250),1,5) -> -9.7976709e-11 | AA12: =INDEX(MMULT(TRANSPOSE($N$11:$S$250),$N$11:$S$250),1,6) -> 0.046871531
A13: ="実部" -> 実部 | B13: =IF(03_FRFデータ貼付!B10="","",03_FRFデータ貼付!A10) -> 3 | C13: =IF(03_FRFデータ貼付!B10="",0,03_FRFデータ貼付!G10) -> 21488.494 | D13: =IF(03_FRFデータ貼付!C10="",0,03_FRFデータ貼付!C10) -> 0.000162 | E13: =IF(03_FRFデータ貼付!D10="",0,03_FRFデータ貼付!D10) -> 0.003876 | F13: =IF($C13=0,0,$V$4/($V$4^2+($C13-$V$5)^2)) -> 0.00044836506 | G13: =IF($C13=0,0,-($C13-$V$5)/($V$4^2+($C13-$V$5)^2)) -> 0.0025748748 | H13: =IF($C13=0,0,$V$4/($V$4^2+($C13+$V$5)^2)) -> 3.4921177e-08 | I13: =IF($C13=0,0,-($C13+$V$5)/($V$4^2+($C13+$V$5)^2)) -> -2.3065909e-05 | J13: =IF($C13=0,0,$V$6/($V$6^2+($C13-$V$7)^2)) -> 0.00021964628 | K13: =IF($C13=0,0,-($C13-$V$7)/($V$6^2+($C13-$V$7)^2)) -> 0.0015610592 | L13: =IF($C13=0,0,$V$6/($V$6^2+($C13+$V$7)^2)) -> 4.6482983e-08 | M13: =IF($C13=0,0,-($C13+$V$7)/($V$6^2+($C13+$V$7)^2)) -> -2.2932981e-05 | N13: =F13+H13 -> 0.00044839998 | O13: =I13-G13 -> -0.0025979407 | P13: =J13+L13 -> 0.00021969277 | Q13: =M13-K13 -> -0.0015839922 | R13: =IF($C13=0,0,-1/$C13^2) -> -2.1656489e-09 | S13: =IF($C13=0,0,1) -> 1 | T13: =D13 -> 0.000162 | V13: =INDEX(MMULT(TRANSPOSE($N$11:$S$250),$N$11:$S$250),2,1) -> -2.1428488e-06 | W13: =INDEX(MMULT(TRANSPOSE($N$11:$S$250),$N$11:$S$250),2,2) -> 0.00071384326 | X13: =INDEX(MMULT(TRANSPOSE($N$11:$S$250),$N$11:$S$250),2,3) -> 0.00028693319 | Y13: =INDEX(MMULT(TRANSPOSE($N$11:$S$250),$N$11:$S$250),2,4) -> 0.00012913227 | Z13: =INDEX(MMULT(TRANSPOSE($N$11:$S$250),$N$11:$S$250),2,5) -> -8.3132791e-12 | AA13: =INDEX(MMULT(TRANSPOSE($N$11:$S$250),$N$11:$S$250),2,6) -> 0.0055939398
A14: ="実部" -> 実部 | B14: =IF(03_FRFデータ貼付!B11="","",03_FRFデータ貼付!A11) -> 4 | C14: =IF(03_FRFデータ貼付!B11="",0,03_FRFデータ貼付!G11) -> 21551.326 | D14: =IF(03_FRFデータ貼付!C11="",0,03_FRFデータ貼付!C11) -> 0.00028 | E14: =IF(03_FRFデータ貼付!D11="",0,03_FRFデータ貼付!D11) -> 0.004516 | F14: =IF($C14=0,0,$V$4/($V$4^2+($C14-$V$5)^2)) -> 0.00063742596 | G14: =IF($C14=0,0,-($C14-$V$5)/($V$4^2+($C14-$V$5)^2)) -> 0.0030504285 | H14: =IF($C14=0,0,$V$4/($V$4^2+($C14+$V$5)^2)) -> 3.4820176e-08 | I14: =IF($C14=0,0,-($C14+$V$5)/($V$4^2+($C14+$V$5)^2)) -> -2.3032528e-05 | J14: =IF($C14=0,0,$V$6/($V$6^2+($C14-$V$7)^2)) -> 0.00026995429 | K14: =IF($C14=0,0,-($C14-$V$7)/($V$6^2+($C14-$V$7)^2)) -> 0.0017266952 | L14: =IF($C14=0,0,$V$6/($V$6^2+($C14+$V$7)^2)) -> 4.6349315e-08 | M14: =IF($C14=0,0,-($C14+$V$7)/($V$6^2+($C14+$V$7)^2)) -> -2.2899984e-05 | N14: =F14+H14 -> 0.00063746078 | O14: =I14-G14 -> -0.003073461 | P14: =J14+L14 -> 0.00027000064 | Q14: =M14-K14 -> -0.0017495952 | R14: =IF($C14=0,0,-1/$C14^2) -> -2.1530396e-09 | S14: =IF($C14=0,0,1) -> 1 | T14: =D14 -> 0.00028 | V14: =INDEX(MMULT(TRANSPOSE($N$11:$S$250),$N$11:$S$250),3,1) -> 0.00012910641 | W14: =INDEX(MMULT(TRANSPOSE($N$11:$S$250),$N$11:$S$250),3,2) -> 0.00028693319 | X14: =INDEX(MMULT(TRANSPOSE($N$11:$S$250),$N$11:$S$250),3,3) -> 0.00051594195 | Y14: =INDEX(MMULT(TRANSPOSE($N$11:$S$250),$N$11:$S$250),3,4) -> -2.0641075e-06 | Z14: =INDEX(MMULT(TRANSPOSE($N$11:$S$250),$N$11:$S$250),3,5) -> -9.3393943e-11 | AA14: =INDEX(MMULT(TRANSPOSE($N$11:$S$250),$N$11:$S$250),3,6) -> 0.045625948
A15: ="実部" -> 実部 | B15: =IF(03_FRFデータ貼付!B12="","",03_FRFデータ貼付!A12) -> 5 | C15: =IF(03_FRFデータ貼付!B12="",0,03_FRFデータ貼付!G12) -> 21614.157 | D15: =IF(03_FRFデータ貼付!C12="",0,03_FRFデータ貼付!C12) -> 0.000512 | E15: =IF(03_FRFデータ貼付!D12="",0,03_FRFデータ貼付!D12) -> 0.005463 | F15: =IF($C15=0,0,$V$4/($V$4^2+($C15-$V$5)^2)) -> 0.00097315303 | G15: =IF($C15=0,0,-($C15-$V$5)/($V$4^2+($C15-$V$5)^2)) -> 0.003725497 | H15: =IF($C15=0,0,$V$4/($V$4^2+($C15+$V$5)^2)) -> 3.4719612e-08 | I15: =IF($C15=0,0,-($C15+$V$5)/($V$4^2+($C15+$V$5)^2)) -> -2.2999244e-05 | J15: =IF($C15=0,0,$V$6/($V$6^2+($C15-$V$7)^2)) -> 0.00033953304 | K15: =IF($C15=0,0,-($C15-$V$7)/($V$6^2+($C15-$V$7)^2)) -> 0.0019303642 | L15: =IF($C15=0,0,$V$6/($V$6^2+($C15+$V$7)^2)) -> 4.6216223e-08 | M15: =IF($C15=0,0,-($C15+$V$7)/($V$6^2+($C15+$V$7)^2)) -> -2.2867082e-05 | N15: =F15+H15 -> 0.00097318774 | O15: =I15-G15 -> -0.0037484963 | P15: =J15+L15 -> 0.00033957926 | Q15: =M15-K15 -> -0.0019532313 | R15: =IF($C15=0,0,-1/$C15^2) -> -2.1405401e-09 | S15: =IF($C15=0,0,1) -> 1 | T15: =D15 -> 0.000512 | V15: =INDEX(MMULT(TRANSPOSE($N$11:$S$250),$N$11:$S$250),4,1) -> -0.00029113943 | W15: =INDEX(MMULT(TRANSPOSE($N$11:$S$250),$N$11:$S$250),4,2) -> 0.00012913227 | X15: =INDEX(MMULT(TRANSPOSE($N$11:$S$250),$N$11:$S$250),4,3) -> -2.0641075e-06 | Y15: =INDEX(MMULT(TRANSPOSE($N$11:$S$250),$N$11:$S$250),4,4) -> 0.00051651204 | Z15: =INDEX(MMULT(TRANSPOSE($N$11:$S$250),$N$11:$S$250),4,5) -> 1.644531e-11 | AA15: =INDEX(MMULT(TRANSPOSE($N$11:$S$250),$N$11:$S$250),4,6) -> -0.0064866696
A16: ="実部" -> 実部 | B16: =IF(03_FRFデータ貼付!B13="","",03_FRFデータ貼付!A13) -> 6 | C16: =IF(03_FRFデータ貼付!B13="",0,03_FRFデータ貼付!G13) -> 21676.989 | D16: =IF(03_FRFデータ貼付!C13="",0,03_FRFデータ貼付!C13) -> 0.001016 | E16: =IF(03_FRFデータ貼付!D13="",0,03_FRFデータ貼付!D13) -> 0.006854 | F16: =IF($C16=0,0,$V$4/($V$4^2+($C16-$V$5)^2)) -> 0.0016483717 | G16: =IF($C16=0,0,-($C16-$V$5)/($V$4^2+($C16-$V$5)^2)) -> 0.0047324875 | H16: =IF($C16=0,0,$V$4/($V$4^2+($C16+$V$5)^2)) -> 3.4619484e-08 | I16: =IF($C16=0,0,-($C16+$V$5)/($V$4^2+($C16+$V$5)^2)) -> -2.2966057e-05 | J16: =IF($C16=0,0,$V$6/($V$6^2+($C16-$V$7)^2)) -> 0.00043947419 | K16: =IF($C16=0,0,-($C16-$V$7)/($V$6^2+($C16-$V$7)^2)) -> 0.0021861423 | L16: =IF($C16=0,0,$V$6/($V$6^2+($C16+$V$7)^2)) -> 4.6083703e-08 | M16: =IF($C16=0,0,-($C16+$V$7)/($V$6^2+($C16+$V$7)^2)) -> -2.2834274e-05 | N16: =F16+H16 -> 0.0016484063 | O16: =I16-G16 -> -0.0047554535 | P16: =J16+L16 -> 0.00043952027 | Q16: =M16-K16 -> -0.0022089766 | R16: =IF($C16=0,0,-1/$C16^2) -> -2.1281492e-09 | S16: =IF($C16=0,0,1) -> 1 | T16: =D16 -> 0.001016 | V16: =INDEX(MMULT(TRANSPOSE($N$11:$S$250),$N$11:$S$250),5,1) -> -9.7976709e-11 | W16: =INDEX(MMULT(TRANSPOSE($N$11:$S$250),$N$11:$S$250),5,2) -> -8.3132791e-12 | X16: =INDEX(MMULT(TRANSPOSE($N$11:$S$250),$N$11:$S$250),5,3) -> -9.3393943e-11 | Y16: =INDEX(MMULT(TRANSPOSE($N$11:$S$250),$N$11:$S$250),5,4) -> 1.644531e-11 | Z16: =INDEX(MMULT(TRANSPOSE($N$11:$S$250),$N$11:$S$250),5,5) -> 9.0059197e-17 | AA16: =INDEX(MMULT(TRANSPOSE($N$11:$S$250),$N$11:$S$250),5,6) -> -4.3462392e-08
A17: ="実部" -> 実部 | B17: =IF(03_FRFデータ貼付!B14="","",03_FRFデータ貼付!A14) -> 7 | C17: =IF(03_FRFデータ貼付!B14="",0,03_FRFデータ貼付!G14) -> 21739.821 | D17: =IF(03_FRFデータ貼付!C14="",0,03_FRFデータ貼付!C14) -> 0.002362 | E17: =IF(03_FRFデータ貼付!D14="",0,03_FRFデータ貼付!D14) -> 0.00908 | F17: =IF($C17=0,0,$V$4/($V$4^2+($C17-$V$5)^2)) -> 0.0032677099 | G17: =IF($C17=0,0,-($C17-$V$5)/($V$4^2+($C17-$V$5)^2)) -> 0.0062535486 | H17: =IF($C17=0,0,$V$4/($V$4^2+($C17+$V$5)^2)) -> 3.4519788e-08 | I17: =IF($C17=0,0,-($C17+$V$5)/($V$4^2+($C17+$V$5)^2)) -> -2.2932964e-05 | J17: =IF($C17=0,0,$V$6/($V$6^2+($C17-$V$7)^2)) -> 0.00058996845 | K17: =IF($C17=0,0,-($C17-$V$7)/($V$6^2+($C17-$V$7)^2)) -> 0.0025153597 | L17: =IF($C17=0,0,$V$6/($V$6^2+($C17+$V$7)^2)) -> 4.5951753e-08 | M17: =IF($C17=0,0,-($C17+$V$7)/($V$6^2+($C17+$V$7)^2)) -> -2.280156e-05 | N17: =F17+H17 -> 0.0032677444 | O17: =I17-G17 -> -0.0062764816 | P17: =J17+L17 -> 0.00059001441 | Q17: =M17-K17 -> -0.0025381613 | R17: =IF($C17=0,0,-1/$C17^2) -> -2.1158655e-09 | S17: =IF($C17=0,0,1) -> 1 | T17: =D17 -> 0.002362 | V17: =INDEX(MMULT(TRANSPOSE($N$11:$S$250),$N$11:$S$250),6,1) -> 0.046871531 | W17: =INDEX(MMULT(TRANSPOSE($N$11:$S$250),$N$11:$S$250),6,2) -> 0.0055939398 | X17: =INDEX(MMULT(TRANSPOSE($N$11:$S$250),$N$11:$S$250),6,3) -> 0.045625948 | Y17: =INDEX(MMULT(TRANSPOSE($N$11:$S$250),$N$11:$S$250),6,4) -> -0.0064866696 | Z17: =INDEX(MMULT(TRANSPOSE($N$11:$S$250),$N$11:$S$250),6,5) -> -4.3462392e-08 | AA17: =INDEX(MMULT(TRANSPOSE($N$11:$S$250),$N$11:$S$250),6,6) -> 21
A18: ="実部" -> 実部 | B18: =IF(03_FRFデータ貼付!B15="","",03_FRFデータ貼付!A15) -> 8 | C18: =IF(03_FRFデータ貼付!B15="",0,03_FRFデータ貼付!G15) -> 21802.653 | D18: =IF(03_FRFデータ貼付!C15="",0,03_FRFデータ貼付!C15) -> 0.006939 | E18: =IF(03_FRFデータ貼付!D15="",0,03_FRFデータ貼付!D15) -> 0.012171 | F18: =IF($C18=0,0,$V$4/($V$4^2+($C18-$V$5)^2)) -> 0.0079564707 | G18: =IF($C18=0,0,-($C18-$V$5)/($V$4^2+($C18-$V$5)^2)) -> 0.0076101524 | H18: =IF($C18=0,0,$V$4/($V$4^2+($C18+$V$5)^2)) -> 3.4420522e-08 | I18: =IF($C18=0,0,-($C18+$V$5)/($V$4^2+($C18+$V$5)^2)) -> -2.2899967e-05 | J18: =IF($C18=0,0,$V$6/($V$6^2+($C18-$V$7)^2)) -> 0.00083063403 | K18: =IF($C18=0,0,-($C18-$V$7)/($V$6^2+($C18-$V$7)^2)) -> 0.0029509514 | L18: =IF($C18=0,0,$V$6/($V$6^2+($C18+$V$7)^2)) -> 4.5820369e-08 | M18: =IF($C18=0,0,-($C18+$V$7)/($V$6^2+($C18+$V$7)^2)) -> -2.276894e-05 | N18: =F18+H18 -> 0.0079565051 | O18: =I18-G18 -> -0.0076330524 | P18: =J18+L18 -> 0.00083067985 | Q18: =M18-K18 -> -0.0029737203 | R18: =IF($C18=0,0,-1/$C18^2) -> -2.1036879e-09 | S18: =IF($C18=0,0,1) -> 1 | T18: =D18 -> 0.006939
A19: ="実部" -> 実部 | B19: =IF(03_FRFデータ貼付!B16="","",03_FRFデータ貼付!A16) -> 9 | C19: =IF(03_FRFデータ貼付!B16="",0,03_FRFデータ貼付!G16) -> 21865.485 | D19: =IF(03_FRFデータ貼付!C16="",0,03_FRFデータ貼付!C16) -> 0.016968 | E19: =IF(03_FRFデータ貼付!D16="",0,03_FRFデータ貼付!D16) -> 0.007099 | F19: =IF($C19=0,0,$V$4/($V$4^2+($C19-$V$5)^2)) -> 0.015235369 | G19: =IF($C19=0,0,-($C19-$V$5)/($V$4^2+($C19-$V$5)^2)) -> -1.2092448e-05 | H19: =IF($C19=0,0,$V$4/($V$4^2+($C19+$V$5)^2)) -> 3.4321683e-08 | I19: =IF($C19=0,0,-($C19+$V$5)/($V$4^2+($C19+$V$5)^2)) -> -2.2867065e-05 | J19: =IF($C19=0,0,$V$6/($V$6^2+($C19-$V$7)^2)) -> 0.0012466842 | K19: =IF($C19=0,0,-($C19-$V$7)/($V$6^2+($C19-$V$7)^2)) -> 0.0035427636 | L19: =IF($C19=0,0,$V$6/($V$6^2+($C19+$V$7)^2)) -> 4.5689547e-08 | M19: =IF($C19=0,0,-($C19+$V$7)/($V$6^2+($C19+$V$7)^2)) -> -2.2736413e-05 | N19: =F19+H19 -> 0.015235404 | O19: =I19-G19 -> -1.0774617e-05 | P19: =J19+L19 -> 0.0012467299 | Q19: =M19-K19 -> -0.0035655001 | R19: =IF($C19=0,0,-1/$C19^2) -> -2.0916151e-09 | S19: =IF($C19=0,0,1) -> 1 | T19: =D19 -> 0.016968 | U19: λ | V19: =$V$8*(V12+W13+X14+Y15+Z16+AA17)/6 -> 3.5004101e-12
A20: ="実部" -> 実部 | B20: =IF(03_FRFデータ貼付!B17="","",03_FRFデータ貼付!A17) -> 10 | C20: =IF(03_FRFデータ貼付!B17="",0,03_FRFデータ貼付!G17) -> 21928.317 | D20: =IF(03_FRFデータ貼付!C17="",0,03_FRFデータ貼付!C17) -> 0.012733 | E20: =IF(03_FRFデータ貼付!D17="",0,03_FRFデータ貼付!D17) -> -0.002205 | F20: =IF($C20=0,0,$V$4/($V$4^2+($C20-$V$5)^2)) -> 0.0079438625 | G20: =IF($C20=0,0,-($C20-$V$5)/($V$4^2+($C20-$V$5)^2)) -> -0.0076107032 | H20: =IF($C20=0,0,$V$4/($V$4^2+($C20+$V$5)^2)) -> 3.422327e-08 | I20: =IF($C20=0,0,-($C20+$V$5)/($V$4^2+($C20+$V$5)^2)) -> -2.2834258e-05 | J20: =IF($C20=0,0,$V$6/($V$6^2+($C20-$V$7)^2)) -> 0.0020421074 | K20: =IF($C20=0,0,-($C20-$V$7)/($V$6^2+($C20-$V$7)^2)) -> 0.0043514219 | L20: =IF($C20=0,0,$V$6/($V$6^2+($C20+$V$7)^2)) -> 4.5559284e-08 | M20: =IF($C20=0,0,-($C20+$V$7)/($V$6^2+($C20+$V$7)^2)) -> -2.2703979e-05 | N20: =F20+H20 -> 0.0079438967 | O20: =I20-G20 -> 0.007587869 | P20: =J20+L20 -> 0.002042153 | Q20: =M20-K20 -> -0.0043741259 | R20: =IF($C20=0,0,-1/$C20^2) -> -2.079646e-09 | S20: =IF($C20=0,0,1) -> 1 | T20: =D20 -> 0.012733 | U20: MᵀM＋λI
A21: ="実部" -> 実部 | B21: =IF(03_FRFデータ貼付!B18="","",03_FRFデータ貼付!A18) -> 11 | C21: =IF(03_FRFデータ貼付!B18="",0,03_FRFデータ貼付!G18) -> 21991.149 | D21: =IF(03_FRFデータ貼付!C18="",0,03_FRFデータ貼付!C18) -> 0.009201 | E21: =IF(03_FRFデータ貼付!D18="",0,03_FRFデータ貼付!D18) -> -0.001806 | F21: =IF($C21=0,0,$V$4/($V$4^2+($C21-$V$5)^2)) -> 0.0032634553 | G21: =IF($C21=0,0,-($C21-$V$5)/($V$4^2+($C21-$V$5)^2)) -> -0.006250587 | H21: =IF($C21=0,0,$V$4/($V$4^2+($C21+$V$5)^2)) -> 3.412528e-08 | I21: =IF($C21=0,0,-($C21+$V$5)/($V$4^2+($C21+$V$5)^2)) -> -2.2801544e-05 | J21: =IF($C21=0,0,$V$6/($V$6^2+($C21-$V$7)^2)) -> 0.00375112 | K21: =IF($C21=0,0,-($C21-$V$7)/($V$6^2+($C21-$V$7)^2)) -> 0.0053263971 | L21: =IF($C21=0,0,$V$6/($V$6^2+($C21+$V$7)^2)) -> 4.5429578e-08 | M21: =IF($C21=0,0,-($C21+$V$7)/($V$6^2+($C21+$V$7)^2)) -> -2.2671637e-05 | N21: =F21+H21 -> 0.0032634895 | O21: =I21-G21 -> 0.0062277854 | P21: =J21+L21 -> 0.0037511655 | Q21: =M21-K21 -> -0.0053490687 | R21: =IF($C21=0,0,-1/$C21^2) -> -2.0677793e-09 | S21: =IF($C21=0,0,1) -> 1 | T21: =D21 -> 0.009201 | V21: =V12+IF(1=1,$V$19,0) -> 0.0007143678 | W21: =W12+IF(1=2,$V$19,0) -> -2.1428488e-06 | X21: =X12+IF(1=3,$V$19,0) -> 0.00012910641 | Y21: =Y12+IF(1=4,$V$19,0) -> -0.00029113943 | Z21: =Z12+IF(1=5,$V$19,0) -> -9.7976709e-11 | AA21: =AA12+IF(1=6,$V$19,0) -> 0.046871531
A22: ="実部" -> 実部 | B22: =IF(03_FRFデータ貼付!B19="","",03_FRFデータ貼付!A19) -> 12 | C22: =IF(03_FRFデータ貼付!B19="",0,03_FRFデータ貼付!G19) -> 22053.98 | D22: =IF(03_FRFデータ貼付!C19="",0,03_FRFデータ貼付!C19) -> 0.010162 | E22: =IF(03_FRFデータ貼付!D19="",0,03_FRFデータ貼付!D19) -> -0.00152 | F22: =IF($C22=0,0,$V$4/($V$4^2+($C22-$V$5)^2)) -> 0.0016467472 | G22: =IF($C22=0,0,-($C22-$V$5)/($V$4^2+($C22-$V$5)^2)) -> -0.0047304377 | H22: =IF($C22=0,0,$V$4/($V$4^2+($C22+$V$5)^2)) -> 3.4027709e-08 | I22: =IF($C22=0,0,-($C22+$V$5)/($V$4^2+($C22+$V$5)^2)) -> -2.2768924e-05 | J22: =IF($C22=0,0,$V$6/($V$6^2+($C22-$V$7)^2)) -> 0.0075290863 | K22: =IF($C22=0,0,-($C22-$V$7)/($V$6^2+($C22-$V$7)^2)) -> 0.0053384849 | L22: =IF($C22=0,0,$V$6/($V$6^2+($C22+$V$7)^2)) -> 4.5300425e-08 | M22: =IF($C22=0,0,-($C22+$V$7)/($V$6^2+($C22+$V$7)^2)) -> -2.2639388e-05 | N22: =F22+H22 -> 0.0016467812 | O22: =I22-G22 -> 0.0047076688 | P22: =J22+L22 -> 0.0075291316 | Q22: =M22-K22 -> -0.0053611243 | R22: =IF($C22=0,0,-1/$C22^2) -> -2.0560138e-09 | S22: =IF($C22=0,0,1) -> 1 | T22: =D22 -> 0.010162 | V22: =V13+IF(2=1,$V$19,0) -> -2.1428488e-06 | W22: =W13+IF(2=2,$V$19,0) -> 0.00071384326 | X22: =X13+IF(2=3,$V$19,0) -> 0.00028693319 | Y22: =Y13+IF(2=4,$V$19,0) -> 0.00012913227 | Z22: =Z13+IF(2=5,$V$19,0) -> -8.3132791e-12 | AA22: =AA13+IF(2=6,$V$19,0) -> 0.0055939398
A23: ="実部" -> 実部 | B23: =IF(03_FRFデータ貼付!B20="","",03_FRFデータ貼付!A20) -> 13 | C23: =IF(03_FRFデータ貼付!B20="",0,03_FRFデータ貼付!G20) -> 22116.812 | D23: =IF(03_FRFデータ貼付!C20="",0,03_FRFデータ貼付!C20) -> 0.011108 | E23: =IF(03_FRFデータ貼付!D20="",0,03_FRFデータ貼付!D20) -> -0.005744 | F23: =IF($C23=0,0,$V$4/($V$4^2+($C23-$V$5)^2)) -> 0.00097239796 | G23: =IF($C23=0,0,-($C23-$V$5)/($V$4^2+($C23-$V$5)^2)) -> -0.00372415 | H23: =IF($C23=0,0,$V$4/($V$4^2+($C23+$V$5)^2)) -> 3.3930557e-08 | I23: =IF($C23=0,0,-($C23+$V$5)/($V$4^2+($C23+$V$5)^2)) -> -2.2736397e-05 | J23: =IF($C23=0,0,$V$6/($V$6^2+($C23-$V$7)^2)) -> 0.01131429 | K23: =IF($C23=0,0,-($C23-$V$7)/($V$6^2+($C23-$V$7)^2)) -> -2.0955205e-05 | L23: =IF($C23=0,0,$V$6/($V$6^2+($C23+$V$7)^2)) -> 4.5171823e-08 | M23: =IF($C23=0,0,-($C23+$V$7)/($V$6^2+($C23+$V$7)^2)) -> -2.260723e-05 | N23: =F23+H23 -> 0.00097243189 | O23: =I23-G23 -> 0.0037014136 | P23: =J23+L23 -> 0.011314336 | Q23: =M23-K23 -> -1.6520245e-06 | R23: =IF($C23=0,0,-1/$C23^2) -> -2.0443485e-09 | S23: =IF($C23=0,0,1) -> 1 | T23: =D23 -> 0.011108 | V23: =V14+IF(3=1,$V$19,0) -> 0.00012910641 | W23: =W14+IF(3=2,$V$19,0) -> 0.00028693319 | X23: =X14+IF(3=3,$V$19,0) -> 0.00051594195 | Y23: =Y14+IF(3=4,$V$19,0) -> -2.0641075e-06 | Z23: =Z14+IF(3=5,$V$19,0) -> -9.3393943e-11 | AA23: =AA14+IF(3=6,$V$19,0) -> 0.045625948
A24: ="実部" -> 実部 | B24: =IF(03_FRFデータ貼付!B21="","",03_FRFデータ貼付!A21) -> 14 | C24: =IF(03_FRFデータ貼付!B21="",0,03_FRFデータ貼付!G21) -> 22179.644 | D24: =IF(03_FRFデータ貼付!C21="",0,03_FRFデータ貼付!C21) -> 0.006478 | E24: =IF(03_FRFデータ貼付!D21="",0,03_FRFデータ貼付!D21) -> -0.008669 | F24: =IF($C24=0,0,$V$4/($V$4^2+($C24-$V$5)^2)) -> 0.00063702096 | G24: =IF($C24=0,0,-($C24-$V$5)/($V$4^2+($C24-$V$5)^2)) -> -0.0030495016 | H24: =IF($C24=0,0,$V$4/($V$4^2+($C24+$V$5)^2)) -> 3.383382e-08 | I24: =IF($C24=0,0,-($C24+$V$5)/($V$4^2+($C24+$V$5)^2)) -> -2.2703963e-05 | J24: =IF($C24=0,0,$V$6/($V$6^2+($C24-$V$7)^2)) -> 0.0075027915 | K24: =IF($C24=0,0,-($C24-$V$7)/($V$6^2+($C24-$V$7)^2)) -> -0.0053476325 | L24: =IF($C24=0,0,$V$6/($V$6^2+($C24+$V$7)^2)) -> 4.5043766e-08 | M24: =IF($C24=0,0,-($C24+$V$7)/($V$6^2+($C24+$V$7)^2)) -> -2.2575163e-05 | N24: =F24+H24 -> 0.00063705479 | O24: =I24-G24 -> 0.0030267976 | P24: =J24+L24 -> 0.0075028366 | Q24: =M24-K24 -> 0.0053250573 | R24: =IF($C24=0,0,-1/$C24^2) -> -2.0327822e-09 | S24: =IF($C24=0,0,1) -> 1 | T24: =D24 -> 0.006478 | V24: =V15+IF(4=1,$V$19,0) -> -0.00029113943 | W24: =W15+IF(4=2,$V$19,0) -> 0.00012913227 | X24: =X15+IF(4=3,$V$19,0) -> -2.0641075e-06 | Y24: =Y15+IF(4=4,$V$19,0) -> 0.00051651204 | Z24: =Z15+IF(4=5,$V$19,0) -> 1.644531e-11 | AA24: =AA15+IF(4=6,$V$19,0) -> -0.0064866696
A25: ="実部" -> 実部 | B25: =IF(03_FRFデータ貼付!B22="","",03_FRFデータ貼付!A22) -> 15 | C25: =IF(03_FRFデータ貼付!B22="",0,03_FRFデータ貼付!G22) -> 22242.476 | D25: =IF(03_FRFデータ貼付!C22="",0,03_FRFデータ貼付!C22) -> 0.003142 | E25: =IF(03_FRFデータ貼付!D22="",0,03_FRFデータ貼付!D22) -> -0.007475 | F25: =IF($C25=0,0,$V$4/($V$4^2+($C25-$V$5)^2)) -> 0.00044812458 | G25: =IF($C25=0,0,-($C25-$V$5)/($V$4^2+($C25-$V$5)^2)) -> -0.0025742051 | H25: =IF($C25=0,0,$V$4/($V$4^2+($C25+$V$5)^2)) -> 3.3737496e-08 | I25: =IF($C25=0,0,-($C25+$V$5)/($V$4^2+($C25+$V$5)^2)) -> -2.2671621e-05 | J25: =IF($C25=0,0,$V$6/($V$6^2+($C25-$V$7)^2)) -> 0.0037380661 | K25: =IF($C25=0,0,-($C25-$V$7)/($V$6^2+($C25-$V$7)^2)) -> -0.0053217076 | L25: =IF($C25=0,0,$V$6/($V$6^2+($C25+$V$7)^2)) -> 4.4916254e-08 | M25: =IF($C25=0,0,-($C25+$V$7)/($V$6^2+($C25+$V$7)^2)) -> -2.2543187e-05 | N25: =F25+H25 -> 0.00044815832 | O25: =I25-G25 -> 0.0025515335 | P25: =J25+L25 -> 0.003738111 | Q25: =M25-K25 -> 0.0052991645 | R25: =IF($C25=0,0,-1/$C25^2) -> -2.0213138e-09 | S25: =IF($C25=0,0,1) -> 1 | T25: =D25 -> 0.003142 | V25: =V16+IF(5=1,$V$19,0) -> -9.7976709e-11 | W25: =W16+IF(5=2,$V$19,0) -> -8.3132791e-12 | X25: =X16+IF(5=3,$V$19,0) -> -9.3393943e-11 | Y25: =Y16+IF(5=4,$V$19,0) -> 1.644531e-11 | Z25: =Z16+IF(5=5,$V$19,0) -> 3.5005002e-12 | AA25: =AA16+IF(5=6,$V$19,0) -> -4.3462392e-08
A26: ="実部" -> 実部 | B26: =IF(03_FRFデータ貼付!B23="","",03_FRFデータ貼付!A23) -> 16 | C26: =IF(03_FRFデータ貼付!B23="",0,03_FRFデータ貼付!G23) -> 22305.308 | D26: =IF(03_FRFデータ貼付!C23="",0,03_FRFデータ貼付!C23) -> 0.001759 | E26: =IF(03_FRFデータ貼付!D23="",0,03_FRFデータ貼付!D23) -> -0.006056 | F26: =IF($C26=0,0,$V$4/($V$4^2+($C26-$V$5)^2)) -> 0.00033183661 | G26: =IF($C26=0,0,-($C26-$V$5)/($V$4^2+($C26-$V$5)^2)) -> -0.0022238572 | H26: =IF($C26=0,0,$V$4/($V$4^2+($C26+$V$5)^2)) -> 3.3641583e-08 | I26: =IF($C26=0,0,-($C26+$V$5)/($V$4^2+($C26+$V$5)^2)) -> -2.2639371e-05 | J26: =IF($C26=0,0,$V$6/($V$6^2+($C26-$V$7)^2)) -> 0.0020363005 | K26: =IF($C26=0,0,-($C26-$V$7)/($V$6^2+($C26-$V$7)^2)) -> -0.0043465911 | L26: =IF($C26=0,0,$V$6/($V$6^2+($C26+$V$7)^2)) -> 4.4789282e-08 | M26: =IF($C26=0,0,-($C26+$V$7)/($V$6^2+($C26+$V$7)^2)) -> -2.2511301e-05 | N26: =F26+H26 -> 0.00033187025 | O26: =I26-G26 -> 0.0022012178 | P26: =J26+L26 -> 0.0020363453 | Q26: =M26-K26 -> 0.0043240798 | R26: =IF($C26=0,0,-1/$C26^2) -> -2.0099421e-09 | S26: =IF($C26=0,0,1) -> 1 | T26: =D26 -> 0.001759 | V26: =V17+IF(6=1,$V$19,0) -> 0.046871531 | W26: =W17+IF(6=2,$V$19,0) -> 0.0055939398 | X26: =X17+IF(6=3,$V$19,0) -> 0.045625948 | Y26: =Y17+IF(6=4,$V$19,0) -> -0.0064866696 | Z26: =Z17+IF(6=5,$V$19,0) -> -4.3462392e-08 | AA26: =AA17+IF(6=6,$V$19,0) -> 21
A27: ="実部" -> 実部 | B27: =IF(03_FRFデータ貼付!B24="","",03_FRFデータ貼付!A24) -> 17 | C27: =IF(03_FRFデータ貼付!B24="",0,03_FRFデータ貼付!G24) -> 22368.14 | D27: =IF(03_FRFデータ貼付!C24="",0,03_FRFデータ貼付!C24) -> 0.001128 | E27: =IF(03_FRFデータ貼付!D24="",0,03_FRFデータ貼付!D24) -> -0.005 | F27: =IF($C27=0,0,$V$4/($V$4^2+($C27-$V$5)^2)) -> 0.00025537344 | G27: =IF($C27=0,0,-($C27-$V$5)/($V$4^2+($C27-$V$5)^2)) -> -0.0019558874 | H27: =IF($C27=0,0,$V$4/($V$4^2+($C27+$V$5)^2)) -> 3.3546078e-08 | I27: =IF($C27=0,0,-($C27+$V$5)/($V$4^2+($C27+$V$5)^2)) -> -2.2607213e-05 | J27: =IF($C27=0,0,$V$6/($V$6^2+($C27-$V$7)^2)) -> 0.0012437971 | K27: =IF($C27=0,0,-($C27-$V$7)/($V$6^2+($C27-$V$7)^2)) -> -0.0035391663 | L27: =IF($C27=0,0,$V$6/($V$6^2+($C27+$V$7)^2)) -> 4.4662848e-08 | M27: =IF($C27=0,0,-($C27+$V$7)/($V$6^2+($C27+$V$7)^2)) -> -2.2479506e-05 | N27: =F27+H27 -> 0.00025540699 | O27: =I27-G27 -> 0.0019332802 | P27: =J27+L27 -> 0.0012438417 | Q27: =M27-K27 -> 0.0035166868 | R27: =IF($C27=0,0,-1/$C27^2) -> -1.9986662e-09 | S27: =IF($C27=0,0,1) -> 1 | T27: =D27 -> 0.001128
A28: ="実部" -> 実部 | B28: =IF(03_FRFデータ貼付!B25="","",03_FRFデータ貼付!A25) -> 18 | C28: =IF(03_FRFデータ貼付!B25="",0,03_FRFデータ貼付!G25) -> 22430.972 | D28: =IF(03_FRFデータ貼付!C25="",0,03_FRFデータ貼付!C25) -> 0.000797 | E28: =IF(03_FRFデータ貼付!D25="",0,03_FRFデータ貼付!D25) -> -0.004246 | F28: =IF($C28=0,0,$V$4/($V$4^2+($C28-$V$5)^2)) -> 0.00020249349 | G28: =IF($C28=0,0,-($C28-$V$5)/($V$4^2+($C28-$V$5)^2)) -> -0.0017447239 | H28: =IF($C28=0,0,$V$4/($V$4^2+($C28+$V$5)^2)) -> 3.3450979e-08 | I28: =IF($C28=0,0,-($C28+$V$5)/($V$4^2+($C28+$V$5)^2)) -> -2.2575146e-05 | J28: =IF($C28=0,0,$V$6/($V$6^2+($C28-$V$7)^2)) -> 0.00082903132 | K28: =IF($C28=0,0,-($C28-$V$7)/($V$6^2+($C28-$V$7)^2)) -> -0.0029483284 | L28: =IF($C28=0,0,$V$6/($V$6^2+($C28+$V$7)^2)) -> 4.4536949e-08 | M28: =IF($C28=0,0,-($C28+$V$7)/($V$6^2+($C28+$V$7)^2)) -> -2.24478e-05 | N28: =F28+H28 -> 0.00020252694 | O28: =I28-G28 -> 0.0017221487 | P28: =J28+L28 -> 0.00082907586 | Q28: =M28-K28 -> 0.0029258806 | R28: =IF($C28=0,0,-1/$C28^2) -> -1.9874849e-09 | S28: =IF($C28=0,0,1) -> 1 | T28: =D28 -> 0.000797 | U28: 逆行列
A29: ="実部" -> 実部 | B29: =IF(03_FRFデータ貼付!B26="","",03_FRFデータ貼付!A26) -> 19 | C29: =IF(03_FRFデータ貼付!B26="",0,03_FRFデータ貼付!G26) -> 22493.803 | D29: =IF(03_FRFデータ貼付!C26="",0,03_FRFデータ貼付!C26) -> 0.000602 | E29: =IF(03_FRFデータ貼付!D26="",0,03_FRFデータ貼付!D26) -> -0.003688 | F29: =IF($C29=0,0,$V$4/($V$4^2+($C29-$V$5)^2)) -> 0.00016443797 | G29: =IF($C29=0,0,-($C29-$V$5)/($V$4^2+($C29-$V$5)^2)) -> -0.001574241 | H29: =IF($C29=0,0,$V$4/($V$4^2+($C29+$V$5)^2)) -> 3.3356285e-08 | I29: =IF($C29=0,0,-($C29+$V$5)/($V$4^2+($C29+$V$5)^2)) -> -2.254317e-05 | J29: =IF($C29=0,0,$V$6/($V$6^2+($C29-$V$7)^2)) -> 0.00058899795 | K29: =IF($C29=0,0,-($C29-$V$7)/($V$6^2+($C29-$V$7)^2)) -> -0.0025134037 | L29: =IF($C29=0,0,$V$6/($V$6^2+($C29+$V$7)^2)) -> 4.4411581e-08 | M29: =IF($C29=0,0,-($C29+$V$7)/($V$6^2+($C29+$V$7)^2)) -> -2.2416183e-05 | N29: =F29+H29 -> 0.00016447132 | O29: =I29-G29 -> 0.0015516979 | P29: =J29+L29 -> 0.00058904236 | Q29: =M29-K29 -> 0.0024909875 | R29: =IF($C29=0,0,-1/$C29^2) -> -1.9763971e-09 | S29: =IF($C29=0,0,1) -> 1 | T29: =D29 -> 0.000602 | V29: =INDEX(MINVERSE($V$21:$AA$26),1,1) -> 2193.0521 | W29: =INDEX(MINVERSE($V$21:$AA$26),1,2) -> -147.40173 | X29: =INDEX(MINVERSE($V$21:$AA$26),1,3) -> -81.479418 | Y29: =INDEX(MINVERSE($V$21:$AA$26),1,4) -> 1218.6427 | Z29: =INDEX(MINVERSE($V$21:$AA$26),1,5) -> -282.44898 | AA29: =INDEX(MINVERSE($V$21:$AA$26),1,6) -> -4.3021265
A30: ="実部" -> 実部 | B30: =IF(03_FRFデータ貼付!B27="","",03_FRFデータ貼付!A27) -> 20 | C30: =IF(03_FRFデータ貼付!B27="",0,03_FRFデータ貼付!G27) -> 22556.635 | D30: =IF(03_FRFデータ貼付!C27="",0,03_FRFデータ貼付!C27) -> 0.000478 | E30: =IF(03_FRFデータ貼付!D27="",0,03_FRFデータ貼付!D27) -> -0.003267 | F30: =IF($C30=0,0,$V$4/($V$4^2+($C30-$V$5)^2)) -> 0.00013615622 | G30: =IF($C30=0,0,-($C30-$V$5)/($V$4^2+($C30-$V$5)^2)) -> -0.0014338247 | H30: =IF($C30=0,0,$V$4/($V$4^2+($C30+$V$5)^2)) -> 3.3261991e-08 | I30: =IF($C30=0,0,-($C30+$V$5)/($V$4^2+($C30+$V$5)^2)) -> -2.2511285e-05 | J30: =IF($C30=0,0,$V$6/($V$6^2+($C30-$V$7)^2)) -> 0.00043884577 | K30: =IF($C30=0,0,-($C30-$V$7)/($V$6^2+($C30-$V$7)^2)) -> -0.0021846418 | L30: =IF($C30=0,0,$V$6/($V$6^2+($C30+$V$7)^2)) -> 4.4286742e-08 | M30: =IF($C30=0,0,-($C30+$V$7)/($V$6^2+($C30+$V$7)^2)) -> -2.2384656e-05 | N30: =F30+H30 -> 0.00013618949 | O30: =I30-G30 -> 0.0014113134 | P30: =J30+L30 -> 0.00043889006 | Q30: =M30-K30 -> 0.0021622572 | R30: =IF($C30=0,0,-1/$C30^2) -> -1.9654019e-09 | S30: =IF($C30=0,0,1) -> 1 | T30: =D30 -> 0.000478 | V30: =INDEX(MINVERSE($V$21:$AA$26),2,1) -> -147.40173 | W30: =INDEX(MINVERSE($V$21:$AA$26),2,2) -> 2002.6686 | X30: =INDEX(MINVERSE($V$21:$AA$26),2,3) -> -1294.4823 | Y30: =INDEX(MINVERSE($V$21:$AA$26),2,4) -> -558.35491 | Z30: =INDEX(MINVERSE($V$21:$AA$26),2,5) -> -1043.7242 | AA30: =INDEX(MINVERSE($V$21:$AA$26),2,6) -> 2.4355338
A31: ="実部" -> 実部 | B31: =IF(03_FRFデータ貼付!B28="","",03_FRFデータ貼付!A28) -> 21 | C31: =IF(03_FRFデータ貼付!B28="",0,03_FRFデータ貼付!G28) -> 22619.467 | D31: =IF(03_FRFデータ貼付!C28="",0,03_FRFデータ貼付!C28) -> 0.000393 | E31: =IF(03_FRFデータ貼付!D28="",0,03_FRFデータ貼付!D28) -> -0.002933 | F31: =IF($C31=0,0,$V$4/($V$4^2+($C31-$V$5)^2)) -> 0.00011457402 | G31: =IF($C31=0,0,-($C31-$V$5)/($V$4^2+($C31-$V$5)^2)) -> -0.0013162262 | H31: =IF($C31=0,0,$V$4/($V$4^2+($C31+$V$5)^2)) -> 3.3168097e-08 | I31: =IF($C31=0,0,-($C31+$V$5)/($V$4^2+($C31+$V$5)^2)) -> -2.2479489e-05 | J31: =IF($C31=0,0,$V$6/($V$6^2+($C31-$V$7)^2)) -> 0.00033910428 | K31: =IF($C31=0,0,-($C31-$V$7)/($V$6^2+($C31-$V$7)^2)) -> -0.0019291827 | L31: =IF($C31=0,0,$V$6/($V$6^2+($C31+$V$7)^2)) -> 4.4162428e-08 | M31: =IF($C31=0,0,-($C31+$V$7)/($V$6^2+($C31+$V$7)^2)) -> -2.2353217e-05 | N31: =F31+H31 -> 0.00011460719 | O31: =I31-G31 -> 0.0012937467 | P31: =J31+L31 -> 0.00033914845 | Q31: =M31-K31 -> 0.0019068295 | R31: =IF($C31=0,0,-1/$C31^2) -> -1.9544981e-09 | S31: =IF($C31=0,0,1) -> 1 | T31: =D31 -> 0.000393 | V31: =INDEX(MINVERSE($V$21:$AA$26),3,1) -> -81.479418 | W31: =INDEX(MINVERSE($V$21:$AA$26),3,2) -> -1294.4823 | X31: =INDEX(MINVERSE($V$21:$AA$26),3,3) -> 3251.8255 | Y31: =INDEX(MINVERSE($V$21:$AA$26),3,4) -> 209.39789 | Z31: =INDEX(MINVERSE($V$21:$AA$26),3,5) -> 42.146806 | AA31: =INDEX(MINVERSE($V$21:$AA$26),3,6) -> -6.473762
A32: ="実部" -> 実部 | B32: =IF(03_FRFデータ貼付!B29="","",03_FRFデータ貼付!A29) | C32: =IF(03_FRFデータ貼付!B29="",0,03_FRFデータ貼付!G29) -> 0 | D32: =IF(03_FRFデータ貼付!C29="",0,03_FRFデータ貼付!C29) -> 0 | E32: =IF(03_FRFデータ貼付!D29="",0,03_FRFデータ貼付!D29) -> 0 | F32: =IF($C32=0,0,$V$4/($V$4^2+($C32-$V$5)^2)) -> 0 | G32: =IF($C32=0,0,-($C32-$V$5)/($V$4^2+($C32-$V$5)^2)) -> 0 | H32: =IF($C32=0,0,$V$4/($V$4^2+($C32+$V$5)^2)) -> 0 | I32: =IF($C32=0,0,-($C32+$V$5)/($V$4^2+($C32+$V$5)^2)) -> 0 | J32: =IF($C32=0,0,$V$6/($V$6^2+($C32-$V$7)^2)) -> 0 | K32: =IF($C32=0,0,-($C32-$V$7)/($V$6^2+($C32-$V$7)^2)) -> 0 | L32: =IF($C32=0,0,$V$6/($V$6^2+($C32+$V$7)^2)) -> 0 | M32: =IF($C32=0,0,-($C32+$V$7)/($V$6^2+($C32+$V$7)^2)) -> 0 | N32: =F32+H32 -> 0 | O32: =I32-G32 -> 0 | P32: =J32+L32 -> 0 | Q32: =M32-K32 -> 0 | R32: =IF($C32=0,0,-1/$C32^2) -> 0 | S32: =IF($C32=0,0,1) -> 0 | T32: =D32 -> 0 | V32: =INDEX(MINVERSE($V$21:$AA$26),4,1) -> 1218.6427 | W32: =INDEX(MINVERSE($V$21:$AA$26),4,2) -> -558.35491 | X32: =INDEX(MINVERSE($V$21:$AA$26),4,3) -> 209.39789 | Y32: =INDEX(MINVERSE($V$21:$AA$26),4,4) -> 2736.0076 | Z32: =INDEX(MINVERSE($V$21:$AA$26),4,5) -> -1564.3989 | AA32: =INDEX(MINVERSE($V$21:$AA$26),4,6) -> -2.1810815
A33: ="実部" -> 実部 | B33: =IF(03_FRFデータ貼付!B30="","",03_FRFデータ貼付!A30) | C33: =IF(03_FRFデータ貼付!B30="",0,03_FRFデータ貼付!G30) -> 0 | D33: =IF(03_FRFデータ貼付!C30="",0,03_FRFデータ貼付!C30) -> 0 | E33: =IF(03_FRFデータ貼付!D30="",0,03_FRFデータ貼付!D30) -> 0 | F33: =IF($C33=0,0,$V$4/($V$4^2+($C33-$V$5)^2)) -> 0 | G33: =IF($C33=0,0,-($C33-$V$5)/($V$4^2+($C33-$V$5)^2)) -> 0 | H33: =IF($C33=0,0,$V$4/($V$4^2+($C33+$V$5)^2)) -> 0 | I33: =IF($C33=0,0,-($C33+$V$5)/($V$4^2+($C33+$V$5)^2)) -> 0 | J33: =IF($C33=0,0,$V$6/($V$6^2+($C33-$V$7)^2)) -> 0 | K33: =IF($C33=0,0,-($C33-$V$7)/($V$6^2+($C33-$V$7)^2)) -> 0 | L33: =IF($C33=0,0,$V$6/($V$6^2+($C33+$V$7)^2)) -> 0 | M33: =IF($C33=0,0,-($C33+$V$7)/($V$6^2+($C33+$V$7)^2)) -> 0 | N33: =F33+H33 -> 0 | O33: =I33-G33 -> 0 | P33: =J33+L33 -> 0 | Q33: =M33-K33 -> 0 | R33: =IF($C33=0,0,-1/$C33^2) -> 0 | S33: =IF($C33=0,0,1) -> 0 | T33: =D33 -> 0 | V33: =INDEX(MINVERSE($V$21:$AA$26),5,1) -> -282.44898 | W33: =INDEX(MINVERSE($V$21:$AA$26),5,2) -> -1043.7242 | X33: =INDEX(MINVERSE($V$21:$AA$26),5,3) -> 42.146806 | Y33: =INDEX(MINVERSE($V$21:$AA$26),5,4) -> -1564.3989 | Z33: =INDEX(MINVERSE($V$21:$AA$26),5,5) -> 2.856808e+11 | AA33: =INDEX(MINVERSE($V$21:$AA$26),5,6) -> 591.58941
A34: ="実部" -> 実部 | B34: =IF(03_FRFデータ貼付!B31="","",03_FRFデータ貼付!A31) | C34: =IF(03_FRFデータ貼付!B31="",0,03_FRFデータ貼付!G31) -> 0 | D34: =IF(03_FRFデータ貼付!C31="",0,03_FRFデータ貼付!C31) -> 0 | E34: =IF(03_FRFデータ貼付!D31="",0,03_FRFデータ貼付!D31) -> 0 | F34: =IF($C34=0,0,$V$4/($V$4^2+($C34-$V$5)^2)) -> 0 | G34: =IF($C34=0,0,-($C34-$V$5)/($V$4^2+($C34-$V$5)^2)) -> 0 | H34: =IF($C34=0,0,$V$4/($V$4^2+($C34+$V$5)^2)) -> 0 | I34: =IF($C34=0,0,-($C34+$V$5)/($V$4^2+($C34+$V$5)^2)) -> 0 | J34: =IF($C34=0,0,$V$6/($V$6^2+($C34-$V$7)^2)) -> 0 | K34: =IF($C34=0,0,-($C34-$V$7)/($V$6^2+($C34-$V$7)^2)) -> 0 | L34: =IF($C34=0,0,$V$6/($V$6^2+($C34+$V$7)^2)) -> 0 | M34: =IF($C34=0,0,-($C34+$V$7)/($V$6^2+($C34+$V$7)^2)) -> 0 | N34: =F34+H34 -> 0 | O34: =I34-G34 -> 0 | P34: =J34+L34 -> 0 | Q34: =M34-K34 -> 0 | R34: =IF($C34=0,0,-1/$C34^2) -> 0 | S34: =IF($C34=0,0,1) -> 0 | T34: =D34 -> 0 | V34: =INDEX(MINVERSE($V$21:$AA$26),6,1) -> -4.3021265 | W34: =INDEX(MINVERSE($V$21:$AA$26),6,2) -> 2.4355338 | X34: =INDEX(MINVERSE($V$21:$AA$26),6,3) -> -6.473762 | Y34: =INDEX(MINVERSE($V$21:$AA$26),6,4) -> -2.1810815 | Z34: =INDEX(MINVERSE($V$21:$AA$26),6,5) -> 591.58941 | AA34: =INDEX(MINVERSE($V$21:$AA$26),6,6) -> 0.069965348
A35: ="実部" -> 実部 | B35: =IF(03_FRFデータ貼付!B32="","",03_FRFデータ貼付!A32) | C35: =IF(03_FRFデータ貼付!B32="",0,03_FRFデータ貼付!G32) -> 0 | D35: =IF(03_FRFデータ貼付!C32="",0,03_FRFデータ貼付!C32) -> 0 | E35: =IF(03_FRFデータ貼付!D32="",0,03_FRFデータ貼付!D32) -> 0 | F35: =IF($C35=0,0,$V$4/($V$4^2+($C35-$V$5)^2)) -> 0 | G35: =IF($C35=0,0,-($C35-$V$5)/($V$4^2+($C35-$V$5)^2)) -> 0 | H35: =IF($C35=0,0,$V$4/($V$4^2+($C35+$V$5)^2)) -> 0 | I35: =IF($C35=0,0,-($C35+$V$5)/($V$4^2+($C35+$V$5)^2)) -> 0 | J35: =IF($C35=0,0,$V$6/($V$6^2+($C35-$V$7)^2)) -> 0 | K35: =IF($C35=0,0,-($C35-$V$7)/($V$6^2+($C35-$V$7)^2)) -> 0 | L35: =IF($C35=0,0,$V$6/($V$6^2+($C35+$V$7)^2)) -> 0 | M35: =IF($C35=0,0,-($C35+$V$7)/($V$6^2+($C35+$V$7)^2)) -> 0 | N35: =F35+H35 -> 0 | O35: =I35-G35 -> 0 | P35: =J35+L35 -> 0 | Q35: =M35-K35 -> 0 | R35: =IF($C35=0,0,-1/$C35^2) -> 0 | S35: =IF($C35=0,0,1) -> 0 | T35: =D35 -> 0
A36: ="実部" -> 実部 | B36: =IF(03_FRFデータ貼付!B33="","",03_FRFデータ貼付!A33) | C36: =IF(03_FRFデータ貼付!B33="",0,03_FRFデータ貼付!G33) -> 0 | D36: =IF(03_FRFデータ貼付!C33="",0,03_FRFデータ貼付!C33) -> 0 | E36: =IF(03_FRFデータ貼付!D33="",0,03_FRFデータ貼付!D33) -> 0 | F36: =IF($C36=0,0,$V$4/($V$4^2+($C36-$V$5)^2)) -> 0 | G36: =IF($C36=0,0,-($C36-$V$5)/($V$4^2+($C36-$V$5)^2)) -> 0 | H36: =IF($C36=0,0,$V$4/($V$4^2+($C36+$V$5)^2)) -> 0 | I36: =IF($C36=0,0,-($C36+$V$5)/($V$4^2+($C36+$V$5)^2)) -> 0 | J36: =IF($C36=0,0,$V$6/($V$6^2+($C36-$V$7)^2)) -> 0 | K36: =IF($C36=0,0,-($C36-$V$7)/($V$6^2+($C36-$V$7)^2)) -> 0 | L36: =IF($C36=0,0,$V$6/($V$6^2+($C36+$V$7)^2)) -> 0 | M36: =IF($C36=0,0,-($C36+$V$7)/($V$6^2+($C36+$V$7)^2)) -> 0 | N36: =F36+H36 -> 0 | O36: =I36-G36 -> 0 | P36: =J36+L36 -> 0 | Q36: =M36-K36 -> 0 | R36: =IF($C36=0,0,-1/$C36^2) -> 0 | S36: =IF($C36=0,0,1) -> 0 | T36: =D36 -> 0 | U36: Mᵀy と 解
A37: ="実部" -> 実部 | B37: =IF(03_FRFデータ貼付!B34="","",03_FRFデータ貼付!A34) | C37: =IF(03_FRFデータ貼付!B34="",0,03_FRFデータ貼付!G34) -> 0 | D37: =IF(03_FRFデータ貼付!C34="",0,03_FRFデータ貼付!C34) -> 0 | E37: =IF(03_FRFデータ貼付!D34="",0,03_FRFデータ貼付!D34) -> 0 | F37: =IF($C37=0,0,$V$4/($V$4^2+($C37-$V$5)^2)) -> 0 | G37: =IF($C37=0,0,-($C37-$V$5)/($V$4^2+($C37-$V$5)^2)) -> 0 | H37: =IF($C37=0,0,$V$4/($V$4^2+($C37+$V$5)^2)) -> 0 | I37: =IF($C37=0,0,-($C37+$V$5)/($V$4^2+($C37+$V$5)^2)) -> 0 | J37: =IF($C37=0,0,$V$6/($V$6^2+($C37-$V$7)^2)) -> 0 | K37: =IF($C37=0,0,-($C37-$V$7)/($V$6^2+($C37-$V$7)^2)) -> 0 | L37: =IF($C37=0,0,$V$6/($V$6^2+($C37+$V$7)^2)) -> 0 | M37: =IF($C37=0,0,-($C37+$V$7)/($V$6^2+($C37+$V$7)^2)) -> 0 | N37: =F37+H37 -> 0 | O37: =I37-G37 -> 0 | P37: =J37+L37 -> 0 | Q37: =M37-K37 -> 0 | R37: =IF($C37=0,0,-1/$C37^2) -> 0 | S37: =IF($C37=0,0,1) -> 0 | T37: =D37 -> 0 | U37: α1（モードA レジデュー実部相当） | V37: =INDEX(MMULT(TRANSPOSE($N$11:$S$250),$T$11:$T$250),1,1) -> 0.00087595132 | W37: =INDEX(MMULT($V$29:$AA$34,$V$37:$V$42),1,1) -> 1.0014471
A38: ="実部" -> 実部 | B38: =IF(03_FRFデータ貼付!B35="","",03_FRFデータ貼付!A35) | C38: =IF(03_FRFデータ貼付!B35="",0,03_FRFデータ貼付!G35) -> 0 | D38: =IF(03_FRFデータ貼付!C35="",0,03_FRFデータ貼付!C35) -> 0 | E38: =IF(03_FRFデータ貼付!D35="",0,03_FRFデータ貼付!D35) -> 0 | F38: =IF($C38=0,0,$V$4/($V$4^2+($C38-$V$5)^2)) -> 0 | G38: =IF($C38=0,0,-($C38-$V$5)/($V$4^2+($C38-$V$5)^2)) -> 0 | H38: =IF($C38=0,0,$V$4/($V$4^2+($C38+$V$5)^2)) -> 0 | I38: =IF($C38=0,0,-($C38+$V$5)/($V$4^2+($C38+$V$5)^2)) -> 0 | J38: =IF($C38=0,0,$V$6/($V$6^2+($C38-$V$7)^2)) -> 0 | K38: =IF($C38=0,0,-($C38-$V$7)/($V$6^2+($C38-$V$7)^2)) -> 0 | L38: =IF($C38=0,0,$V$6/($V$6^2+($C38+$V$7)^2)) -> 0 | M38: =IF($C38=0,0,-($C38+$V$7)/($V$6^2+($C38+$V$7)^2)) -> 0 | N38: =F38+H38 -> 0 | O38: =I38-G38 -> 0 | P38: =J38+L38 -> 0 | Q38: =M38-K38 -> 0 | R38: =IF($C38=0,0,-1/$C38^2) -> 0 | S38: =IF($C38=0,0,1) -> 0 | T38: =D38 -> 0 | U38: β1（モードA レジデュー虚部相当） | V38: =INDEX(MMULT(TRANSPOSE($N$11:$S$250),$T$11:$T$250),2,1) -> 0.00041561005 | W38: =INDEX(MMULT($V$29:$AA$34,$V$37:$V$42),2,1) -> 0.30023346
A39: ="実部" -> 実部 | B39: =IF(03_FRFデータ貼付!B36="","",03_FRFデータ貼付!A36) | C39: =IF(03_FRFデータ貼付!B36="",0,03_FRFデータ貼付!G36) -> 0 | D39: =IF(03_FRFデータ貼付!C36="",0,03_FRFデータ貼付!C36) -> 0 | E39: =IF(03_FRFデータ貼付!D36="",0,03_FRFデータ貼付!D36) -> 0 | F39: =IF($C39=0,0,$V$4/($V$4^2+($C39-$V$5)^2)) -> 0 | G39: =IF($C39=0,0,-($C39-$V$5)/($V$4^2+($C39-$V$5)^2)) -> 0 | H39: =IF($C39=0,0,$V$4/($V$4^2+($C39+$V$5)^2)) -> 0 | I39: =IF($C39=0,0,-($C39+$V$5)/($V$4^2+($C39+$V$5)^2)) -> 0 | J39: =IF($C39=0,0,$V$6/($V$6^2+($C39-$V$7)^2)) -> 0 | K39: =IF($C39=0,0,-($C39-$V$7)/($V$6^2+($C39-$V$7)^2)) -> 0 | L39: =IF($C39=0,0,$V$6/($V$6^2+($C39+$V$7)^2)) -> 0 | M39: =IF($C39=0,0,-($C39+$V$7)/($V$6^2+($C39+$V$7)^2)) -> 0 | N39: =F39+H39 -> 0 | O39: =I39-G39 -> 0 | P39: =J39+L39 -> 0 | Q39: =M39-K39 -> 0 | R39: =IF($C39=0,0,-1/$C39^2) -> 0 | S39: =IF($C39=0,0,1) -> 0 | T39: =D39 -> 0 | U39: α2（モードB レジデュー実部相当） | V39: =INDEX(MMULT(TRANSPOSE($N$11:$S$250),$T$11:$T$250),3,1) -> 0.00062796989 | W39: =INDEX(MMULT($V$29:$AA$34,$V$37:$V$42),3,1) -> 0.79873101
A40: ="実部" -> 実部 | B40: =IF(03_FRFデータ貼付!B37="","",03_FRFデータ貼付!A37) | C40: =IF(03_FRFデータ貼付!B37="",0,03_FRFデータ貼付!G37) -> 0 | D40: =IF(03_FRFデータ貼付!C37="",0,03_FRFデータ貼付!C37) -> 0 | E40: =IF(03_FRFデータ貼付!D37="",0,03_FRFデータ貼付!D37) -> 0 | F40: =IF($C40=0,0,$V$4/($V$4^2+($C40-$V$5)^2)) -> 0 | G40: =IF($C40=0,0,-($C40-$V$5)/($V$4^2+($C40-$V$5)^2)) -> 0 | H40: =IF($C40=0,0,$V$4/($V$4^2+($C40+$V$5)^2)) -> 0 | I40: =IF($C40=0,0,-($C40+$V$5)/($V$4^2+($C40+$V$5)^2)) -> 0 | J40: =IF($C40=0,0,$V$6/($V$6^2+($C40-$V$7)^2)) -> 0 | K40: =IF($C40=0,0,-($C40-$V$7)/($V$6^2+($C40-$V$7)^2)) -> 0 | L40: =IF($C40=0,0,$V$6/($V$6^2+($C40+$V$7)^2)) -> 0 | M40: =IF($C40=0,0,-($C40+$V$7)/($V$6^2+($C40+$V$7)^2)) -> 0 | N40: =F40+H40 -> 0 | O40: =I40-G40 -> 0 | P40: =J40+L40 -> 0 | Q40: =M40-K40 -> 0 | R40: =IF($C40=0,0,-1/$C40^2) -> 0 | S40: =IF($C40=0,0,1) -> 0 | T40: =D40 -> 0 | U40: β2（モードB レジデュー虚部相当） | V40: =INDEX(MMULT(TRANSPOSE($N$11:$S$250),$T$11:$T$250),4,1) -> -0.00035743266 | W40: =INDEX(MMULT($V$29:$AA$34,$V$37:$V$42),4,1) -> -0.19939581
A41: ="実部" -> 実部 | B41: =IF(03_FRFデータ貼付!B38="","",03_FRFデータ貼付!A38) | C41: =IF(03_FRFデータ貼付!B38="",0,03_FRFデータ貼付!G38) -> 0 | D41: =IF(03_FRFデータ貼付!C38="",0,03_FRFデータ貼付!C38) -> 0 | E41: =IF(03_FRFデータ貼付!D38="",0,03_FRFデータ貼付!D38) -> 0 | F41: =IF($C41=0,0,$V$4/($V$4^2+($C41-$V$5)^2)) -> 0 | G41: =IF($C41=0,0,-($C41-$V$5)/($V$4^2+($C41-$V$5)^2)) -> 0 | H41: =IF($C41=0,0,$V$4/($V$4^2+($C41+$V$5)^2)) -> 0 | I41: =IF($C41=0,0,-($C41+$V$5)/($V$4^2+($C41+$V$5)^2)) -> 0 | J41: =IF($C41=0,0,$V$6/($V$6^2+($C41-$V$7)^2)) -> 0 | K41: =IF($C41=0,0,-($C41-$V$7)/($V$6^2+($C41-$V$7)^2)) -> 0 | L41: =IF($C41=0,0,$V$6/($V$6^2+($C41+$V$7)^2)) -> 0 | M41: =IF($C41=0,0,-($C41+$V$7)/($V$6^2+($C41+$V$7)^2)) -> 0 | N41: =F41+H41 -> 0 | O41: =I41-G41 -> 0 | P41: =J41+L41 -> 0 | Q41: =M41-K41 -> 0 | R41: =IF($C41=0,0,-1/$C41^2) -> 0 | S41: =IF($C41=0,0,1) -> 0 | T41: =D41 -> 0 | U41: RL（下側残余：帯域より下のモードの効き） | V41: =INDEX(MMULT(TRANSPOSE($N$11:$S$250),$T$11:$T$250),5,1) -> -1.7851019e-10 | W41: =INDEX(MMULT($V$29:$AA$34,$V$37:$V$42),5,1) -> -0.00046592362
A42: ="実部" -> 実部 | B42: =IF(03_FRFデータ貼付!B39="","",03_FRFデータ貼付!A39) | C42: =IF(03_FRFデータ貼付!B39="",0,03_FRFデータ貼付!G39) -> 0 | D42: =IF(03_FRFデータ貼付!C39="",0,03_FRFデータ貼付!C39) -> 0 | E42: =IF(03_FRFデータ貼付!D39="",0,03_FRFデータ貼付!D39) -> 0 | F42: =IF($C42=0,0,$V$4/($V$4^2+($C42-$V$5)^2)) -> 0 | G42: =IF($C42=0,0,-($C42-$V$5)/($V$4^2+($C42-$V$5)^2)) -> 0 | H42: =IF($C42=0,0,$V$4/($V$4^2+($C42+$V$5)^2)) -> 0 | I42: =IF($C42=0,0,-($C42+$V$5)/($V$4^2+($C42+$V$5)^2)) -> 0 | J42: =IF($C42=0,0,$V$6/($V$6^2+($C42-$V$7)^2)) -> 0 | K42: =IF($C42=0,0,-($C42-$V$7)/($V$6^2+($C42-$V$7)^2)) -> 0 | L42: =IF($C42=0,0,$V$6/($V$6^2+($C42+$V$7)^2)) -> 0 | M42: =IF($C42=0,0,-($C42+$V$7)/($V$6^2+($C42+$V$7)^2)) -> 0 | N42: =F42+H42 -> 0 | O42: =I42-G42 -> 0 | P42: =J42+L42 -> 0 | Q42: =M42-K42 -> 0 | R42: =IF($C42=0,0,-1/$C42^2) -> 0 | S42: =IF($C42=0,0,1) -> 0 | T42: =D42 -> 0 | U42: RU（上側残余：帯域より上のモードの効き） | V42: =INDEX(MMULT(TRANSPOSE($N$11:$S$250),$T$11:$T$250),6,1) -> 0.086364 | W42: =INDEX(MMULT($V$29:$AA$34,$V$37:$V$42),6,1) -> 4.2275687e-07
A43: ="実部" -> 実部 | B43: =IF(03_FRFデータ貼付!B40="","",03_FRFデータ貼付!A40) | C43: =IF(03_FRFデータ貼付!B40="",0,03_FRFデータ貼付!G40) -> 0 | D43: =IF(03_FRFデータ貼付!C40="",0,03_FRFデータ貼付!C40) -> 0 | E43: =IF(03_FRFデータ貼付!D40="",0,03_FRFデータ貼付!D40) -> 0 | F43: =IF($C43=0,0,$V$4/($V$4^2+($C43-$V$5)^2)) -> 0 | G43: =IF($C43=0,0,-($C43-$V$5)/($V$4^2+($C43-$V$5)^2)) -> 0 | H43: =IF($C43=0,0,$V$4/($V$4^2+($C43+$V$5)^2)) -> 0 | I43: =IF($C43=0,0,-($C43+$V$5)/($V$4^2+($C43+$V$5)^2)) -> 0 | J43: =IF($C43=0,0,$V$6/($V$6^2+($C43-$V$7)^2)) -> 0 | K43: =IF($C43=0,0,-($C43-$V$7)/($V$6^2+($C43-$V$7)^2)) -> 0 | L43: =IF($C43=0,0,$V$6/($V$6^2+($C43+$V$7)^2)) -> 0 | M43: =IF($C43=0,0,-($C43+$V$7)/($V$6^2+($C43+$V$7)^2)) -> 0 | N43: =F43+H43 -> 0 | O43: =I43-G43 -> 0 | P43: =J43+L43 -> 0 | Q43: =M43-K43 -> 0 | R43: =IF($C43=0,0,-1/$C43^2) -> 0 | S43: =IF($C43=0,0,1) -> 0 | T43: =D43 -> 0
A44: ="実部" -> 実部 | B44: =IF(03_FRFデータ貼付!B41="","",03_FRFデータ貼付!A41) | C44: =IF(03_FRFデータ貼付!B41="",0,03_FRFデータ貼付!G41) -> 0 | D44: =IF(03_FRFデータ貼付!C41="",0,03_FRFデータ貼付!C41) -> 0 | E44: =IF(03_FRFデータ貼付!D41="",0,03_FRFデータ貼付!D41) -> 0 | F44: =IF($C44=0,0,$V$4/($V$4^2+($C44-$V$5)^2)) -> 0 | G44: =IF($C44=0,0,-($C44-$V$5)/($V$4^2+($C44-$V$5)^2)) -> 0 | H44: =IF($C44=0,0,$V$4/($V$4^2+($C44+$V$5)^2)) -> 0 | I44: =IF($C44=0,0,-($C44+$V$5)/($V$4^2+($C44+$V$5)^2)) -> 0 | J44: =IF($C44=0,0,$V$6/($V$6^2+($C44-$V$7)^2)) -> 0 | K44: =IF($C44=0,0,-($C44-$V$7)/($V$6^2+($C44-$V$7)^2)) -> 0 | L44: =IF($C44=0,0,$V$6/($V$6^2+($C44+$V$7)^2)) -> 0 | M44: =IF($C44=0,0,-($C44+$V$7)/($V$6^2+($C44+$V$7)^2)) -> 0 | N44: =F44+H44 -> 0 | O44: =I44-G44 -> 0 | P44: =J44+L44 -> 0 | Q44: =M44-K44 -> 0 | R44: =IF($C44=0,0,-1/$C44^2) -> 0 | S44: =IF($C44=0,0,1) -> 0 | T44: =D44 -> 0
A45: ="実部" -> 実部 | B45: =IF(03_FRFデータ貼付!B42="","",03_FRFデータ貼付!A42) | C45: =IF(03_FRFデータ貼付!B42="",0,03_FRFデータ貼付!G42) -> 0 | D45: =IF(03_FRFデータ貼付!C42="",0,03_FRFデータ貼付!C42) -> 0 | E45: =IF(03_FRFデータ貼付!D42="",0,03_FRFデータ貼付!D42) -> 0 | F45: =IF($C45=0,0,$V$4/($V$4^2+($C45-$V$5)^2)) -> 0 | G45: =IF($C45=0,0,-($C45-$V$5)/($V$4^2+($C45-$V$5)^2)) -> 0 | H45: =IF($C45=0,0,$V$4/($V$4^2+($C45+$V$5)^2)) -> 0 | I45: =IF($C45=0,0,-($C45+$V$5)/($V$4^2+($C45+$V$5)^2)) -> 0 | J45: =IF($C45=0,0,$V$6/($V$6^2+($C45-$V$7)^2)) -> 0 | K45: =IF($C45=0,0,-($C45-$V$7)/($V$6^2+($C45-$V$7)^2)) -> 0 | L45: =IF($C45=0,0,$V$6/($V$6^2+($C45+$V$7)^2)) -> 0 | M45: =IF($C45=0,0,-($C45+$V$7)/($V$6^2+($C45+$V$7)^2)) -> 0 | N45: =F45+H45 -> 0 | O45: =I45-G45 -> 0 | P45: =J45+L45 -> 0 | Q45: =M45-K45 -> 0 | R45: =IF($C45=0,0,-1/$C45^2) -> 0 | S45: =IF($C45=0,0,1) -> 0 | T45: =D45 -> 0 | U45: ■ ME'scope 形式のレジデュー
A46: ="実部" -> 実部 | B46: =IF(03_FRFデータ貼付!B43="","",03_FRFデータ貼付!A43) | C46: =IF(03_FRFデータ貼付!B43="",0,03_FRFデータ貼付!G43) -> 0 | D46: =IF(03_FRFデータ貼付!C43="",0,03_FRFデータ貼付!C43) -> 0 | E46: =IF(03_FRFデータ貼付!D43="",0,03_FRFデータ貼付!D43) -> 0 | F46: =IF($C46=0,0,$V$4/($V$4^2+($C46-$V$5)^2)) -> 0 | G46: =IF($C46=0,0,-($C46-$V$5)/($V$4^2+($C46-$V$5)^2)) -> 0 | H46: =IF($C46=0,0,$V$4/($V$4^2+($C46+$V$5)^2)) -> 0 | I46: =IF($C46=0,0,-($C46+$V$5)/($V$4^2+($C46+$V$5)^2)) -> 0 | J46: =IF($C46=0,0,$V$6/($V$6^2+($C46-$V$7)^2)) -> 0 | K46: =IF($C46=0,0,-($C46-$V$7)/($V$6^2+($C46-$V$7)^2)) -> 0 | L46: =IF($C46=0,0,$V$6/($V$6^2+($C46+$V$7)^2)) -> 0 | M46: =IF($C46=0,0,-($C46+$V$7)/($V$6^2+($C46+$V$7)^2)) -> 0 | N46: =F46+H46 -> 0 | O46: =I46-G46 -> 0 | P46: =J46+L46 -> 0 | Q46: =M46-K46 -> 0 | R46: =IF($C46=0,0,-1/$C46^2) -> 0 | S46: =IF($C46=0,0,1) -> 0 | T46: =D46 -> 0 | U46: 項目 | V46: モードA | W46: モードB | X46: 単位・意味
A47: ="実部" -> 実部 | B47: =IF(03_FRFデータ貼付!B44="","",03_FRFデータ貼付!A44) | C47: =IF(03_FRFデータ貼付!B44="",0,03_FRFデータ貼付!G44) -> 0 | D47: =IF(03_FRFデータ貼付!C44="",0,03_FRFデータ貼付!C44) -> 0 | E47: =IF(03_FRFデータ貼付!D44="",0,03_FRFデータ貼付!D44) -> 0 | F47: =IF($C47=0,0,$V$4/($V$4^2+($C47-$V$5)^2)) -> 0 | G47: =IF($C47=0,0,-($C47-$V$5)/($V$4^2+($C47-$V$5)^2)) -> 0 | H47: =IF($C47=0,0,$V$4/($V$4^2+($C47+$V$5)^2)) -> 0 | I47: =IF($C47=0,0,-($C47+$V$5)/($V$4^2+($C47+$V$5)^2)) -> 0 | J47: =IF($C47=0,0,$V$6/($V$6^2+($C47-$V$7)^2)) -> 0 | K47: =IF($C47=0,0,-($C47-$V$7)/($V$6^2+($C47-$V$7)^2)) -> 0 | L47: =IF($C47=0,0,$V$6/($V$6^2+($C47+$V$7)^2)) -> 0 | M47: =IF($C47=0,0,-($C47+$V$7)/($V$6^2+($C47+$V$7)^2)) -> 0 | N47: =F47+H47 -> 0 | O47: =I47-G47 -> 0 | P47: =J47+L47 -> 0 | Q47: =M47-K47 -> 0 | R47: =IF($C47=0,0,-1/$C47^2) -> 0 | S47: =IF($C47=0,0,1) -> 0 | T47: =D47 -> 0 | U47: A = α + jβ（実部） | V47: =W37 -> 1.0014471 | W47: =W39 -> 0.79873101 | X47: 解いた値そのもの
A48: ="実部" -> 実部 | B48: =IF(03_FRFデータ貼付!B45="","",03_FRFデータ貼付!A45) | C48: =IF(03_FRFデータ貼付!B45="",0,03_FRFデータ貼付!G45) -> 0 | D48: =IF(03_FRFデータ貼付!C45="",0,03_FRFデータ貼付!C45) -> 0 | E48: =IF(03_FRFデータ貼付!D45="",0,03_FRFデータ貼付!D45) -> 0 | F48: =IF($C48=0,0,$V$4/($V$4^2+($C48-$V$5)^2)) -> 0 | G48: =IF($C48=0,0,-($C48-$V$5)/($V$4^2+($C48-$V$5)^2)) -> 0 | H48: =IF($C48=0,0,$V$4/($V$4^2+($C48+$V$5)^2)) -> 0 | I48: =IF($C48=0,0,-($C48+$V$5)/($V$4^2+($C48+$V$5)^2)) -> 0 | J48: =IF($C48=0,0,$V$6/($V$6^2+($C48-$V$7)^2)) -> 0 | K48: =IF($C48=0,0,-($C48-$V$7)/($V$6^2+($C48-$V$7)^2)) -> 0 | L48: =IF($C48=0,0,$V$6/($V$6^2+($C48+$V$7)^2)) -> 0 | M48: =IF($C48=0,0,-($C48+$V$7)/($V$6^2+($C48+$V$7)^2)) -> 0 | N48: =F48+H48 -> 0 | O48: =I48-G48 -> 0 | P48: =J48+L48 -> 0 | Q48: =M48-K48 -> 0 | R48: =IF($C48=0,0,-1/$C48^2) -> 0 | S48: =IF($C48=0,0,1) -> 0 | T48: =D48 -> 0 | U48: A = α + jβ（虚部） | V48: =W38 -> 0.30023346 | W48: =W40 -> -0.19939581 | X48: 解いた値そのもの
A49: ="実部" -> 実部 | B49: =IF(03_FRFデータ貼付!B46="","",03_FRFデータ貼付!A46) | C49: =IF(03_FRFデータ貼付!B46="",0,03_FRFデータ貼付!G46) -> 0 | D49: =IF(03_FRFデータ貼付!C46="",0,03_FRFデータ貼付!C46) -> 0 | E49: =IF(03_FRFデータ貼付!D46="",0,03_FRFデータ貼付!D46) -> 0 | F49: =IF($C49=0,0,$V$4/($V$4^2+($C49-$V$5)^2)) -> 0 | G49: =IF($C49=0,0,-($C49-$V$5)/($V$4^2+($C49-$V$5)^2)) -> 0 | H49: =IF($C49=0,0,$V$4/($V$4^2+($C49+$V$5)^2)) -> 0 | I49: =IF($C49=0,0,-($C49+$V$5)/($V$4^2+($C49+$V$5)^2)) -> 0 | J49: =IF($C49=0,0,$V$6/($V$6^2+($C49-$V$7)^2)) -> 0 | K49: =IF($C49=0,0,-($C49-$V$7)/($V$6^2+($C49-$V$7)^2)) -> 0 | L49: =IF($C49=0,0,$V$6/($V$6^2+($C49+$V$7)^2)) -> 0 | M49: =IF($C49=0,0,-($C49+$V$7)/($V$6^2+($C49+$V$7)^2)) -> 0 | N49: =F49+H49 -> 0 | O49: =I49-G49 -> 0 | P49: =J49+L49 -> 0 | Q49: =M49-K49 -> 0 | R49: =IF($C49=0,0,-1/$C49^2) -> 0 | S49: =IF($C49=0,0,1) -> 0 | T49: =D49 -> 0 | U49: ME'scope レジデュー r（実部） | V49: =-2*W38 -> -0.60046692 | W49: =-2*W40 -> 0.39879162 | X49: r = 2j·A なので Re(r) = −2β
A50: ="実部" -> 実部 | B50: =IF(03_FRFデータ貼付!B47="","",03_FRFデータ貼付!A47) | C50: =IF(03_FRFデータ貼付!B47="",0,03_FRFデータ貼付!G47) -> 0 | D50: =IF(03_FRFデータ貼付!C47="",0,03_FRFデータ貼付!C47) -> 0 | E50: =IF(03_FRFデータ貼付!D47="",0,03_FRFデータ貼付!D47) -> 0 | F50: =IF($C50=0,0,$V$4/($V$4^2+($C50-$V$5)^2)) -> 0 | G50: =IF($C50=0,0,-($C50-$V$5)/($V$4^2+($C50-$V$5)^2)) -> 0 | H50: =IF($C50=0,0,$V$4/($V$4^2+($C50+$V$5)^2)) -> 0 | I50: =IF($C50=0,0,-($C50+$V$5)/($V$4^2+($C50+$V$5)^2)) -> 0 | J50: =IF($C50=0,0,$V$6/($V$6^2+($C50-$V$7)^2)) -> 0 | K50: =IF($C50=0,0,-($C50-$V$7)/($V$6^2+($C50-$V$7)^2)) -> 0 | L50: =IF($C50=0,0,$V$6/($V$6^2+($C50+$V$7)^2)) -> 0 | M50: =IF($C50=0,0,-($C50+$V$7)/($V$6^2+($C50+$V$7)^2)) -> 0 | N50: =F50+H50 -> 0 | O50: =I50-G50 -> 0 | P50: =J50+L50 -> 0 | Q50: =M50-K50 -> 0 | R50: =IF($C50=0,0,-1/$C50^2) -> 0 | S50: =IF($C50=0,0,1) -> 0 | T50: =D50 -> 0 | U50: ME'scope レジデュー r（虚部） | V50: =2*W37 -> 2.0028943 | W50: =2*W39 -> 1.597462 | X50: Im(r) = 2α
A51: ="実部" -> 実部 | B51: =IF(03_FRFデータ貼付!B48="","",03_FRFデータ貼付!A48) | C51: =IF(03_FRFデータ貼付!B48="",0,03_FRFデータ貼付!G48) -> 0 | D51: =IF(03_FRFデータ貼付!C48="",0,03_FRFデータ貼付!C48) -> 0 | E51: =IF(03_FRFデータ貼付!D48="",0,03_FRFデータ貼付!D48) -> 0 | F51: =IF($C51=0,0,$V$4/($V$4^2+($C51-$V$5)^2)) -> 0 | G51: =IF($C51=0,0,-($C51-$V$5)/($V$4^2+($C51-$V$5)^2)) -> 0 | H51: =IF($C51=0,0,$V$4/($V$4^2+($C51+$V$5)^2)) -> 0 | I51: =IF($C51=0,0,-($C51+$V$5)/($V$4^2+($C51+$V$5)^2)) -> 0 | J51: =IF($C51=0,0,$V$6/($V$6^2+($C51-$V$7)^2)) -> 0 | K51: =IF($C51=0,0,-($C51-$V$7)/($V$6^2+($C51-$V$7)^2)) -> 0 | L51: =IF($C51=0,0,$V$6/($V$6^2+($C51+$V$7)^2)) -> 0 | M51: =IF($C51=0,0,-($C51+$V$7)/($V$6^2+($C51+$V$7)^2)) -> 0 | N51: =F51+H51 -> 0 | O51: =I51-G51 -> 0 | P51: =J51+L51 -> 0 | Q51: =M51-K51 -> 0 | R51: =IF($C51=0,0,-1/$C51^2) -> 0 | S51: =IF($C51=0,0,1) -> 0 | T51: =D51 -> 0 | U51: レジデューの大きさ |r| | V51: =IFERROR(2*SQRT(W37^2+W38^2),"") -> 2.0909677 | W51: =IFERROR(2*SQRT(W39^2+W40^2),"") -> 1.6464871 | X51: 山の高さ＝モード形状の成分の大きさ
A52: ="実部" -> 実部 | B52: =IF(03_FRFデータ貼付!B49="","",03_FRFデータ貼付!A49) | C52: =IF(03_FRFデータ貼付!B49="",0,03_FRFデータ貼付!G49) -> 0 | D52: =IF(03_FRFデータ貼付!C49="",0,03_FRFデータ貼付!C49) -> 0 | E52: =IF(03_FRFデータ貼付!D49="",0,03_FRFデータ貼付!D49) -> 0 | F52: =IF($C52=0,0,$V$4/($V$4^2+($C52-$V$5)^2)) -> 0 | G52: =IF($C52=0,0,-($C52-$V$5)/($V$4^2+($C52-$V$5)^2)) -> 0 | H52: =IF($C52=0,0,$V$4/($V$4^2+($C52+$V$5)^2)) -> 0 | I52: =IF($C52=0,0,-($C52+$V$5)/($V$4^2+($C52+$V$5)^2)) -> 0 | J52: =IF($C52=0,0,$V$6/($V$6^2+($C52-$V$7)^2)) -> 0 | K52: =IF($C52=0,0,-($C52-$V$7)/($V$6^2+($C52-$V$7)^2)) -> 0 | L52: =IF($C52=0,0,$V$6/($V$6^2+($C52+$V$7)^2)) -> 0 | M52: =IF($C52=0,0,-($C52+$V$7)/($V$6^2+($C52+$V$7)^2)) -> 0 | N52: =F52+H52 -> 0 | O52: =I52-G52 -> 0 | P52: =J52+L52 -> 0 | Q52: =M52-K52 -> 0 | R52: =IF($C52=0,0,-1/$C52^2) -> 0 | S52: =IF($C52=0,0,1) -> 0 | T52: =D52 -> 0 | U52: レジデューの位相 [deg] | V52: =IFERROR(DEGREES(ATAN2(-2*W38,2*W37)),"") -> 106.68871 | W52: =IFERROR(DEGREES(ATAN2(-2*W40,2*W39)),"") -> 75.983131 | X52: ±90°付近なら正規モードに近い（良好）
A53: ="実部" -> 実部 | B53: =IF(03_FRFデータ貼付!B50="","",03_FRFデータ貼付!A50) | C53: =IF(03_FRFデータ貼付!B50="",0,03_FRFデータ貼付!G50) -> 0 | D53: =IF(03_FRFデータ貼付!C50="",0,03_FRFデータ貼付!C50) -> 0 | E53: =IF(03_FRFデータ貼付!D50="",0,03_FRFデータ貼付!D50) -> 0 | F53: =IF($C53=0,0,$V$4/($V$4^2+($C53-$V$5)^2)) -> 0 | G53: =IF($C53=0,0,-($C53-$V$5)/($V$4^2+($C53-$V$5)^2)) -> 0 | H53: =IF($C53=0,0,$V$4/($V$4^2+($C53+$V$5)^2)) -> 0 | I53: =IF($C53=0,0,-($C53+$V$5)/($V$4^2+($C53+$V$5)^2)) -> 0 | J53: =IF($C53=0,0,$V$6/($V$6^2+($C53-$V$7)^2)) -> 0 | K53: =IF($C53=0,0,-($C53-$V$7)/($V$6^2+($C53-$V$7)^2)) -> 0 | L53: =IF($C53=0,0,$V$6/($V$6^2+($C53+$V$7)^2)) -> 0 | M53: =IF($C53=0,0,-($C53+$V$7)/($V$6^2+($C53+$V$7)^2)) -> 0 | N53: =F53+H53 -> 0 | O53: =I53-G53 -> 0 | P53: =J53+L53 -> 0 | Q53: =M53-K53 -> 0 | R53: =IF($C53=0,0,-1/$C53^2) -> 0 | S53: =IF($C53=0,0,1) -> 0 | T53: =D53 -> 0 | U53: 正規モード性チェック | V53: =IFERROR(IF(ABS(ABS(DEGREES(ATAN2(-2*W38,2*W37)))-90)<20,"○ 正規モードに近い","△ 複素モード性が強い"),"") -> ○ 正規モードに近い | W53: =IFERROR(IF(ABS(ABS(DEGREES(ATAN2(-2*W40,2*W39)))-90)<20,"○ 正規モードに近い","△ 複素モード性が強い"),"") -> ○ 正規モードに近い | X53: 位相が±90°から20°以上ずれると要注意
A54: ="実部" -> 実部 | B54: =IF(03_FRFデータ貼付!B51="","",03_FRFデータ貼付!A51) | C54: =IF(03_FRFデータ貼付!B51="",0,03_FRFデータ貼付!G51) -> 0 | D54: =IF(03_FRFデータ貼付!C51="",0,03_FRFデータ貼付!C51) -> 0 | E54: =IF(03_FRFデータ貼付!D51="",0,03_FRFデータ貼付!D51) -> 0 | F54: =IF($C54=0,0,$V$4/($V$4^2+($C54-$V$5)^2)) -> 0 | G54: =IF($C54=0,0,-($C54-$V$5)/($V$4^2+($C54-$V$5)^2)) -> 0 | H54: =IF($C54=0,0,$V$4/($V$4^2+($C54+$V$5)^2)) -> 0 | I54: =IF($C54=0,0,-($C54+$V$5)/($V$4^2+($C54+$V$5)^2)) -> 0 | J54: =IF($C54=0,0,$V$6/($V$6^2+($C54-$V$7)^2)) -> 0 | K54: =IF($C54=0,0,-($C54-$V$7)/($V$6^2+($C54-$V$7)^2)) -> 0 | L54: =IF($C54=0,0,$V$6/($V$6^2+($C54+$V$7)^2)) -> 0 | M54: =IF($C54=0,0,-($C54+$V$7)/($V$6^2+($C54+$V$7)^2)) -> 0 | N54: =F54+H54 -> 0 | O54: =I54-G54 -> 0 | P54: =J54+L54 -> 0 | Q54: =M54-K54 -> 0 | R54: =IF($C54=0,0,-1/$C54^2) -> 0 | S54: =IF($C54=0,0,1) -> 0 | T54: =D54 -> 0
A55: ="実部" -> 実部 | B55: =IF(03_FRFデータ貼付!B52="","",03_FRFデータ貼付!A52) | C55: =IF(03_FRFデータ貼付!B52="",0,03_FRFデータ貼付!G52) -> 0 | D55: =IF(03_FRFデータ貼付!C52="",0,03_FRFデータ貼付!C52) -> 0 | E55: =IF(03_FRFデータ貼付!D52="",0,03_FRFデータ貼付!D52) -> 0 | F55: =IF($C55=0,0,$V$4/($V$4^2+($C55-$V$5)^2)) -> 0 | G55: =IF($C55=0,0,-($C55-$V$5)/($V$4^2+($C55-$V$5)^2)) -> 0 | H55: =IF($C55=0,0,$V$4/($V$4^2+($C55+$V$5)^2)) -> 0 | I55: =IF($C55=0,0,-($C55+$V$5)/($V$4^2+($C55+$V$5)^2)) -> 0 | J55: =IF($C55=0,0,$V$6/($V$6^2+($C55-$V$7)^2)) -> 0 | K55: =IF($C55=0,0,-($C55-$V$7)/($V$6^2+($C55-$V$7)^2)) -> 0 | L55: =IF($C55=0,0,$V$6/($V$6^2+($C55+$V$7)^2)) -> 0 | M55: =IF($C55=0,0,-($C55+$V$7)/($V$6^2+($C55+$V$7)^2)) -> 0 | N55: =F55+H55 -> 0 | O55: =I55-G55 -> 0 | P55: =J55+L55 -> 0 | Q55: =M55-K55 -> 0 | R55: =IF($C55=0,0,-1/$C55^2) -> 0 | S55: =IF($C55=0,0,1) -> 0 | T55: =D55 -> 0
A56: ="実部" -> 実部 | B56: =IF(03_FRFデータ貼付!B53="","",03_FRFデータ貼付!A53) | C56: =IF(03_FRFデータ貼付!B53="",0,03_FRFデータ貼付!G53) -> 0 | D56: =IF(03_FRFデータ貼付!C53="",0,03_FRFデータ貼付!C53) -> 0 | E56: =IF(03_FRFデータ貼付!D53="",0,03_FRFデータ貼付!D53) -> 0 | F56: =IF($C56=0,0,$V$4/($V$4^2+($C56-$V$5)^2)) -> 0 | G56: =IF($C56=0,0,-($C56-$V$5)/($V$4^2+($C56-$V$5)^2)) -> 0 | H56: =IF($C56=0,0,$V$4/($V$4^2+($C56+$V$5)^2)) -> 0 | I56: =IF($C56=0,0,-($C56+$V$5)/($V$4^2+($C56+$V$5)^2)) -> 0 | J56: =IF($C56=0,0,$V$6/($V$6^2+($C56-$V$7)^2)) -> 0 | K56: =IF($C56=0,0,-($C56-$V$7)/($V$6^2+($C56-$V$7)^2)) -> 0 | L56: =IF($C56=0,0,$V$6/($V$6^2+($C56+$V$7)^2)) -> 0 | M56: =IF($C56=0,0,-($C56+$V$7)/($V$6^2+($C56+$V$7)^2)) -> 0 | N56: =F56+H56 -> 0 | O56: =I56-G56 -> 0 | P56: =J56+L56 -> 0 | Q56: =M56-K56 -> 0 | R56: =IF($C56=0,0,-1/$C56^2) -> 0 | S56: =IF($C56=0,0,1) -> 0 | T56: =D56 -> 0 | U56: ■ 単位換算とモーダル質量（🟢Richardson 2000 式(15)(16)(20)(21)(25)）
A57: ="実部" -> 実部 | B57: =IF(03_FRFデータ貼付!B54="","",03_FRFデータ貼付!A54) | C57: =IF(03_FRFデータ貼付!B54="",0,03_FRFデータ貼付!G54) -> 0 | D57: =IF(03_FRFデータ貼付!C54="",0,03_FRFデータ貼付!C54) -> 0 | E57: =IF(03_FRFデータ貼付!D54="",0,03_FRFデータ貼付!D54) -> 0 | F57: =IF($C57=0,0,$V$4/($V$4^2+($C57-$V$5)^2)) -> 0 | G57: =IF($C57=0,0,-($C57-$V$5)/($V$4^2+($C57-$V$5)^2)) -> 0 | H57: =IF($C57=0,0,$V$4/($V$4^2+($C57+$V$5)^2)) -> 0 | I57: =IF($C57=0,0,-($C57+$V$5)/($V$4^2+($C57+$V$5)^2)) -> 0 | J57: =IF($C57=0,0,$V$6/($V$6^2+($C57-$V$7)^2)) -> 0 | K57: =IF($C57=0,0,-($C57-$V$7)/($V$6^2+($C57-$V$7)^2)) -> 0 | L57: =IF($C57=0,0,$V$6/($V$6^2+($C57+$V$7)^2)) -> 0 | M57: =IF($C57=0,0,-($C57+$V$7)/($V$6^2+($C57+$V$7)^2)) -> 0 | N57: =F57+H57 -> 0 | O57: =I57-G57 -> 0 | P57: =J57+L57 -> 0 | Q57: =M57-K57 -> 0 | R57: =IF($C57=0,0,-1/$C57^2) -> 0 | S57: =IF($C57=0,0,1) -> 0 | T57: =D57 -> 0 | U57: 測定量（1=変位 / 2=速度 / 3=加速度） | V57: 2 | X57: ← LDV（PSV-400）は速度なので 2。加速度ピックアップなら 3
A58: ="実部" -> 実部 | B58: =IF(03_FRFデータ貼付!B55="","",03_FRFデータ貼付!A55) | C58: =IF(03_FRFデータ貼付!B55="",0,03_FRFデータ貼付!G55) -> 0 | D58: =IF(03_FRFデータ貼付!C55="",0,03_FRFデータ貼付!C55) -> 0 | E58: =IF(03_FRFデータ貼付!D55="",0,03_FRFデータ貼付!D55) -> 0 | F58: =IF($C58=0,0,$V$4/($V$4^2+($C58-$V$5)^2)) -> 0 | G58: =IF($C58=0,0,-($C58-$V$5)/($V$4^2+($C58-$V$5)^2)) -> 0 | H58: =IF($C58=0,0,$V$4/($V$4^2+($C58+$V$5)^2)) -> 0 | I58: =IF($C58=0,0,-($C58+$V$5)/($V$4^2+($C58+$V$5)^2)) -> 0 | J58: =IF($C58=0,0,$V$6/($V$6^2+($C58-$V$7)^2)) -> 0 | K58: =IF($C58=0,0,-($C58-$V$7)/($V$6^2+($C58-$V$7)^2)) -> 0 | L58: =IF($C58=0,0,$V$6/($V$6^2+($C58+$V$7)^2)) -> 0 | M58: =IF($C58=0,0,-($C58+$V$7)/($V$6^2+($C58+$V$7)^2)) -> 0 | N58: =F58+H58 -> 0 | O58: =I58-G58 -> 0 | P58: =J58+L58 -> 0 | Q58: =M58-K58 -> 0 | R58: =IF($C58=0,0,-1/$C58^2) -> 0 | S58: =IF($C58=0,0,1) -> 0 | T58: =D58 -> 0 | U58: 駆動点（加振点＝応答点）ですか（1=はい/0=いいえ） | V58: 0 | X58: ← 駆動点でないとモーダル質量・有効質量は計算できません
A59: ="実部" -> 実部 | B59: =IF(03_FRFデータ貼付!B56="","",03_FRFデータ貼付!A56) | C59: =IF(03_FRFデータ貼付!B56="",0,03_FRFデータ貼付!G56) -> 0 | D59: =IF(03_FRFデータ貼付!C56="",0,03_FRFデータ貼付!C56) -> 0 | E59: =IF(03_FRFデータ貼付!D56="",0,03_FRFデータ貼付!D56) -> 0 | F59: =IF($C59=0,0,$V$4/($V$4^2+($C59-$V$5)^2)) -> 0 | G59: =IF($C59=0,0,-($C59-$V$5)/($V$4^2+($C59-$V$5)^2)) -> 0 | H59: =IF($C59=0,0,$V$4/($V$4^2+($C59+$V$5)^2)) -> 0 | I59: =IF($C59=0,0,-($C59+$V$5)/($V$4^2+($C59+$V$5)^2)) -> 0 | J59: =IF($C59=0,0,$V$6/($V$6^2+($C59-$V$7)^2)) -> 0 | K59: =IF($C59=0,0,-($C59-$V$7)/($V$6^2+($C59-$V$7)^2)) -> 0 | L59: =IF($C59=0,0,$V$6/($V$6^2+($C59+$V$7)^2)) -> 0 | M59: =IF($C59=0,0,-($C59+$V$7)/($V$6^2+($C59+$V$7)^2)) -> 0 | N59: =F59+H59 -> 0 | O59: =I59-G59 -> 0 | P59: =J59+L59 -> 0 | Q59: =M59-K59 -> 0 | R59: =IF($C59=0,0,-1/$C59^2) -> 0 | S59: =IF($C59=0,0,1) -> 0 | T59: =D59 -> 0 | U59: 換算係数 F = ω/(σ²+ω²) [s] | V59: =IFERROR(09_モーダル諸元!B12/(09_モーダル諸元!B13^2+09_モーダル諸元!B12^2),"") -> 4.5733876e-05 | W59: =IFERROR(09_モーダル諸元!C12/(09_モーダル諸元!C13^2+09_モーダル諸元!C12^2),"") -> 4.5214085e-05
A60: ="実部" -> 実部 | B60: =IF(03_FRFデータ貼付!B57="","",03_FRFデータ貼付!A57) | C60: =IF(03_FRFデータ貼付!B57="",0,03_FRFデータ貼付!G57) -> 0 | D60: =IF(03_FRFデータ貼付!C57="",0,03_FRFデータ貼付!C57) -> 0 | E60: =IF(03_FRFデータ貼付!D57="",0,03_FRFデータ貼付!D57) -> 0 | F60: =IF($C60=0,0,$V$4/($V$4^2+($C60-$V$5)^2)) -> 0 | G60: =IF($C60=0,0,-($C60-$V$5)/($V$4^2+($C60-$V$5)^2)) -> 0 | H60: =IF($C60=0,0,$V$4/($V$4^2+($C60+$V$5)^2)) -> 0 | I60: =IF($C60=0,0,-($C60+$V$5)/($V$4^2+($C60+$V$5)^2)) -> 0 | J60: =IF($C60=0,0,$V$6/($V$6^2+($C60-$V$7)^2)) -> 0 | K60: =IF($C60=0,0,-($C60-$V$7)/($V$6^2+($C60-$V$7)^2)) -> 0 | L60: =IF($C60=0,0,$V$6/($V$6^2+($C60+$V$7)^2)) -> 0 | M60: =IF($C60=0,0,-($C60+$V$7)/($V$6^2+($C60+$V$7)^2)) -> 0 | N60: =F60+H60 -> 0 | O60: =I60-G60 -> 0 | P60: =J60+L60 -> 0 | Q60: =M60-K60 -> 0 | R60: =IF($C60=0,0,-1/$C60^2) -> 0 | S60: =IF($C60=0,0,1) -> 0 | T60: =D60 -> 0 | U60: 変位系レジデュー r_d | V60: =IFERROR(IF($V$57=1,V51,IF($V$57=2,V51*V59,V51*V59^2)),"") -> 9.5628058e-05 | W60: =IFERROR(IF($V$57=1,W51,IF($V$57=2,W51*W59,W51*W59^2)),"") -> 7.4444407e-05 | X60: 加速度→変位は F²倍、速度→変位は F倍（🟢Richardson 2000 Table 1）
A61: ="実部" -> 実部 | B61: =IF(03_FRFデータ貼付!B58="","",03_FRFデータ貼付!A58) | C61: =IF(03_FRFデータ貼付!B58="",0,03_FRFデータ貼付!G58) -> 0 | D61: =IF(03_FRFデータ貼付!C58="",0,03_FRFデータ貼付!C58) -> 0 | E61: =IF(03_FRFデータ貼付!D58="",0,03_FRFデータ貼付!D58) -> 0 | F61: =IF($C61=0,0,$V$4/($V$4^2+($C61-$V$5)^2)) -> 0 | G61: =IF($C61=0,0,-($C61-$V$5)/($V$4^2+($C61-$V$5)^2)) -> 0 | H61: =IF($C61=0,0,$V$4/($V$4^2+($C61+$V$5)^2)) -> 0 | I61: =IF($C61=0,0,-($C61+$V$5)/($V$4^2+($C61+$V$5)^2)) -> 0 | J61: =IF($C61=0,0,$V$6/($V$6^2+($C61-$V$7)^2)) -> 0 | K61: =IF($C61=0,0,-($C61-$V$7)/($V$6^2+($C61-$V$7)^2)) -> 0 | L61: =IF($C61=0,0,$V$6/($V$6^2+($C61+$V$7)^2)) -> 0 | M61: =IF($C61=0,0,-($C61+$V$7)/($V$6^2+($C61+$V$7)^2)) -> 0 | N61: =F61+H61 -> 0 | O61: =I61-G61 -> 0 | P61: =J61+L61 -> 0 | Q61: =M61-K61 -> 0 | R61: =IF($C61=0,0,-1/$C61^2) -> 0 | S61: =IF($C61=0,0,1) -> 0 | T61: =D61 -> 0 | U61: UMMモード形状成分 u（駆動点） | V61: =IF($V$58<>1,"駆動点でないため計算不可",IFERROR(SQRT(09_モーダル諸元!B12*V60),"")) -> 駆動点でないため計算不可 | W61: =IF($V$58<>1,"－",IFERROR(SQRT(09_モーダル諸元!C12*W60),"")) -> － | X61: u = √(ωk × r_jj) 🟢Richardson 2000 式(16)（単位モーダル質量スケーリング）
A62: ="実部" -> 実部 | B62: =IF(03_FRFデータ貼付!B59="","",03_FRFデータ貼付!A59) | C62: =IF(03_FRFデータ貼付!B59="",0,03_FRFデータ貼付!G59) -> 0 | D62: =IF(03_FRFデータ貼付!C59="",0,03_FRFデータ貼付!C59) -> 0 | E62: =IF(03_FRFデータ貼付!D59="",0,03_FRFデータ貼付!D59) -> 0 | F62: =IF($C62=0,0,$V$4/($V$4^2+($C62-$V$5)^2)) -> 0 | G62: =IF($C62=0,0,-($C62-$V$5)/($V$4^2+($C62-$V$5)^2)) -> 0 | H62: =IF($C62=0,0,$V$4/($V$4^2+($C62+$V$5)^2)) -> 0 | I62: =IF($C62=0,0,-($C62+$V$5)/($V$4^2+($C62+$V$5)^2)) -> 0 | J62: =IF($C62=0,0,$V$6/($V$6^2+($C62-$V$7)^2)) -> 0 | K62: =IF($C62=0,0,-($C62-$V$7)/($V$6^2+($C62-$V$7)^2)) -> 0 | L62: =IF($C62=0,0,$V$6/($V$6^2+($C62+$V$7)^2)) -> 0 | M62: =IF($C62=0,0,-($C62+$V$7)/($V$6^2+($C62+$V$7)^2)) -> 0 | N62: =F62+H62 -> 0 | O62: =I62-G62 -> 0 | P62: =J62+L62 -> 0 | Q62: =M62-K62 -> 0 | R62: =IF($C62=0,0,-1/$C62^2) -> 0 | S62: =IF($C62=0,0,1) -> 0 | T62: =D62 -> 0 | U62: 有効質量 [kg 相当] | V62: =IF($V$58<>1,"－",IFERROR(1/(09_モーダル諸元!B12*V60),"")) -> － | W62: =IF($V$58<>1,"－",IFERROR(1/(09_モーダル諸元!C12*W60),"")) -> － | X62: 有効質量 = 1/(ωk·r_jj) 🟢Richardson 2000 式(25)
A63: ="実部" -> 実部 | B63: =IF(03_FRFデータ貼付!B60="","",03_FRFデータ貼付!A60) | C63: =IF(03_FRFデータ貼付!B60="",0,03_FRFデータ貼付!G60) -> 0 | D63: =IF(03_FRFデータ貼付!C60="",0,03_FRFデータ貼付!C60) -> 0 | E63: =IF(03_FRFデータ貼付!D60="",0,03_FRFデータ貼付!D60) -> 0 | F63: =IF($C63=0,0,$V$4/($V$4^2+($C63-$V$5)^2)) -> 0 | G63: =IF($C63=0,0,-($C63-$V$5)/($V$4^2+($C63-$V$5)^2)) -> 0 | H63: =IF($C63=0,0,$V$4/($V$4^2+($C63+$V$5)^2)) -> 0 | I63: =IF($C63=0,0,-($C63+$V$5)/($V$4^2+($C63+$V$5)^2)) -> 0 | J63: =IF($C63=0,0,$V$6/($V$6^2+($C63-$V$7)^2)) -> 0 | K63: =IF($C63=0,0,-($C63-$V$7)/($V$6^2+($C63-$V$7)^2)) -> 0 | L63: =IF($C63=0,0,$V$6/($V$6^2+($C63+$V$7)^2)) -> 0 | M63: =IF($C63=0,0,-($C63+$V$7)/($V$6^2+($C63+$V$7)^2)) -> 0 | N63: =F63+H63 -> 0 | O63: =I63-G63 -> 0 | P63: =J63+L63 -> 0 | Q63: =M63-K63 -> 0 | R63: =IF($C63=0,0,-1/$C63^2) -> 0 | S63: =IF($C63=0,0,1) -> 0 | T63: =D63 -> 0 | U63: モーダル剛性（UMM換算） | V63: =IF($V$58<>1,"－",IFERROR((09_モーダル諸元!B13^2+09_モーダル諸元!B12^2)*V62,"")) -> － | W63: =IF($V$58<>1,"－",IFERROR((09_モーダル諸元!C13^2+09_モーダル諸元!C12^2)*W62,"")) -> － | X63: k = (σ²+ω²)·m 🟢Richardson 2000 式(10)
A64: ="実部" -> 実部 | B64: =IF(03_FRFデータ貼付!B61="","",03_FRFデータ貼付!A61) | C64: =IF(03_FRFデータ貼付!B61="",0,03_FRFデータ貼付!G61) -> 0 | D64: =IF(03_FRFデータ貼付!C61="",0,03_FRFデータ貼付!C61) -> 0 | E64: =IF(03_FRFデータ貼付!D61="",0,03_FRFデータ貼付!D61) -> 0 | F64: =IF($C64=0,0,$V$4/($V$4^2+($C64-$V$5)^2)) -> 0 | G64: =IF($C64=0,0,-($C64-$V$5)/($V$4^2+($C64-$V$5)^2)) -> 0 | H64: =IF($C64=0,0,$V$4/($V$4^2+($C64+$V$5)^2)) -> 0 | I64: =IF($C64=0,0,-($C64+$V$5)/($V$4^2+($C64+$V$5)^2)) -> 0 | J64: =IF($C64=0,0,$V$6/($V$6^2+($C64-$V$7)^2)) -> 0 | K64: =IF($C64=0,0,-($C64-$V$7)/($V$6^2+($C64-$V$7)^2)) -> 0 | L64: =IF($C64=0,0,$V$6/($V$6^2+($C64+$V$7)^2)) -> 0 | M64: =IF($C64=0,0,-($C64+$V$7)/($V$6^2+($C64+$V$7)^2)) -> 0 | N64: =F64+H64 -> 0 | O64: =I64-G64 -> 0 | P64: =J64+L64 -> 0 | Q64: =M64-K64 -> 0 | R64: =IF($C64=0,0,-1/$C64^2) -> 0 | S64: =IF($C64=0,0,1) -> 0 | T64: =D64 -> 0 | U64: モーダル減衰（UMM換算） | V64: =IF($V$58<>1,"－",IFERROR(2*09_モーダル諸元!B13*V62,"")) -> － | W64: =IF($V$58<>1,"－",IFERROR(2*09_モーダル諸元!C13*W62,"")) -> － | X64: c = 2σ·m 🟢Richardson 2000 式(11)
A65: ="実部" -> 実部 | B65: =IF(03_FRFデータ貼付!B62="","",03_FRFデータ貼付!A62) | C65: =IF(03_FRFデータ貼付!B62="",0,03_FRFデータ貼付!G62) -> 0 | D65: =IF(03_FRFデータ貼付!C62="",0,03_FRFデータ貼付!C62) -> 0 | E65: =IF(03_FRFデータ貼付!D62="",0,03_FRFデータ貼付!D62) -> 0 | F65: =IF($C65=0,0,$V$4/($V$4^2+($C65-$V$5)^2)) -> 0 | G65: =IF($C65=0,0,-($C65-$V$5)/($V$4^2+($C65-$V$5)^2)) -> 0 | H65: =IF($C65=0,0,$V$4/($V$4^2+($C65+$V$5)^2)) -> 0 | I65: =IF($C65=0,0,-($C65+$V$5)/($V$4^2+($C65+$V$5)^2)) -> 0 | J65: =IF($C65=0,0,$V$6/($V$6^2+($C65-$V$7)^2)) -> 0 | K65: =IF($C65=0,0,-($C65-$V$7)/($V$6^2+($C65-$V$7)^2)) -> 0 | L65: =IF($C65=0,0,$V$6/($V$6^2+($C65+$V$7)^2)) -> 0 | M65: =IF($C65=0,0,-($C65+$V$7)/($V$6^2+($C65+$V$7)^2)) -> 0 | N65: =F65+H65 -> 0 | O65: =I65-G65 -> 0 | P65: =J65+L65 -> 0 | Q65: =M65-K65 -> 0 | R65: =IF($C65=0,0,-1/$C65^2) -> 0 | S65: =IF($C65=0,0,1) -> 0 | T65: =D65 -> 0
A66: ="実部" -> 実部 | B66: =IF(03_FRFデータ貼付!B63="","",03_FRFデータ貼付!A63) | C66: =IF(03_FRFデータ貼付!B63="",0,03_FRFデータ貼付!G63) -> 0 | D66: =IF(03_FRFデータ貼付!C63="",0,03_FRFデータ貼付!C63) -> 0 | E66: =IF(03_FRFデータ貼付!D63="",0,03_FRFデータ貼付!D63) -> 0 | F66: =IF($C66=0,0,$V$4/($V$4^2+($C66-$V$5)^2)) -> 0 | G66: =IF($C66=0,0,-($C66-$V$5)/($V$4^2+($C66-$V$5)^2)) -> 0 | H66: =IF($C66=0,0,$V$4/($V$4^2+($C66+$V$5)^2)) -> 0 | I66: =IF($C66=0,0,-($C66+$V$5)/($V$4^2+($C66+$V$5)^2)) -> 0 | J66: =IF($C66=0,0,$V$6/($V$6^2+($C66-$V$7)^2)) -> 0 | K66: =IF($C66=0,0,-($C66-$V$7)/($V$6^2+($C66-$V$7)^2)) -> 0 | L66: =IF($C66=0,0,$V$6/($V$6^2+($C66+$V$7)^2)) -> 0 | M66: =IF($C66=0,0,-($C66+$V$7)/($V$6^2+($C66+$V$7)^2)) -> 0 | N66: =F66+H66 -> 0 | O66: =I66-G66 -> 0 | P66: =J66+L66 -> 0 | Q66: =M66-K66 -> 0 | R66: =IF($C66=0,0,-1/$C66^2) -> 0 | S66: =IF($C66=0,0,1) -> 0 | T66: =D66 -> 0 | U66: ⚠ モーダル質量・有効質量は『駆動点FRF』でしか出せません。ローピングハンマー（加振点固定・応答点移動、またはその逆）の1点データでは、上の欄は参考値になりません。
A67: ="実部" -> 実部 | B67: =IF(03_FRFデータ貼付!B64="","",03_FRFデータ貼付!A64) | C67: =IF(03_FRFデータ貼付!B64="",0,03_FRFデータ貼付!G64) -> 0 | D67: =IF(03_FRFデータ貼付!C64="",0,03_FRFデータ貼付!C64) -> 0 | E67: =IF(03_FRFデータ貼付!D64="",0,03_FRFデータ貼付!D64) -> 0 | F67: =IF($C67=0,0,$V$4/($V$4^2+($C67-$V$5)^2)) -> 0 | G67: =IF($C67=0,0,-($C67-$V$5)/($V$4^2+($C67-$V$5)^2)) -> 0 | H67: =IF($C67=0,0,$V$4/($V$4^2+($C67+$V$5)^2)) -> 0 | I67: =IF($C67=0,0,-($C67+$V$5)/($V$4^2+($C67+$V$5)^2)) -> 0 | J67: =IF($C67=0,0,$V$6/($V$6^2+($C67-$V$7)^2)) -> 0 | K67: =IF($C67=0,0,-($C67-$V$7)/($V$6^2+($C67-$V$7)^2)) -> 0 | L67: =IF($C67=0,0,$V$6/($V$6^2+($C67+$V$7)^2)) -> 0 | M67: =IF($C67=0,0,-($C67+$V$7)/($V$6^2+($C67+$V$7)^2)) -> 0 | N67: =F67+H67 -> 0 | O67: =I67-G67 -> 0 | P67: =J67+L67 -> 0 | Q67: =M67-K67 -> 0 | R67: =IF($C67=0,0,-1/$C67^2) -> 0 | S67: =IF($C67=0,0,1) -> 0 | T67: =D67 -> 0
A68: ="実部" -> 実部 | B68: =IF(03_FRFデータ貼付!B65="","",03_FRFデータ貼付!A65) | C68: =IF(03_FRFデータ貼付!B65="",0,03_FRFデータ貼付!G65) -> 0 | D68: =IF(03_FRFデータ貼付!C65="",0,03_FRFデータ貼付!C65) -> 0 | E68: =IF(03_FRFデータ貼付!D65="",0,03_FRFデータ貼付!D65) -> 0 | F68: =IF($C68=0,0,$V$4/($V$4^2+($C68-$V$5)^2)) -> 0 | G68: =IF($C68=0,0,-($C68-$V$5)/($V$4^2+($C68-$V$5)^2)) -> 0 | H68: =IF($C68=0,0,$V$4/($V$4^2+($C68+$V$5)^2)) -> 0 | I68: =IF($C68=0,0,-($C68+$V$5)/($V$4^2+($C68+$V$5)^2)) -> 0 | J68: =IF($C68=0,0,$V$6/($V$6^2+($C68-$V$7)^2)) -> 0 | K68: =IF($C68=0,0,-($C68-$V$7)/($V$6^2+($C68-$V$7)^2)) -> 0 | L68: =IF($C68=0,0,$V$6/($V$6^2+($C68+$V$7)^2)) -> 0 | M68: =IF($C68=0,0,-($C68+$V$7)/($V$6^2+($C68+$V$7)^2)) -> 0 | N68: =F68+H68 -> 0 | O68: =I68-G68 -> 0 | P68: =J68+L68 -> 0 | Q68: =M68-K68 -> 0 | R68: =IF($C68=0,0,-1/$C68^2) -> 0 | S68: =IF($C68=0,0,1) -> 0 | T68: =D68 -> 0
A69: ="実部" -> 実部 | B69: =IF(03_FRFデータ貼付!B66="","",03_FRFデータ貼付!A66) | C69: =IF(03_FRFデータ貼付!B66="",0,03_FRFデータ貼付!G66) -> 0 | D69: =IF(03_FRFデータ貼付!C66="",0,03_FRFデータ貼付!C66) -> 0 | E69: =IF(03_FRFデータ貼付!D66="",0,03_FRFデータ貼付!D66) -> 0 | F69: =IF($C69=0,0,$V$4/($V$4^2+($C69-$V$5)^2)) -> 0 | G69: =IF($C69=0,0,-($C69-$V$5)/($V$4^2+($C69-$V$5)^2)) -> 0 | H69: =IF($C69=0,0,$V$4/($V$4^2+($C69+$V$5)^2)) -> 0 | I69: =IF($C69=0,0,-($C69+$V$5)/($V$4^2+($C69+$V$5)^2)) -> 0 | J69: =IF($C69=0,0,$V$6/($V$6^2+($C69-$V$7)^2)) -> 0 | K69: =IF($C69=0,0,-($C69-$V$7)/($V$6^2+($C69-$V$7)^2)) -> 0 | L69: =IF($C69=0,0,$V$6/($V$6^2+($C69+$V$7)^2)) -> 0 | M69: =IF($C69=0,0,-($C69+$V$7)/($V$6^2+($C69+$V$7)^2)) -> 0 | N69: =F69+H69 -> 0 | O69: =I69-G69 -> 0 | P69: =J69+L69 -> 0 | Q69: =M69-K69 -> 0 | R69: =IF($C69=0,0,-1/$C69^2) -> 0 | S69: =IF($C69=0,0,1) -> 0 | T69: =D69 -> 0
A70: ="実部" -> 実部 | B70: =IF(03_FRFデータ貼付!B67="","",03_FRFデータ貼付!A67) | C70: =IF(03_FRFデータ貼付!B67="",0,03_FRFデータ貼付!G67) -> 0 | D70: =IF(03_FRFデータ貼付!C67="",0,03_FRFデータ貼付!C67) -> 0 | E70: =IF(03_FRFデータ貼付!D67="",0,03_FRFデータ貼付!D67) -> 0 | F70: =IF($C70=0,0,$V$4/($V$4^2+($C70-$V$5)^2)) -> 0 | G70: =IF($C70=0,0,-($C70-$V$5)/($V$4^2+($C70-$V$5)^2)) -> 0 | H70: =IF($C70=0,0,$V$4/($V$4^2+($C70+$V$5)^2)) -> 0 | I70: =IF($C70=0,0,-($C70+$V$5)/($V$4^2+($C70+$V$5)^2)) -> 0 | J70: =IF($C70=0,0,$V$6/($V$6^2+($C70-$V$7)^2)) -> 0 | K70: =IF($C70=0,0,-($C70-$V$7)/($V$6^2+($C70-$V$7)^2)) -> 0 | L70: =IF($C70=0,0,$V$6/($V$6^2+($C70+$V$7)^2)) -> 0 | M70: =IF($C70=0,0,-($C70+$V$7)/($V$6^2+($C70+$V$7)^2)) -> 0 | N70: =F70+H70 -> 0 | O70: =I70-G70 -> 0 | P70: =J70+L70 -> 0 | Q70: =M70-K70 -> 0 | R70: =IF($C70=0,0,-1/$C70^2) -> 0 | S70: =IF($C70=0,0,1) -> 0 | T70: =D70 -> 0
A71: ="実部" -> 実部 | B71: =IF(03_FRFデータ貼付!B68="","",03_FRFデータ貼付!A68) | C71: =IF(03_FRFデータ貼付!B68="",0,03_FRFデータ貼付!G68) -> 0 | D71: =IF(03_FRFデータ貼付!C68="",0,03_FRFデータ貼付!C68) -> 0 | E71: =IF(03_FRFデータ貼付!D68="",0,03_FRFデータ貼付!D68) -> 0 | F71: =IF($C71=0,0,$V$4/($V$4^2+($C71-$V$5)^2)) -> 0 | G71: =IF($C71=0,0,-($C71-$V$5)/($V$4^2+($C71-$V$5)^2)) -> 0 | H71: =IF($C71=0,0,$V$4/($V$4^2+($C71+$V$5)^2)) -> 0 | I71: =IF($C71=0,0,-($C71+$V$5)/($V$4^2+($C71+$V$5)^2)) -> 0 | J71: =IF($C71=0,0,$V$6/($V$6^2+($C71-$V$7)^2)) -> 0 | K71: =IF($C71=0,0,-($C71-$V$7)/($V$6^2+($C71-$V$7)^2)) -> 0 | L71: =IF($C71=0,0,$V$6/($V$6^2+($C71+$V$7)^2)) -> 0 | M71: =IF($C71=0,0,-($C71+$V$7)/($V$6^2+($C71+$V$7)^2)) -> 0 | N71: =F71+H71 -> 0 | O71: =I71-G71 -> 0 | P71: =J71+L71 -> 0 | Q71: =M71-K71 -> 0 | R71: =IF($C71=0,0,-1/$C71^2) -> 0 | S71: =IF($C71=0,0,1) -> 0 | T71: =D71 -> 0
A72: ="実部" -> 実部 | B72: =IF(03_FRFデータ貼付!B69="","",03_FRFデータ貼付!A69) | C72: =IF(03_FRFデータ貼付!B69="",0,03_FRFデータ貼付!G69) -> 0 | D72: =IF(03_FRFデータ貼付!C69="",0,03_FRFデータ貼付!C69) -> 0 | E72: =IF(03_FRFデータ貼付!D69="",0,03_FRFデータ貼付!D69) -> 0 | F72: =IF($C72=0,0,$V$4/($V$4^2+($C72-$V$5)^2)) -> 0 | G72: =IF($C72=0,0,-($C72-$V$5)/($V$4^2+($C72-$V$5)^2)) -> 0 | H72: =IF($C72=0,0,$V$4/($V$4^2+($C72+$V$5)^2)) -> 0 | I72: =IF($C72=0,0,-($C72+$V$5)/($V$4^2+($C72+$V$5)^2)) -> 0 | J72: =IF($C72=0,0,$V$6/($V$6^2+($C72-$V$7)^2)) -> 0 | K72: =IF($C72=0,0,-($C72-$V$7)/($V$6^2+($C72-$V$7)^2)) -> 0 | L72: =IF($C72=0,0,$V$6/($V$6^2+($C72+$V$7)^2)) -> 0 | M72: =IF($C72=0,0,-($C72+$V$7)/($V$6^2+($C72+$V$7)^2)) -> 0 | N72: =F72+H72 -> 0 | O72: =I72-G72 -> 0 | P72: =J72+L72 -> 0 | Q72: =M72-K72 -> 0 | R72: =IF($C72=0,0,-1/$C72^2) -> 0 | S72: =IF($C72=0,0,1) -> 0 | T72: =D72 -> 0
A73: ="実部" -> 実部 | B73: =IF(03_FRFデータ貼付!B70="","",03_FRFデータ貼付!A70) | C73: =IF(03_FRFデータ貼付!B70="",0,03_FRFデータ貼付!G70) -> 0 | D73: =IF(03_FRFデータ貼付!C70="",0,03_FRFデータ貼付!C70) -> 0 | E73: =IF(03_FRFデータ貼付!D70="",0,03_FRFデータ貼付!D70) -> 0 | F73: =IF($C73=0,0,$V$4/($V$4^2+($C73-$V$5)^2)) -> 0 | G73: =IF($C73=0,0,-($C73-$V$5)/($V$4^2+($C73-$V$5)^2)) -> 0 | H73: =IF($C73=0,0,$V$4/($V$4^2+($C73+$V$5)^2)) -> 0 | I73: =IF($C73=0,0,-($C73+$V$5)/($V$4^2+($C73+$V$5)^2)) -> 0 | J73: =IF($C73=0,0,$V$6/($V$6^2+($C73-$V$7)^2)) -> 0 | K73: =IF($C73=0,0,-($C73-$V$7)/($V$6^2+($C73-$V$7)^2)) -> 0 | L73: =IF($C73=0,0,$V$6/($V$6^2+($C73+$V$7)^2)) -> 0 | M73: =IF($C73=0,0,-($C73+$V$7)/($V$6^2+($C73+$V$7)^2)) -> 0 | N73: =F73+H73 -> 0 | O73: =I73-G73 -> 0 | P73: =J73+L73 -> 0 | Q73: =M73-K73 -> 0 | R73: =IF($C73=0,0,-1/$C73^2) -> 0 | S73: =IF($C73=0,0,1) -> 0 | T73: =D73 -> 0
A74: ="実部" -> 実部 | B74: =IF(03_FRFデータ貼付!B71="","",03_FRFデータ貼付!A71) | C74: =IF(03_FRFデータ貼付!B71="",0,03_FRFデータ貼付!G71) -> 0 | D74: =IF(03_FRFデータ貼付!C71="",0,03_FRFデータ貼付!C71) -> 0 | E74: =IF(03_FRFデータ貼付!D71="",0,03_FRFデータ貼付!D71) -> 0 | F74: =IF($C74=0,0,$V$4/($V$4^2+($C74-$V$5)^2)) -> 0 | G74: =IF($C74=0,0,-($C74-$V$5)/($V$4^2+($C74-$V$5)^2)) -> 0 | H74: =IF($C74=0,0,$V$4/($V$4^2+($C74+$V$5)^2)) -> 0 | I74: =IF($C74=0,0,-($C74+$V$5)/($V$4^2+($C74+$V$5)^2)) -> 0 | J74: =IF($C74=0,0,$V$6/($V$6^2+($C74-$V$7)^2)) -> 0 | K74: =IF($C74=0,0,-($C74-$V$7)/($V$6^2+($C74-$V$7)^2)) -> 0 | L74: =IF($C74=0,0,$V$6/($V$6^2+($C74+$V$7)^2)) -> 0 | M74: =IF($C74=0,0,-($C74+$V$7)/($V$6^2+($C74+$V$7)^2)) -> 0 | N74: =F74+H74 -> 0 | O74: =I74-G74 -> 0 | P74: =J74+L74 -> 0 | Q74: =M74-K74 -> 0 | R74: =IF($C74=0,0,-1/$C74^2) -> 0 | S74: =IF($C74=0,0,1) -> 0 | T74: =D74 -> 0
A75: ="実部" -> 実部 | B75: =IF(03_FRFデータ貼付!B72="","",03_FRFデータ貼付!A72) | C75: =IF(03_FRFデータ貼付!B72="",0,03_FRFデータ貼付!G72) -> 0 | D75: =IF(03_FRFデータ貼付!C72="",0,03_FRFデータ貼付!C72) -> 0 | E75: =IF(03_FRFデータ貼付!D72="",0,03_FRFデータ貼付!D72) -> 0 | F75: =IF($C75=0,0,$V$4/($V$4^2+($C75-$V$5)^2)) -> 0 | G75: =IF($C75=0,0,-($C75-$V$5)/($V$4^2+($C75-$V$5)^2)) -> 0 | H75: =IF($C75=0,0,$V$4/($V$4^2+($C75+$V$5)^2)) -> 0 | I75: =IF($C75=0,0,-($C75+$V$5)/($V$4^2+($C75+$V$5)^2)) -> 0 | J75: =IF($C75=0,0,$V$6/($V$6^2+($C75-$V$7)^2)) -> 0 | K75: =IF($C75=0,0,-($C75-$V$7)/($V$6^2+($C75-$V$7)^2)) -> 0 | L75: =IF($C75=0,0,$V$6/($V$6^2+($C75+$V$7)^2)) -> 0 | M75: =IF($C75=0,0,-($C75+$V$7)/($V$6^2+($C75+$V$7)^2)) -> 0 | N75: =F75+H75 -> 0 | O75: =I75-G75 -> 0 | P75: =J75+L75 -> 0 | Q75: =M75-K75 -> 0 | R75: =IF($C75=0,0,-1/$C75^2) -> 0 | S75: =IF($C75=0,0,1) -> 0 | T75: =D75 -> 0
A76: ="実部" -> 実部 | B76: =IF(03_FRFデータ貼付!B73="","",03_FRFデータ貼付!A73) | C76: =IF(03_FRFデータ貼付!B73="",0,03_FRFデータ貼付!G73) -> 0 | D76: =IF(03_FRFデータ貼付!C73="",0,03_FRFデータ貼付!C73) -> 0 | E76: =IF(03_FRFデータ貼付!D73="",0,03_FRFデータ貼付!D73) -> 0 | F76: =IF($C76=0,0,$V$4/($V$4^2+($C76-$V$5)^2)) -> 0 | G76: =IF($C76=0,0,-($C76-$V$5)/($V$4^2+($C76-$V$5)^2)) -> 0 | H76: =IF($C76=0,0,$V$4/($V$4^2+($C76+$V$5)^2)) -> 0 | I76: =IF($C76=0,0,-($C76+$V$5)/($V$4^2+($C76+$V$5)^2)) -> 0 | J76: =IF($C76=0,0,$V$6/($V$6^2+($C76-$V$7)^2)) -> 0 | K76: =IF($C76=0,0,-($C76-$V$7)/($V$6^2+($C76-$V$7)^2)) -> 0 | L76: =IF($C76=0,0,$V$6/($V$6^2+($C76+$V$7)^2)) -> 0 | M76: =IF($C76=0,0,-($C76+$V$7)/($V$6^2+($C76+$V$7)^2)) -> 0 | N76: =F76+H76 -> 0 | O76: =I76-G76 -> 0 | P76: =J76+L76 -> 0 | Q76: =M76-K76 -> 0 | R76: =IF($C76=0,0,-1/$C76^2) -> 0 | S76: =IF($C76=0,0,1) -> 0 | T76: =D76 -> 0
A77: ="実部" -> 実部 | B77: =IF(03_FRFデータ貼付!B74="","",03_FRFデータ貼付!A74) | C77: =IF(03_FRFデータ貼付!B74="",0,03_FRFデータ貼付!G74) -> 0 | D77: =IF(03_FRFデータ貼付!C74="",0,03_FRFデータ貼付!C74) -> 0 | E77: =IF(03_FRFデータ貼付!D74="",0,03_FRFデータ貼付!D74) -> 0 | F77: =IF($C77=0,0,$V$4/($V$4^2+($C77-$V$5)^2)) -> 0 | G77: =IF($C77=0,0,-($C77-$V$5)/($V$4^2+($C77-$V$5)^2)) -> 0 | H77: =IF($C77=0,0,$V$4/($V$4^2+($C77+$V$5)^2)) -> 0 | I77: =IF($C77=0,0,-($C77+$V$5)/($V$4^2+($C77+$V$5)^2)) -> 0 | J77: =IF($C77=0,0,$V$6/($V$6^2+($C77-$V$7)^2)) -> 0 | K77: =IF($C77=0,0,-($C77-$V$7)/($V$6^2+($C77-$V$7)^2)) -> 0 | L77: =IF($C77=0,0,$V$6/($V$6^2+($C77+$V$7)^2)) -> 0 | M77: =IF($C77=0,0,-($C77+$V$7)/($V$6^2+($C77+$V$7)^2)) -> 0 | N77: =F77+H77 -> 0 | O77: =I77-G77 -> 0 | P77: =J77+L77 -> 0 | Q77: =M77-K77 -> 0 | R77: =IF($C77=0,0,-1/$C77^2) -> 0 | S77: =IF($C77=0,0,1) -> 0 | T77: =D77 -> 0
A78: ="実部" -> 実部 | B78: =IF(03_FRFデータ貼付!B75="","",03_FRFデータ貼付!A75) | C78: =IF(03_FRFデータ貼付!B75="",0,03_FRFデータ貼付!G75) -> 0 | D78: =IF(03_FRFデータ貼付!C75="",0,03_FRFデータ貼付!C75) -> 0 | E78: =IF(03_FRFデータ貼付!D75="",0,03_FRFデータ貼付!D75) -> 0 | F78: =IF($C78=0,0,$V$4/($V$4^2+($C78-$V$5)^2)) -> 0 | G78: =IF($C78=0,0,-($C78-$V$5)/($V$4^2+($C78-$V$5)^2)) -> 0 | H78: =IF($C78=0,0,$V$4/($V$4^2+($C78+$V$5)^2)) -> 0 | I78: =IF($C78=0,0,-($C78+$V$5)/($V$4^2+($C78+$V$5)^2)) -> 0 | J78: =IF($C78=0,0,$V$6/($V$6^2+($C78-$V$7)^2)) -> 0 | K78: =IF($C78=0,0,-($C78-$V$7)/($V$6^2+($C78-$V$7)^2)) -> 0 | L78: =IF($C78=0,0,$V$6/($V$6^2+($C78+$V$7)^2)) -> 0 | M78: =IF($C78=0,0,-($C78+$V$7)/($V$6^2+($C78+$V$7)^2)) -> 0 | N78: =F78+H78 -> 0 | O78: =I78-G78 -> 0 | P78: =J78+L78 -> 0 | Q78: =M78-K78 -> 0 | R78: =IF($C78=0,0,-1/$C78^2) -> 0 | S78: =IF($C78=0,0,1) -> 0 | T78: =D78 -> 0
... A130: ="実部" -> 実部 | B130: =IF(03_FRFデータ貼付!B127="","",03_FRFデータ貼付!A127) | C130: =IF(03_FRFデータ貼付!B127="",0,03_FRFデータ貼付!G127) -> 0 | D130: =IF(03_FRFデータ貼付!C127="",0,03_FRFデータ貼付!C127) -> 0 | E130: =IF(03_FRFデータ貼付!D127="",0,03_FRFデータ貼付!D127) -> 0 | F130: =IF($C130=0,0,$V$4/($V$4^2+($C130-$V$5)^2)) -> 0 | G130: =IF($C130=0,0,-($C130-$V$5)/($V$4^2+($C130-$V$5)^2)) -> 0 | H130: =IF($C130=0,0,$V$4/($V$4^2+($C130+$V$5)^2)) -> 0 | I130: =IF($C130=0,0,-($C130+$V$5)/($V$4^2+($C130+$V$5)^2)) -> 0 | J130: =IF($C130=0,0,$V$6/($V$6^2+($C130-$V$7)^2)) -> 0 | K130: =IF($C130=0,0,-($C130-$V$7)/($V$6^2+($C130-$V$7)^2)) -> 0 | L130: =IF($C130=0,0,$V$6/($V$6^2+($C130+$V$7)^2)) -> 0 | M130: =IF($C130=0,0,-($C130+$V$7)/($V$6^2+($C130+$V$7)^2)) -> 0 | N130: =F130+H130 -> 0 | O130: =I130-G130 -> 0 | P130: =J130+L130 -> 0 | Q130: =M130-K130 -> 0 | R130: =IF($C130=0,0,-1/$C130^2) -> 0 | S130: =IF($C130=0,0,1) -> 0 | T130: =D130 -> 0
A131: ="虚部" -> 虚部 | B131: =IF(03_FRFデータ貼付!B8="","",03_FRFデータ貼付!A8) -> 1 | C131: =IF(03_FRFデータ貼付!B8="",0,03_FRFデータ貼付!G8) -> 21362.83 | D131: =IF(03_FRFデータ貼付!C8="",0,03_FRFデータ貼付!C8) -> 5.1e-05 | E131: =IF(03_FRFデータ貼付!D8="",0,03_FRFデータ貼付!D8) -> 0.00301 | F131: =IF($C131=0,0,$V$4/($V$4^2+($C131-$V$5)^2)) -> 0.00025547756 | G131: =IF($C131=0,0,-($C131-$V$5)/($V$4^2+($C131-$V$5)^2)) -> 0.0019562793 | H131: =IF($C131=0,0,$V$4/($V$4^2+($C131+$V$5)^2)) -> 3.5124502e-08 | I131: =IF($C131=0,0,-($C131+$V$5)/($V$4^2+($C131+$V$5)^2)) -> -2.313296e-05 | J131: =IF($C131=0,0,$V$6/($V$6^2+($C131-$V$7)^2)) -> 0.00015342918 | K131: =IF($C131=0,0,-($C131-$V$7)/($V$6^2+($C131-$V$7)^2)) -> 0.00130859 | L131: =IF($C131=0,0,$V$6/($V$6^2+($C131+$V$7)^2)) -> 4.6752058e-08 | M131: =IF($C131=0,0,-($C131+$V$7)/($V$6^2+($C131+$V$7)^2)) -> -2.2999261e-05 | N131: =G131+I131 -> 0.0019331463 | O131: =F131-H131 -> 0.00025544243 | P131: =K131+M131 -> 0.0012855907 | Q131: =J131-L131 -> 0.00015338243 | R131: =0 -> 0 | S131: =0 -> 0 | T131: =E131 -> 0.00301
A132: ="虚部" -> 虚部 | B132: =IF(03_FRFデータ貼付!B9="","",03_FRFデータ貼付!A9) -> 2 | C132: =IF(03_FRFデータ貼付!B9="",0,03_FRFデータ貼付!G9) -> 21425.662 | D132: =IF(03_FRFデータ貼付!C9="",0,03_FRFデータ貼付!C9) -> 9.3e-05 | E132: =IF(03_FRFデータ貼付!D9="",0,03_FRFデータ貼付!D9) -> 0.003391 | F132: =IF($C132=0,0,$V$4/($V$4^2+($C132-$V$5)^2)) -> 0.00033199044 | G132: =IF($C132=0,0,-($C132-$V$5)/($V$4^2+($C132-$V$5)^2)) -> 0.0022243611 | H132: =IF($C132=0,0,$V$4/($V$4^2+($C132+$V$5)^2)) -> 3.5022618e-08 | I132: =IF($C132=0,0,-($C132+$V$5)/($V$4^2+($C132+$V$5)^2)) -> -2.3099386e-05 | J132: =IF($C132=0,0,$V$6/($V$6^2+($C132-$V$7)^2)) -> 0.00018213103 | K132: =IF($C132=0,0,-($C132-$V$7)/($V$6^2+($C132-$V$7)^2)) -> 0.0014239097 | L132: =IF($C132=0,0,$V$6/($V$6^2+($C132+$V$7)^2)) -> 4.6617229e-08 | M132: =IF($C132=0,0,-($C132+$V$7)/($V$6^2+($C132+$V$7)^2)) -> -2.2966073e-05 | N132: =G132+I132 -> 0.0022012617 | O132: =F132-H132 -> 0.00033195542 | P132: =K132+M132 -> 0.0014009436 | Q132: =J132-L132 -> 0.00018208441 | R132: =0 -> 0 | S132: =0 -> 0 | T132: =E132 -> 0.003391
A133: ="虚部" -> 虚部 | B133: =IF(03_FRFデータ貼付!B10="","",03_FRFデータ貼付!A10) -> 3 | C133: =IF(03_FRFデータ貼付!B10="",0,03_FRFデータ貼付!G10) -> 21488.494 | D133: =IF(03_FRFデータ貼付!C10="",0,03_FRFデータ貼付!C10) -> 0.000162 | E133: =IF(03_FRFデータ貼付!D10="",0,03_FRFデータ貼付!D10) -> 0.003876 | F133: =IF($C133=0,0,$V$4/($V$4^2+($C133-$V$5)^2)) -> 0.00044836506 | G133: =IF($C133=0,0,-($C133-$V$5)/($V$4^2+($C133-$V$5)^2)) -> 0.0025748748 | H133: =IF($C133=0,0,$V$4/($V$4^2+($C133+$V$5)^2)) -> 3.4921177e-08 | I133: =IF($C133=0,0,-($C133+$V$5)/($V$4^2+($C133+$V$5)^2)) -> -2.3065909e-05 | J133: =IF($C133=0,0,$V$6/($V$6^2+($C133-$V$7)^2)) -> 0.00021964628 | K133: =IF($C133=0,0,-($C133-$V$7)/($V$6^2+($C133-$V$7)^2)) -> 0.0015610592 | L133: =IF($C133=0,0,$V$6/($V$6^2+($C133+$V$7)^2)) -> 4.6482983e-08 | M133: =IF($C133=0,0,-($C133+$V$7)/($V$6^2+($C133+$V$7)^2)) -> -2.2932981e-05 | N133: =G133+I133 -> 0.0025518089 | O133: =F133-H133 -> 0.00044833014 | P133: =K133+M133 -> 0.0015381262 | Q133: =J133-L133 -> 0.0002195998 | R133: =0 -> 0 | S133: =0 -> 0 | T133: =E133 -> 0.003876
A134: ="虚部" -> 虚部 | B134: =IF(03_FRFデータ貼付!B11="","",03_FRFデータ貼付!A11) -> 4 | C134: =IF(03_FRFデータ貼付!B11="",0,03_FRFデータ貼付!G11) -> 21551.326 | D134: =IF(03_FRFデータ貼付!C11="",0,03_FRFデータ貼付!C11) -> 0.00028 | E134: =IF(03_FRFデータ貼付!D11="",0,03_FRFデータ貼付!D11) -> 0.004516 | F134: =IF($C134=0,0,$V$4/($V$4^2+($C134-$V$5)^2)) -> 0.00063742596 | G134: =IF($C134=0,0,-($C134-$V$5)/($V$4^2+($C134-$V$5)^2)) -> 0.0030504285 | H134: =IF($C134=0,0,$V$4/($V$4^2+($C134+$V$5)^2)) -> 3.4820176e-08 | I134: =IF($C134=0,0,-($C134+$V$5)/($V$4^2+($C134+$V$5)^2)) -> -2.3032528e-05 | J134: =IF($C134=0,0,$V$6/($V$6^2+($C134-$V$7)^2)) -> 0.00026995429 | K134: =IF($C134=0,0,-($C134-$V$7)/($V$6^2+($C134-$V$7)^2)) -> 0.0017266952 | L134: =IF($C134=0,0,$V$6/($V$6^2+($C134+$V$7)^2)) -> 4.6349315e-08 | M134: =IF($C134=0,0,-($C134+$V$7)/($V$6^2+($C134+$V$7)^2)) -> -2.2899984e-05 | N134: =G134+I134 -> 0.003027396 | O134: =F134-H134 -> 0.00063739114 | P134: =K134+M134 -> 0.0017037952 | Q134: =J134-L134 -> 0.00026990794 | R134: =0 -> 0 | S134: =0 -> 0 | T134: =E134 -> 0.004516
A135: ="虚部" -> 虚部 | B135: =IF(03_FRFデータ貼付!B12="","",03_FRFデータ貼付!A12) -> 5 | C135: =IF(03_FRFデータ貼付!B12="",0,03_FRFデータ貼付!G12) -> 21614.157 | D135: =IF(03_FRFデータ貼付!C12="",0,03_FRFデータ貼付!C12) -> 0.000512 | E135: =IF(03_FRFデータ貼付!D12="",0,03_FRFデータ貼付!D12) -> 0.005463 | F135: =IF($C135=0,0,$V$4/($V$4^2+($C135-$V$5)^2)) -> 0.00097315303 | G135: =IF($C135=0,0,-($C135-$V$5)/($V$4^2+($C135-$V$5)^2)) -> 0.003725497 | H135: =IF($C135=0,0,$V$4/($V$4^2+($C135+$V$5)^2)) -> 3.4719612e-08 | I135: =IF($C135=0,0,-($C135+$V$5)/($V$4^2+($C135+$V$5)^2)) -> -2.2999244e-05 | J135: =IF($C135=0,0,$V$6/($V$6^2+($C135-$V$7)^2)) -> 0.00033953304 | K135: =IF($C135=0,0,-($C135-$V$7)/($V$6^2+($C135-$V$7)^2)) -> 0.0019303642 | L135: =IF($C135=0,0,$V$6/($V$6^2+($C135+$V$7)^2)) -> 4.6216223e-08 | M135: =IF($C135=0,0,-($C135+$V$7)/($V$6^2+($C135+$V$7)^2)) -> -2.2867082e-05 | N135: =G135+I135 -> 0.0037024978 | O135: =F135-H135 -> 0.00097311831 | P135: =K135+M135 -> 0.0019074971 | Q135: =J135-L135 -> 0.00033948682 | R135: =0 -> 0 | S135: =0 -> 0 | T135: =E135 -> 0.005463
A136: ="虚部" -> 虚部 | B136: =IF(03_FRFデータ貼付!B13="","",03_FRFデータ貼付!A13) -> 6 | C136: =IF(03_FRFデータ貼付!B13="",0,03_FRFデータ貼付!G13) -> 21676.989 | D136: =IF(03_FRFデータ貼付!C13="",0,03_FRFデータ貼付!C13) -> 0.001016 | E136: =IF(03_FRFデータ貼付!D13="",0,03_FRFデータ貼付!D13) -> 0.006854 | F136: =IF($C136=0,0,$V$4/($V$4^2+($C136-$V$5)^2)) -> 0.0016483717 | G136: =IF($C136=0,0,-($C136-$V$5)/($V$4^2+($C136-$V$5)^2)) -> 0.0047324875 | H136: =IF($C136=0,0,$V$4/($V$4^2+($C136+$V$5)^2)) -> 3.4619484e-08 | I136: =IF($C136=0,0,-($C136+$V$5)/($V$4^2+($C136+$V$5)^2)) -> -2.2966057e-05 | J136: =IF($C136=0,0,$V$6/($V$6^2+($C136-$V$7)^2)) -> 0.00043947419 | K136: =IF($C136=0,0,-($C136-$V$7)/($V$6^2+($C136-$V$7)^2)) -> 0.0021861423 | L136: =IF($C136=0,0,$V$6/($V$6^2+($C136+$V$7)^2)) -> 4.6083703e-08 | M136: =IF($C136=0,0,-($C136+$V$7)/($V$6^2+($C136+$V$7)^2)) -> -2.2834274e-05 | N136: =G136+I136 -> 0.0047095214 | O136: =F136-H136 -> 0.001648337 | P136: =K136+M136 -> 0.002163308 | Q136: =J136-L136 -> 0.0004394281 | R136: =0 -> 0 | S136: =0 -> 0 | T136: =E136 -> 0.006854
A137: ="虚部" -> 虚部 | B137: =IF(03_FRFデータ貼付!B14="","",03_FRFデータ貼付!A14) -> 7 | C137: =IF(03_FRFデータ貼付!B14="",0,03_FRFデータ貼付!G14) -> 21739.821 | D137: =IF(03_FRFデータ貼付!C14="",0,03_FRFデータ貼付!C14) -> 0.002362 | E137: =IF(03_FRFデータ貼付!D14="",0,03_FRFデータ貼付!D14) -> 0.00908 | F137: =IF($C137=0,0,$V$4/($V$4^2+($C137-$V$5)^2)) -> 0.0032677099 | G137: =IF($C137=0,0,-($C137-$V$5)/($V$4^2+($C137-$V$5)^2)) -> 0.0062535486 | H137: =IF($C137=0,0,$V$4/($V$4^2+($C137+$V$5)^2)) -> 3.4519788e-08 | I137: =IF($C137=0,0,-($C137+$V$5)/($V$4^2+($C137+$V$5)^2)) -> -2.2932964e-05 | J137: =IF($C137=0,0,$V$6/($V$6^2+($C137-$V$7)^2)) -> 0.00058996845 | K137: =IF($C137=0,0,-($C137-$V$7)/($V$6^2+($C137-$V$7)^2)) -> 0.0025153597 | L137: =IF($C137=0,0,$V$6/($V$6^2+($C137+$V$7)^2)) -> 4.5951753e-08 | M137: =IF($C137=0,0,-($C137+$V$7)/($V$6^2+($C137+$V$7)^2)) -> -2.280156e-05 | N137: =G137+I137 -> 0.0062306156 | O137: =F137-H137 -> 0.0032676753 | P137: =K137+M137 -> 0.0024925582 | Q137: =J137-L137 -> 0.0005899225 | R137: =0 -> 0 | S137: =0 -> 0 | T137: =E137 -> 0.00908
A138: ="虚部" -> 虚部 | B138: =IF(03_FRFデータ貼付!B15="","",03_FRFデータ貼付!A15) -> 8 | C138: =IF(03_FRFデータ貼付!B15="",0,03_FRFデータ貼付!G15) -> 21802.653 | D138: =IF(03_FRFデータ貼付!C15="",0,03_FRFデータ貼付!C15) -> 0.006939 | E138: =IF(03_FRFデータ貼付!D15="",0,03_FRFデータ貼付!D15) -> 0.012171 | F138: =IF($C138=0,0,$V$4/($V$4^2+($C138-$V$5)^2)) -> 0.0079564707 | G138: =IF($C138=0,0,-($C138-$V$5)/($V$4^2+($C138-$V$5)^2)) -> 0.0076101524 | H138: =IF($C138=0,0,$V$4/($V$4^2+($C138+$V$5)^2)) -> 3.4420522e-08 | I138: =IF($C138=0,0,-($C138+$V$5)/($V$4^2+($C138+$V$5)^2)) -> -2.2899967e-05 | J138: =IF($C138=0,0,$V$6/($V$6^2+($C138-$V$7)^2)) -> 0.00083063403 | K138: =IF($C138=0,0,-($C138-$V$7)/($V$6^2+($C138-$V$7)^2)) -> 0.0029509514 | L138: =IF($C138=0,0,$V$6/($V$6^2+($C138+$V$7)^2)) -> 4.5820369e-08 | M138: =IF($C138=0,0,-($C138+$V$7)/($V$6^2+($C138+$V$7)^2)) -> -2.276894e-05 | N138: =G138+I138 -> 0.0075872524 | O138: =F138-H138 -> 0.0079564363 | P138: =K138+M138 -> 0.0029281824 | Q138: =J138-L138 -> 0.00083058821 | R138: =0 -> 0 | S138: =0 -> 0 | T138: =E138 -> 0.012171
A139: ="虚部" -> 虚部 | B139: =IF(03_FRFデータ貼付!B16="","",03_FRFデータ貼付!A16) -> 9 | C139: =IF(03_FRFデータ貼付!B16="",0,03_FRFデータ貼付!G16) -> 21865.485 | D139: =IF(03_FRFデータ貼付!C16="",0,03_FRFデータ貼付!C16) -> 0.016968 | E139: =IF(03_FRFデータ貼付!D16="",0,03_FRFデータ貼付!D16) -> 0.007099 | F139: =IF($C139=0,0,$V$4/($V$4^2+($C139-$V$5)^2)) -> 0.015235369 | G139: =IF($C139=0,0,-($C139-$V$5)/($V$4^2+($C139-$V$5)^2)) -> -1.2092448e-05 | H139: =IF($C139=0,0,$V$4/($V$4^2+($C139+$V$5)^2)) -> 3.4321683e-08 | I139: =IF($C139=0,0,-($C139+$V$5)/($V$4^2+($C139+$V$5)^2)) -> -2.2867065e-05 | J139: =IF($C139=0,0,$V$6/($V$6^2+($C139-$V$7)^2)) -> 0.0012466842 | K139: =IF($C139=0,0,-($C139-$V$7)/($V$6^2+($C139-$V$7)^2)) -> 0.0035427636 | L139: =IF($C139=0,0,$V$6/($V$6^2+($C139+$V$7)^2)) -> 4.5689547e-08 | M139: =IF($C139=0,0,-($C139+$V$7)/($V$6^2+($C139+$V$7)^2)) -> -2.2736413e-05 | N139: =G139+I139 -> -3.4959513e-05 | O139: =F139-H139 -> 0.015235335 | P139: =K139+M139 -> 0.0035200272 | Q139: =J139-L139 -> 0.0012466385 | R139: =0 -> 0 | S139: =0 -> 0 | T139: =E139 -> 0.007099
A140: ="虚部" -> 虚部 | B140: =IF(03_FRFデータ貼付!B17="","",03_FRFデータ貼付!A17) -> 10 | C140: =IF(03_FRFデータ貼付!B17="",0,03_FRFデータ貼付!G17) -> 21928.317 | D140: =IF(03_FRFデータ貼付!C17="",0,03_FRFデータ貼付!C17) -> 0.012733 | E140: =IF(03_FRFデータ貼付!D17="",0,03_FRFデータ貼付!D17) -> -0.002205 | F140: =IF($C140=0,0,$V$4/($V$4^2+($C140-$V$5)^2)) -> 0.0079438625 | G140: =IF($C140=0,0,-($C140-$V$5)/($V$4^2+($C140-$V$5)^2)) -> -0.0076107032 | H140: =IF($C140=0,0,$V$4/($V$4^2+($C140+$V$5)^2)) -> 3.422327e-08 | I140: =IF($C140=0,0,-($C140+$V$5)/($V$4^2+($C140+$V$5)^2)) -> -2.2834258e-05 | J140: =IF($C140=0,0,$V$6/($V$6^2+($C140-$V$7)^2)) -> 0.0020421074 | K140: =IF($C140=0,0,-($C140-$V$7)/($V$6^2+($C140-$V$7)^2)) -> 0.0043514219 | L140: =IF($C140=0,0,$V$6/($V$6^2+($C140+$V$7)^2)) -> 4.5559284e-08 | M140: =IF($C140=0,0,-($C140+$V$7)/($V$6^2+($C140+$V$7)^2)) -> -2.2703979e-05 | N140: =G140+I140 -> -0.0076335375 | O140: =F140-H140 -> 0.0079438283 | P140: =K140+M140 -> 0.004328718 | Q140: =J140-L140 -> 0.0020420618 | R140: =0 -> 0 | S140: =0 -> 0 | T140: =E140 -> -0.002205
A141: ="虚部" -> 虚部 | B141: =IF(03_FRFデータ貼付!B18="","",03_FRFデータ貼付!A18) -> 11 | C141: =IF(03_FRFデータ貼付!B18="",0,03_FRFデータ貼付!G18) -> 21991.149 | D141: =IF(03_FRFデータ貼付!C18="",0,03_FRFデータ貼付!C18) -> 0.009201 | E141: =IF(03_FRFデータ貼付!D18="",0,03_FRFデータ貼付!D18) -> -0.001806 | F141: =IF($C141=0,0,$V$4/($V$4^2+($C141-$V$5)^2)) -> 0.0032634553 | G141: =IF($C141=0,0,-($C141-$V$5)/($V$4^2+($C141-$V$5)^2)) -> -0.006250587 | H141: =IF($C141=0,0,$V$4/($V$4^2+($C141+$V$5)^2)) -> 3.412528e-08 | I141: =IF($C141=0,0,-($C141+$V$5)/($V$4^2+($C141+$V$5)^2)) -> -2.2801544e-05 | J141: =IF($C141=0,0,$V$6/($V$6^2+($C141-$V$7)^2)) -> 0.00375112 | K141: =IF($C141=0,0,-($C141-$V$7)/($V$6^2+($C141-$V$7)^2)) -> 0.0053263971 | L141: =IF($C141=0,0,$V$6/($V$6^2+($C141+$V$7)^2)) -> 4.5429578e-08 | M141: =IF($C141=0,0,-($C141+$V$7)/($V$6^2+($C141+$V$7)^2)) -> -2.2671637e-05 | N141: =G141+I141 -> -0.0062733885 | O141: =F141-H141 -> 0.0032634212 | P141: =K141+M141 -> 0.0053037254 | Q141: =J141-L141 -> 0.0037510746 | R141: =0 -> 0 | S141: =0 -> 0 | T141: =E141 -> -0.001806
A142: ="虚部" -> 虚部 | B142: =IF(03_FRFデータ貼付!B19="","",03_FRFデータ貼付!A19) -> 12 | C142: =IF(03_FRFデータ貼付!B19="",0,03_FRFデータ貼付!G19) -> 22053.98 | D142: =IF(03_FRFデータ貼付!C19="",0,03_FRFデータ貼付!C19) -> 0.010162 | E142: =IF(03_FRFデータ貼付!D19="",0,03_FRFデータ貼付!D19) -> -0.00152 | F142: =IF($C142=0,0,$V$4/($V$4^2+($C142-$V$5)^2)) -> 0.0016467472 | G142: =IF($C142=0,0,-($C142-$V$5)/($V$4^2+($C142-$V$5)^2)) -> -0.0047304377 | H142: =IF($C142=0,0,$V$4/($V$4^2+($C142+$V$5)^2)) -> 3.4027709e-08 | I142: =IF($C142=0,0,-($C142+$V$5)/($V$4^2+($C142+$V$5)^2)) -> -2.2768924e-05 | J142: =IF($C142=0,0,$V$6/($V$6^2+($C142-$V$7)^2)) -> 0.0075290863 | K142: =IF($C142=0,0,-($C142-$V$7)/($V$6^2+($C142-$V$7)^2)) -> 0.0053384849 | L142: =IF($C142=0,0,$V$6/($V$6^2+($C142+$V$7)^2)) -> 4.5300425e-08 | M142: =IF($C142=0,0,-($C142+$V$7)/($V$6^2+($C142+$V$7)^2)) -> -2.2639388e-05 | N142: =G142+I142 -> -0.0047532067 | O142: =F142-H142 -> 0.0016467132 | P142: =K142+M142 -> 0.0053158455 | Q142: =J142-L142 -> 0.007529041 | R142: =0 -> 0 | S142: =0 -> 0 | T142: =E142 -> -0.00152
... A250: ="虚部" -> 虚部 | B250: =IF(03_FRFデータ貼付!B127="","",03_FRFデータ貼付!A127) | C250: =IF(03_FRFデータ貼付!B127="",0,03_FRFデータ貼付!G127) -> 0 | D250: =IF(03_FRFデータ貼付!C127="",0,03_FRFデータ貼付!C127) -> 0 | E250: =IF(03_FRFデータ貼付!D127="",0,03_FRFデータ貼付!D127) -> 0 | F250: =IF($C250=0,0,$V$4/($V$4^2+($C250-$V$5)^2)) -> 0 | G250: =IF($C250=0,0,-($C250-$V$5)/($V$4^2+($C250-$V$5)^2)) -> 0 | H250: =IF($C250=0,0,$V$4/($V$4^2+($C250+$V$5)^2)) -> 0 | I250: =IF($C250=0,0,-($C250+$V$5)/($V$4^2+($C250+$V$5)^2)) -> 0 | J250: =IF($C250=0,0,$V$6/($V$6^2+($C250-$V$7)^2)) -> 0 | K250: =IF($C250=0,0,-($C250-$V$7)/($V$6^2+($C250-$V$7)^2)) -> 0 | L250: =IF($C250=0,0,$V$6/($V$6^2+($C250+$V$7)^2)) -> 0 | M250: =IF($C250=0,0,-($C250+$V$7)/($V$6^2+($C250+$V$7)^2)) -> 0 | N250: =G250+I250 -> 0 | O250: =F250-H250 -> 0 | P250: =K250+M250 -> 0 | Q250: =J250-L250 -> 0 | R250: =0 -> 0 | S250: =0 -> 0 | T250: =E250 -> 0

Sheet 11_合成FRFの照合
A1: ⑪ 合成FRFとの照合｜“当てはまったか”を目で確認する
A2: 求めたモーダル諸元から理論FRFを作り直し、実測に重ねます。ME'scope の Fit Function 表示に相当。ここが合っていなければ答えは信用できません。
A3: ■ 総合評価（当てはめ精度）
A4: 相対誤差（RMS） | C4: =IFERROR(SQRT(SUMSQ(E8:E127)+SUMSQ(F8:F127))/SQRT(SUMSQ(C8:C127)+SUMSQ(D8:D127))*100,"") -> 0.098684371 | D4: % ← 実測とのズレを全点まとめて評価した値
A5: 判定 | C5: =IFERROR(IF(C4<1,"◎ 非常に良好（1%未満）",IF(C4<5,"○ 良好（5%未満）。実用上問題なし",IF(C4<15,"△ 要注意。帯域かモード数を見直す","✕ 不良。モード数違い／ノイズ／二度打ちを疑う"))),"") -> ◎ 非常に良好（1%未満）
A6: 有効データ点数 | C6: =COUNT(B8:B127) -> 21
A7: No. | C7: 実測 Re | E7: 誤差 Re | F7: 誤差 Im | G7: 実測 |H| | H7: 合成 |H| | I7: 合成 Re | J7: 合成 Im
A8: =IF(03_FRFデータ貼付!B8="","",03_FRFデータ貼付!A8) -> 1 | B8: =IF(03_FRFデータ貼付!B8="","",03_FRFデータ貼付!B8) -> 3400 | C8: =IF(03_FRFデータ貼付!B8="","",03_FRFデータ貼付!C8) -> 5.1e-05 | D8: =IF(03_FRFデータ貼付!B8="","",03_FRFデータ貼付!D8) -> 0.00301 | E8: =IF(B8="","",I8-C8) -> -8.8128058e-07 | F8: =IF(B8="","",J8-D8) -> -1.1064354e-06 | G8: =IF(B8="","",SQRT(C8^2+D8^2)) -> 0.003010432 | H8: =IF(B8="","",SQRT(I8^2+J8^2)) -> 0.0030093109 | I8: =IF(03_FRFデータ貼付!B8="","",10_レジデュー_MEscope!N11*10_レジデュー_MEscope!$W$37+10_レジデュー_MEscope!O11*10_レジデュー_MEscope!$W$38+10_レジデュー_MEscope!P11*10_レジデュー_MEscope!$W$39+10_レジデュー_MEscope!Q11*10_レジデュー_MEscope!$W$40+10_レジデュー_MEscope!R11*10_レジデュー_MEscope!$W$41+10_レジデュー_MEscope!S11*10_レジデュー_MEscope!$W$42) -> 5.0118719e-05 | J8: =IF(03_FRFデータ貼付!B8="","",10_レジデュー_MEscope!N131*10_レジデュー_MEscope!$W$37+10_レジデュー_MEscope!O131*10_レジデュー_MEscope!$W$38+10_レジデュー_MEscope!P131*10_レジデュー_MEscope!$W$39+10_レジデュー_MEscope!Q131*10_レジデュー_MEscope!$W$40) -> 0.0030088936
A9: =IF(03_FRFデータ貼付!B9="","",03_FRFデータ貼付!A9) -> 2 | B9: =IF(03_FRFデータ貼付!B9="","",03_FRFデータ貼付!B9) -> 3410 | C9: =IF(03_FRFデータ貼付!B9="","",03_FRFデータ貼付!C9) -> 9.3e-05 | D9: =IF(03_FRFデータ貼付!B9="","",03_FRFデータ貼付!D9) -> 0.003391 | E9: =IF(B9="","",I9-C9) -> -8.2224828e-07 | F9: =IF(B9="","",J9-D9) -> -4.2183764e-06 | G9: =IF(B9="","",SQRT(C9^2+D9^2)) -> 0.003392275 | H9: =IF(B9="","",SQRT(I9^2+J9^2)) -> 0.0033880358 | I9: =IF(03_FRFデータ貼付!B9="","",10_レジデュー_MEscope!N12*10_レジデュー_MEscope!$W$37+10_レジデュー_MEscope!O12*10_レジデュー_MEscope!$W$38+10_レジデュー_MEscope!P12*10_レジデュー_MEscope!$W$39+10_レジデュー_MEscope!Q12*10_レジデュー_MEscope!$W$40+10_レジデュー_MEscope!R12*10_レジデュー_MEscope!$W$41+10_レジデュー_MEscope!S12*10_レジデュー_MEscope!$W$42) -> 9.2177752e-05 | J9: =IF(03_FRFデータ貼付!B9="","",10_レジデュー_MEscope!N132*10_レジデュー_MEscope!$W$37+10_レジデュー_MEscope!O132*10_レジデュー_MEscope!$W$38+10_レジデュー_MEscope!P132*10_レジデュー_MEscope!$W$39+10_レジデュー_MEscope!Q132*10_レジデュー_MEscope!$W$40) -> 0.0033867816
A10: =IF(03_FRFデータ貼付!B10="","",03_FRFデータ貼付!A10) -> 3 | B10: =IF(03_FRFデータ貼付!B10="","",03_FRFデータ貼付!B10) -> 3420 | C10: =IF(03_FRFデータ貼付!B10="","",03_FRFデータ貼付!C10) -> 0.000162 | D10: =IF(03_FRFデータ貼付!B10="","",03_FRFデータ貼付!D10) -> 0.003876 | E10: =IF(B10="","",I10-C10) -> -1.2002678e-06 | F10: =IF(B10="","",J10-D10) -> -1.1327175e-06 | G10: =IF(B10="","",SQRT(C10^2+D10^2)) -> 0.003879384 | H10: =IF(B10="","",SQRT(I10^2+J10^2)) -> 0.0038782023 | I10: =IF(03_FRFデータ貼付!B10="","",10_レジデュー_MEscope!N13*10_レジデュー_MEscope!$W$37+10_レジデュー_MEscope!O13*10_レジデュー_MEscope!$W$38+10_レジデュー_MEscope!P13*10_レジデュー_MEscope!$W$39+10_レジデュー_MEscope!Q13*10_レジデュー_MEscope!$W$40+10_レジデュー_MEscope!R13*10_レジデュー_MEscope!$W$41+10_レジデュー_MEscope!S13*10_レジデュー_MEscope!$W$42) -> 0.00016079973 | J10: =IF(03_FRFデータ貼付!B10="","",10_レジデュー_MEscope!N133*10_レジデュー_MEscope!$W$37+10_レジデュー_MEscope!O133*10_レジデュー_MEscope!$W$38+10_レジデュー_MEscope!P133*10_レジデュー_MEscope!$W$39+10_レジデュー_MEscope!Q133*10_レジデュー_MEscope!$W$40) -> 0.0038748673
A11: =IF(03_FRFデータ貼付!B11="","",03_FRFデータ貼付!A11) -> 4 | B11: =IF(03_FRFデータ貼付!B11="","",03_FRFデータ貼付!B11) -> 3430 | C11: =IF(03_FRFデータ貼付!B11="","",03_FRFデータ貼付!C11) -> 0.00028 | D11: =IF(03_FRFデータ貼付!B11="","",03_FRFデータ貼付!D11) -> 0.004516 | E11: =IF(B11="","",I11-C11) -> 5.7002331e-07 | F11: =IF(B11="","",J11-D11) -> 1.4198773e-05 | G11: =IF(B11="","",SQRT(C11^2+D11^2)) -> 0.0045246719 | H11: =IF(B11="","",SQRT(I11^2+J11^2)) -> 0.0045388788 | I11: =IF(03_FRFデータ貼付!B11="","",10_レジデュー_MEscope!N14*10_レジデュー_MEscope!$W$37+10_レジデュー_MEscope!O14*10_レジデュー_MEscope!$W$38+10_レジデュー_MEscope!P14*10_レジデュー_MEscope!$W$39+10_レジデュー_MEscope!Q14*10_レジデュー_MEscope!$W$40+10_レジデュー_MEscope!R14*10_レジデュー_MEscope!$W$41+10_レジデュー_MEscope!S14*10_レジデュー_MEscope!$W$42) -> 0.00028057002 | J11: =IF(03_FRFデータ貼付!B11="","",10_レジデュー_MEscope!N134*10_レジデュー_MEscope!$W$37+10_レジデュー_MEscope!O134*10_レジデュー_MEscope!$W$38+10_レジデュー_MEscope!P134*10_レジデュー_MEscope!$W$39+10_レジデュー_MEscope!Q134*10_レジデュー_MEscope!$W$40) -> 0.0045301988
A12: =IF(03_FRFデータ貼付!B12="","",03_FRFデータ貼付!A12) -> 5 | B12: =IF(03_FRFデータ貼付!B12="","",03_FRFデータ貼付!B12) -> 3440 | C12: =IF(03_FRFデータ貼付!B12="","",03_FRFデータ貼付!C12) -> 0.000512 | D12: =IF(03_FRFデータ貼付!B12="","",03_FRFデータ貼付!D12) -> 0.005463 | E12: =IF(B12="","",I12-C12) -> -1.7065593e-06 | F12: =IF(B12="","",J12-D12) -> -7.0966552e-06 | G12: =IF(B12="","",SQRT(C12^2+D12^2)) -> 0.0054869402 | H12: =IF(B12="","",SQRT(I12^2+J12^2)) -> 0.0054797154 | I12: =IF(03_FRFデータ貼付!B12="","",10_レジデュー_MEscope!N15*10_レジデュー_MEscope!$W$37+10_レジデュー_MEscope!O15*10_レジデュー_MEscope!$W$38+10_レジデュー_MEscope!P15*10_レジデュー_MEscope!$W$39+10_レジデュー_MEscope!Q15*10_レジデュー_MEscope!$W$40+10_レジデュー_MEscope!R15*10_レジデュー_MEscope!$W$41+10_レジデュー_MEscope!S15*10_レジデュー_MEscope!$W$42) -> 0.00051029344 | J12: =IF(03_FRFデータ貼付!B12="","",10_レジデュー_MEscope!N135*10_レジデュー_MEscope!$W$37+10_レジデュー_MEscope!O135*10_レジデュー_MEscope!$W$38+10_レジデュー_MEscope!P135*10_レジデュー_MEscope!$W$39+10_レジデュー_MEscope!Q135*10_レジデュー_MEscope!$W$40) -> 0.0054559033
A13: =IF(03_FRFデータ貼付!B13="","",03_FRFデータ貼付!A13) -> 6 | B13: =IF(03_FRFデータ貼付!B13="","",03_FRFデータ貼付!B13) -> 3450 | C13: =IF(03_FRFデータ貼付!B13="","",03_FRFデータ貼付!C13) -> 0.001016 | D13: =IF(03_FRFデータ貼付!B13="","",03_FRFデータ貼付!D13) -> 0.006854 | E13: =IF(B13="","",I13-C13) -> -1.0126255e-06 | F13: =IF(B13="","",J13-D13) -> -2.4962737e-06 | G13: =IF(B13="","",SQRT(C13^2+D13^2)) -> 0.006928894 | H13: =IF(B13="","",SQRT(I13^2+J13^2)) -> 0.0069262762 | I13: =IF(03_FRFデータ貼付!B13="","",10_レジデュー_MEscope!N16*10_レジデュー_MEscope!$W$37+10_レジデュー_MEscope!O16*10_レジデュー_MEscope!$W$38+10_レジデュー_MEscope!P16*10_レジデュー_MEscope!$W$39+10_レジデュー_MEscope!Q16*10_レジデュー_MEscope!$W$40+10_レジデュー_MEscope!R16*10_レジデュー_MEscope!$W$41+10_レジデュー_MEscope!S16*10_レジデュー_MEscope!$W$42) -> 0.0010149874 | J13: =IF(03_FRFデータ貼付!B13="","",10_レジデュー_MEscope!N136*10_レジデュー_MEscope!$W$37+10_レジデュー_MEscope!O136*10_レジデュー_MEscope!$W$38+10_レジデュー_MEscope!P136*10_レジデュー_MEscope!$W$39+10_レジデュー_MEscope!Q136*10_レジデュー_MEscope!$W$40) -> 0.0068515037
A14: =IF(03_FRFデータ貼付!B14="","",03_FRFデータ貼付!A14) -> 7 | B14: =IF(03_FRFデータ貼付!B14="","",03_FRFデータ貼付!B14) -> 3460 | C14: =IF(03_FRFデータ貼付!B14="","",03_FRFデータ貼付!C14) -> 0.002362 | D14: =IF(03_FRFデータ貼付!B14="","",03_FRFデータ貼付!D14) -> 0.00908 | E14: =IF(B14="","",I14-C14) -> 3.8477697e-06 | F14: =IF(B14="","",J14-D14) -> 1.3953099e-05 | G14: =IF(B14="","",SQRT(C14^2+D14^2)) -> 0.0093821876 | H14: =IF(B14="","",SQRT(I14^2+J14^2)) -> 0.00939666 | I14: =IF(03_FRFデータ貼付!B14="","",10_レジデュー_MEscope!N17*10_レジデュー_MEscope!$W$37+10_レジデュー_MEscope!O17*10_レジデュー_MEscope!$W$38+10_レジデュー_MEscope!P17*10_レジデュー_MEscope!$W$39+10_レジデュー_MEscope!Q17*10_レジデュー_MEscope!$W$40+10_レジデュー_MEscope!R17*10_レジデュー_MEscope!$W$41+10_レジデュー_MEscope!S17*10_レジデュー_MEscope!$W$42) -> 0.0023658478 | J14: =IF(03_FRFデータ貼付!B14="","",10_レジデュー_MEscope!N137*10_レジデュー_MEscope!$W$37+10_レジデュー_MEscope!O137*10_レジデュー_MEscope!$W$38+10_レジデュー_MEscope!P137*10_レジデュー_MEscope!$W$39+10_レジデュー_MEscope!Q137*10_レジデュー_MEscope!$W$40) -> 0.0090939531
A15: =IF(03_FRFデータ貼付!B15="","",03_FRFデータ貼付!A15) -> 8 | B15: =IF(03_FRFデータ貼付!B15="","",03_FRFデータ貼付!B15) -> 3470 | C15: =IF(03_FRFデータ貼付!B15="","",03_FRFデータ貼付!C15) -> 0.006939 | D15: =IF(03_FRFデータ貼付!B15="","",03_FRFデータ貼付!D15) -> 0.012171 | E15: =IF(B15="","",I15-C15) -> -5.8185721e-06 | F15: =IF(B15="","",J15-D15) -> -1.076507e-05 | G15: =IF(B15="","",SQRT(C15^2+D15^2)) -> 0.014010102 | H15: =IF(B15="","",SQRT(I15^2+J15^2)) -> 0.013997868 | I15: =IF(03_FRFデータ貼付!B15="","",10_レジデュー_MEscope!N18*10_レジデュー_MEscope!$W$37+10_レジデュー_MEscope!O18*10_レジデュー_MEscope!$W$38+10_レジデュー_MEscope!P18*10_レジデュー_MEscope!$W$39+10_レジデュー_MEscope!Q18*10_レジデュー_MEscope!$W$40+10_レジデュー_MEscope!R18*10_レジデュー_MEscope!$W$41+10_レジデュー_MEscope!S18*10_レジデュー_MEscope!$W$42) -> 0.0069331814 | J15: =IF(03_FRFデータ貼付!B15="","",10_レジデュー_MEscope!N138*10_レジデュー_MEscope!$W$37+10_レジデュー_MEscope!O138*10_レジデュー_MEscope!$W$38+10_レジデュー_MEscope!P138*10_レジデュー_MEscope!$W$39+10_レジデュー_MEscope!Q138*10_レジデュー_MEscope!$W$40) -> 0.012160235
A16: =IF(03_FRFデータ貼付!B16="","",03_FRFデータ貼付!A16) -> 9 | B16: =IF(03_FRFデータ貼付!B16="","",03_FRFデータ貼付!B16) -> 3480 | C16: =IF(03_FRFデータ貼付!B16="","",03_FRFデータ貼付!C16) -> 0.016968 | D16: =IF(03_FRFデータ貼付!B16="","",03_FRFデータ貼付!D16) -> 0.007099 | E16: =IF(B16="","",I16-C16) -> -6.6132242e-06 | F16: =IF(B16="","",J16-D16) -> 3.1276445e-06 | G16: =IF(B16="","",SQRT(C16^2+D16^2)) -> 0.018393173 | H16: =IF(B16="","",SQRT(I16^2+J16^2)) -> 0.01838828 | I16: =IF(03_FRFデータ貼付!B16="","",10_レジデュー_MEscope!N19*10_レジデュー_MEscope!$W$37+10_レジデュー_MEscope!O19*10_レジデュー_MEscope!$W$38+10_レジデュー_MEscope!P19*10_レジデュー_MEscope!$W$39+10_レジデュー_MEscope!Q19*10_レジデュー_MEscope!$W$40+10_レジデュー_MEscope!R19*10_レジデュー_MEscope!$W$41+10_レジデュー_MEscope!S19*10_レジデュー_MEscope!$W$42) -> 0.016961387 | J16: =IF(03_FRFデータ貼付!B16="","",10_レジデュー_MEscope!N139*10_レジデュー_MEscope!$W$37+10_レジデュー_MEscope!O139*10_レジデュー_MEscope!$W$38+10_レジデュー_MEscope!P139*10_レジデュー_MEscope!$W$39+10_レジデュー_MEscope!Q139*10_レジデュー_MEscope!$W$40) -> 0.0071021276
A17: =IF(03_FRFデータ貼付!B17="","",03_FRFデータ貼付!A17) -> 10 | B17: =IF(03_FRFデータ貼付!B17="","",03_FRFデータ貼付!B17) -> 3490 | C17: =IF(03_FRFデータ貼付!B17="","",03_FRFデータ貼付!C17) -> 0.012733 | D17: =IF(03_FRFデータ貼付!B17="","",03_FRFデータ貼付!D17) -> -0.002205 | E17: =IF(B17="","",I17-C17) -> 4.2608095e-06 | F17: =IF(B17="","",J17-D17) -> -4.2784878e-06 | G17: =IF(B17="","",SQRT(C17^2+D17^2)) -> 0.012922512 | H17: =IF(B17="","",SQRT(I17^2+J17^2)) -> 0.012927441 | I17: =IF(03_FRFデータ貼付!B17="","",10_レジデュー_MEscope!N20*10_レジデュー_MEscope!$W$37+10_レジデュー_MEscope!O20*10_レジデュー_MEscope!$W$38+10_レジデュー_MEscope!P20*10_レジデュー_MEscope!$W$39+10_レジデュー_MEscope!Q20*10_レジデュー_MEscope!$W$40+10_レジデュー_MEscope!R20*10_レジデュー_MEscope!$W$41+10_レジデュー_MEscope!S20*10_レジデュー_MEscope!$W$42) -> 0.012737261 | J17: =IF(03_FRFデータ貼付!B17="","",10_レジデュー_MEscope!N140*10_レジデュー_MEscope!$W$37+10_レジデュー_MEscope!O140*10_レジデュー_MEscope!$W$38+10_レジデュー_MEscope!P140*10_レジデュー_MEscope!$W$39+10_レジデュー_MEscope!Q140*10_レジデュー_MEscope!$W$40) -> -0.0022092785
A18: =IF(03_FRFデータ貼付!B18="","",03_FRFデータ貼付!A18) -> 11 | B18: =IF(03_FRFデータ貼付!B18="","",03_FRFデータ貼付!B18) -> 3500 | C18: =IF(03_FRFデータ貼付!B18="","",03_FRFデータ貼付!C18) -> 0.009201 | D18: =IF(03_FRFデータ貼付!B18="","",03_FRFデータ貼付!D18) -> -0.001806 | E18: =IF(B18="","",I18-C18) -> 1.7857854e-07 | F18: =IF(B18="","",J18-D18) -> -8.377318e-06 | G18: =IF(B18="","",SQRT(C18^2+D18^2)) -> 0.0093765685 | H18: =IF(B18="","",SQRT(I18^2+J18^2)) -> 0.0093783609 | I18: =IF(03_FRFデータ貼付!B18="","",10_レジデュー_MEscope!N21*10_レジデュー_MEscope!$W$37+10_レジデュー_MEscope!O21*10_レジデュー_MEscope!$W$38+10_レジデュー_MEscope!P21*10_レジデュー_MEscope!$W$39+10_レジデュー_MEscope!Q21*10_レジデュー_MEscope!$W$40+10_レジデュー_MEscope!R21*10_レジデュー_MEscope!$W$41+10_レジデュー_MEscope!S21*10_レジデュー_MEscope!$W$42) -> 0.0092011786 | J18: =IF(03_FRFデータ貼付!B18="","",10_レジデュー_MEscope!N141*10_レジデュー_MEscope!$W$37+10_レジデュー_MEscope!O141*10_レジデュー_MEscope!$W$38+10_レジデュー_MEscope!P141*10_レジデュー_MEscope!$W$39+10_レジデュー_MEscope!Q141*10_レジデュー_MEscope!$W$40) -> -0.0018143773
A19: =IF(03_FRFデータ貼付!B19="","",03_FRFデータ貼付!A19) -> 12 | B19: =IF(03_FRFデータ貼付!B19="","",03_FRFデータ貼付!B19) -> 3510 | C19: =IF(03_FRFデータ貼付!B19="","",03_FRFデータ貼付!C19) -> 0.010162 | D19: =IF(03_FRFデータ貼付!B19="","",03_FRFデータ貼付!D19) -> -0.00152 | E19: =IF(B19="","",I19-C19) -> -1.6276559e-05 | F19: =IF(B19="","",J19-D19) -> -1.0153791e-06 | G19: =IF(B19="","",SQRT(C19^2+D19^2)) -> 0.01027505 | H19: =IF(B19="","",SQRT(I19^2+J19^2)) -> 0.010259103 | I19: =IF(03_FRFデータ貼付!B19="","",10_レジデュー_MEscope!N22*10_レジデュー_MEscope!$W$37+10_レジデュー_MEscope!O22*10_レジデュー_MEscope!$W$38+10_レジデュー_MEscope!P22*10_レジデュー_MEscope!$W$39+10_レジデュー_MEscope!Q22*10_レジデュー_MEscope!$W$40+10_レジデュー_MEscope!R22*10_レジデュー_MEscope!$W$41+10_レジデュー_MEscope!S22*10_レジデュー_MEscope!$W$42) -> 0.010145723 | J19: =IF(03_FRFデータ貼付!B19="","",10_レジデュー_MEscope!N142*10_レジデュー_MEscope!$W$37+10_レジデュー_MEscope!O142*10_レジデュー_MEscope!$W$38+10_レジデュー_MEscope!P142*10_レジデュー_MEscope!$W$39+10_レジデュー_MEscope!Q142*10_レジデュー_MEscope!$W$40) -> -0.0015210154
... A63: =IF(03_FRFデータ貼付!B63="","",03_FRFデータ貼付!A63) | B63: =IF(03_FRFデータ貼付!B63="","",03_FRFデータ貼付!B63) | C63: =IF(03_FRFデータ貼付!B63="","",03_FRFデータ貼付!C63) | D63: =IF(03_FRFデータ貼付!B63="","",03_FRFデータ貼付!D63) | E63: =IF(B63="","",I63-C63) | F63: =IF(B63="","",J63-D63) | G63: =IF(B63="","",SQRT(C63^2+D63^2)) | H63: =IF(B63="","",SQRT(I63^2+J63^2)) | I63: =IF(03_FRFデータ貼付!B63="","",10_レジデュー_MEscope!N66*10_レジデュー_MEscope!$W$37+10_レジデュー_MEscope!O66*10_レジデュー_MEscope!$W$38+10_レジデュー_MEscope!P66*10_レジデュー_MEscope!$W$39+10_レジデュー_MEscope!Q66*10_レジデュー_MEscope!$W$40+10_レジデュー_MEscope!R66*10_レジデュー_MEscope!$W$41+10_レジデュー_MEscope!S66*10_レジデュー_MEscope!$W$42) | J63: =IF(03_FRFデータ貼付!B63="","",10_レジデュー_MEscope!N186*10_レジデュー_MEscope!$W$37+10_レジデュー_MEscope!O186*10_レジデュー_MEscope!$W$38+10_レジデュー_MEscope!P186*10_レジデュー_MEscope!$W$39+10_レジデュー_MEscope!Q186*10_レジデュー_MEscope!$W$40)
A64: =IF(03_FRFデータ貼付!B64="","",03_FRFデータ貼付!A64) | B64: =IF(03_FRFデータ貼付!B64="","",03_FRFデータ貼付!B64) | C64: =IF(03_FRFデータ貼付!B64="","",03_FRFデータ貼付!C64) | D64: =IF(03_FRFデータ貼付!B64="","",03_FRFデータ貼付!D64) | E64: =IF(B64="","",I64-C64) | F64: =IF(B64="","",J64-D64) | G64: =IF(B64="","",SQRT(C64^2+D64^2)) | H64: =IF(B64="","",SQRT(I64^2+J64^2)) | I64: =IF(03_FRFデータ貼付!B64="","",10_レジデュー_MEscope!N67*10_レジデュー_MEscope!$W$37+10_レジデュー_MEscope!O67*10_レジデュー_MEscope!$W$38+10_レジデュー_MEscope!P67*10_レジデュー_MEscope!$W$39+10_レジデュー_MEscope!Q67*10_レジデュー_MEscope!$W$40+10_レジデュー_MEscope!R67*10_レジデュー_MEscope!$W$41+10_レジデュー_MEscope!S67*10_レジデュー_MEscope!$W$42) | J64: =IF(03_FRFデータ貼付!B64="","",10_レジデュー_MEscope!N187*10_レジデュー_MEscope!$W$37+10_レジデュー_MEscope!O187*10_レジデュー_MEscope!$W$38+10_レジデュー_MEscope!P187*10_レジデュー_MEscope!$W$39+10_レジデュー_MEscope!Q187*10_レジデュー_MEscope!$W$40) | K64: 【見るべきポイント】
