Workbook

Sheet 使い方
A1: ブレーキパッド 金属部（摩擦材（まさつざい）抜き）固有振動数（こゆうしんどうすう）予測ブック
A2: 裏板（うらいた）＋シムだけの状態 → 固有振動数・スペクトル・鳴（な）きリスク／実測ピーク → 材料定数の逆算（ぎゃくさん） | Ver 2.0（穴入力・図形Ixx・測定計画を追加）
A4: ■ このブックで何ができるか（摩擦材ありブックと同じ7本立て）
A5: ① 順算（じゅんざん） | B5: 金属部の材質と寸法を入れる → 固有振動数（ピークが出る周波数）を予測 | C5: シート：形状 → 断面 → 固有振動数
A6: ② スペクトル | B6: 予測した山（ピーク）を並べて、FFT画面そっくりのグラフを作る | C6: シート：スペクトル（グラフ付き）
A7: ③ 鳴きリスク判定 | B7: その寸法だと鳴（な）きやすいかを点数化。ローターとの一致も見る | C7: シート：鳴きリスク
A8: ④ 逆算（ぎゃくさん） | B8: 実測したピーク周波数 → 裏板の実効ヤング率・形状補正係数を逆に求める | C8: シート：逆算
A9: ⑤ 実測比較 | B9: ハンマリング／PSV-400 で測った値と予測を並べてズレ％判定 | C9: シート：実測比較
A10: ⑥ 測定計画 | B10: FFTの設定（Δf・サンプリング・窓）と吊り方・叩き方を自動計算 | C10: シート：測定計画
A11: ⑦ 式一覧 | B11: 使った式をぜんぶ一覧。コピペしてほかのExcelに貼れる | C11: シート：式一覧
A13: ■ 摩擦材ありブックとの違い（3つだけ覚えればOK）
A14: ① 断面シートの層が3つ | B14: シム／裏板／接着（任意）の3層のみ。摩擦材の行はありません | C14: 🟢
A15: ② 予測周波数がかなり高い | B15: 摩擦材の重さが無いぶん軽いので、同じ形でも周波数は上がります。スペクトルの既定範囲は 0〜40 kHz | C15: 🟢
A16: ③ 鳴きリスクは「参考」 | B16: 実際に鳴くのは摩擦材を貼った完成品。ここでは金属スケルトンの素性を見るのが目的 | C16: 🟡
A18: ■ 触（さわ）るセルの色分け（このブックは全シート共通）
A19: アンバー（茶色）のセル | B19: あなたが入力するところ。ここだけ触ればOK | C19: 入力
A20: グリーンのセル | B20: 自動計算の結果。触ると壊（こわ）れます | C20: 出力
A21: グレーのセル | B21: 計算の途中（とちゅう）。見なくてよい | C21: 中間
A23: ■ 使う順番（この順で必ず動きます）
A24: STEP 0 | B24: 「採寸ガイド」を読む。ノギスで測る場所と、入れる欄が絵で分かるようになっています | C24: ← 初めての人はここから
A25: STEP 1 | B25: 「材料DB」で使う材料（裏板の鋼種・シムの有無）を確認
A26: STEP 2 | B26: 「形状」に 外形の頂点座標（X,Y）を最大24点まで入力（a.jpg のプリセットあり） | C26: V〜Z列のプリセットをコピペでOK
A27: STEP 3 | B27: 「形状」の下のほうにある ■穴の入力 に、2つの穴の 中心X・中心Y・直径 を入力 | C27: ★今回の追加機能
A28: STEP 4 | B28: 「断面」で シム（使うときだけ1）・裏板 の材料と厚さを入力し、質量[g]を電子天秤の実測と突き合わせる
A29: STEP 5 | B29: 「固有振動数」を見る → 予測ピーク一覧が出る
A30: STEP 6 | B30: 「スペクトル」でグラフ確認。A〜E列をコピーすれば他ソフトに貼れる
A31: STEP 7 | B31: 「測定計画」でFFT設定（Δf・fmax・窓）と吊り位置・叩く位置を決める
A32: STEP 8 | B32: 測定 →「実測比較」に周波数を入力 → ズレ％を確認
A33: STEP 9 | B33: 「逆算」で 裏板の実効ヤング率・形状補正係数 を求める → 予測式を自分の現物に合わせ込む
A34: STEP 10 | B34: 「鳴きリスク」でローター（ディスク）の固有振動数を入れて判定
A36: ■ 信頼度マーク
A37: 🟢 検証済み | B37: 教科書・規格に載っている確立した式。そのまま信じてよい
A38: 🟡 推定 | B38: 妥当（だとう）だが近似。実測で校正（こうせい）してから使う
A39: 🔴 要確認 | B39: 値のばらつきが大きい。必ず自分で測る
A41: ■ 重要な前提（ここを外すと全部ずれます）
A42: 自由−自由（free-free） | B42: ピアノ線で吊（つ）った状態＝どこも固定していない状態を仮定 | C42: 🟢
A43: はり（梁）近似 | B43: パッドを「円周方向に長い1本の棒」とみなす。曲率は無視 | C43: 🟡
A44: 穴の扱い | B44: 穴は「面積と断面二次モーメントを減らす」という長さ方向平均の形で入れています。局所的な応力集中までは見ていません | C44: 🟡
A45: 裏板・シムの厚さ／材質 | B45: 図面値ではなく、必ずノギス・マイクロメータで現物実測してから入力する | C45: 🔴
A46: 質量チェックが命綱 | B46: 断面シートの「質量[g]」を電子天秤の実測と必ず突き合わせる。合わなければ入力が間違っている | C46: 🟢
A47: この予測は CEA ではない | B47: 鳴きリスクは「素（す）通し検査」。本番の不安定性判定は複素固有値解析（CEA）で | C47: 🟡
A49: ■ よくあるミス（実際にやりがちな順）
A50: ① 形状の頂点を「外周に沿った順番」で入れていない（飛び飛び）→ 面積・重心が壊れる。形状シートの入力チェックがNGになるので必ず見る
A51: ② 穴の直径にノギスの外側ジョウ（そとがわ）を使ってしまう → 穴は内側ジョウ（上のとがったツメ）で測る
A52: ③ 断面シートで使わない層の「使用1/0」を1のままにする → 意図しない層が計算に混入
A53: ④ 裏板の厚さを図面の公称値のまま使う → プレス後の実測とは 0.1〜0.3mm 違うことがあり、これだけで周波数が数％ずれる
A54: ⑤ スペクトルの周波数範囲が予測ピークより低いまま → グラフに山が出ない（開始・Δfを調整）
A55: ⑥ せん断補正のON/OFFを、固有振動数シートと逆算シートで揃えていない → 辻褄（つじつま）が合わなくなる
A56: ⑦ 質量チェックをせずに測定に行く → 現地で「ぜんぜん合わない」となってから原因探しになる

Sheet 採寸ガイド
A1: ⓪ 採寸（さいすん）ガイド — 摩擦材抜きのパッドをどう測って、どこに入れるか
A2: ノギス1本でできます。この順にやれば必ず「形状」シートが埋まります。（a.jpg のような形を想定）
A3: ★ カラーの図解は このシートの 112行目あたり にあります（下へスクロール）
A4: ■ 用意するもの
A5: ノギス（デジタル推奨） | B5: 0〜150mm。0.01mm または 0.05mm 読み。穴の内径・板厚・全長すべてこれ1本で足ります | C5: 必須
A6: 方眼紙 or A3コピー用紙 | B6: パッドを置いて輪郭をなぞる。あとで座標を拾うため | C6: 必須
A7: 定規（30cm） | B7: 方眼紙に基準線（X軸・Y軸）を引く | C7: 必須
A8: 電子天秤（0.1g） | B8: 質量チェック用。断面シートの予測質量と突き合わせる命綱 | C8: 強く推奨
A9: マイクロメータ | B9: 板厚をより正確に。無ければノギスで可 | C9: あれば
A10: スマホのカメラ | B10: 真上から撮って輪郭をトレースする裏ワザ用（後述 §6） | C10: あれば
A12: ■ §1 いちばん大事：座標の決め方（ここを間違えると全部ずれます）
A13: パッドを机に置きます。摩擦材が付いていた面（ザラザラした面）を上にして、両端の「耳（みみ）」が左右に来るように置いてください。
A14: この置き方で、左右方向 ＝ X軸（円周方向・長手）、上下方向 ＝ Y軸（半径方向）です。
A15: X軸の＋は右、Y軸の＋は上。単位はぜんぶ mm。小数点第2位（0.01mm）まで書けば充分です。
A16: 原点（0,0）はどこでもかまいません。ブックの中で自動的に重心を計算するので、絶対位置は結果に影響しません。
A17: おすすめの原点：パッドの左下の角。そうすると座標がぜんぶプラスになって間違いにくい。
A18: ※ a.jpg のプリセットは「左右の中央」を X=0、「いちばん下」を Y=0 にしてあります。どちらでも結果は同じです。
A20: ■ §2 外形（そとがたち）の測り方 — 「角（かど）を拾う」だけ
A21: やること：外周をぐるっと一周する順番で、角（かど）の位置を X,Y で書き出す。それだけです。
A22: コツ1：曲線（円弧）のところは、3〜5点くらい打てば充分です。1〜2mm の誤差は周波数に 0.1% も効きません。
A23: コツ2：耳（キャリパに嵌まる出っ張り）と、下側の爪（つめ）は必ず角を拾ってください。ここは形が効きます。
A24: コツ3：必ず「一筆書き」の順番で。反時計回りでも時計回りでもOKですが、飛び飛びはダメ。
... A101: ■ §7 よくある質問
A102: Q. 穴を無視したらどうなる？ | B102: A. 面積と剛性が実際より大きくなり、質量も増えます。今回の形だと質量で約7%、周波数で数%ずれます。入れたほうが良いです。
A103: Q. 面取り（角のC面）まで測る？ | B103: A. 不要です。0.5mm程度の面取りは周波数に0.1%も効きません。
A104: Q. 耳の細かい段差は？ | B104: A. 拾ってください。耳は「腹（はら）」になりやすく、ねじりモードの形に効きます。
A105: Q. 裏板の裏側のリブや刻印は？ | B105: A. このブックは一様厚さの板として扱います。リブがあるなら、厚さを「等価厚さ」として少し厚めに入れて実測で合わせ込むのが現実的です（逆算シートを使う）。
A106: Q. 座標の向きは時計回り？反時計回り？ | B106: A. どちらでも自動判定します（形状シート F3 の「向き s」）。飛び飛びの順番だけがダメです。
A107: Q. 24点で足りない形は？ | B107: A. 曲線部の点を減らして角を優先してください。曲線を1点減らしても誤差はほぼ出ません。
A110: ■ §8 カラー図解（採寸のしかた）
A111: 左：外形の頂点をどう拾うか ／ 右：2つの穴の直径・中心をどう測って、形状シートのどこへ入れるか

Sheet 材料DB
A1: 材料データベース（金属・シムのみ／摩擦材は含みません）
A2: E＝ヤング率（かたさ）／ρ＝密度（重さ）／ν＝ポアソン比（横に膨らむ割合）／η＝損失係数（振動の減りやすさ）
A4: 材料名 | B4: E [GPa] | C4: ρ [kg/m³] | D4: ν | E4: η(目安) | F4: 分類 | G4: 信頼度 | H4: 出典・備考
A5: 鋼 SPCC(裏板) | B5: 205 | C5: 7850 | D5: 0.3 | E5: 0.0002 | F5: 金属 | G5: 🟢 | H5: JIS一般値 / 鋼のEは190-210GPa
A6: 鋼 SS400 | B6: 205 | C6: 7850 | D6: 0.3 | E6: 0.0002 | F6: 金属 | G6: 🟢 | H6: JIS一般値
A7: 鋼 S45C | B7: 205 | C7: 7850 | D7: 0.3 | E7: 0.0002 | F7: 金属 | G7: 🟢 | H7: JIS一般値
A8: ステンレス SUS304 | B8: 193 | C8: 7930 | D8: 0.3 | E8: 0.0005 | F8: 金属 | G8: 🟢 | H8: JIS一般値
A9: ばね鋼 SUP9 | B9: 206 | C9: 7850 | D9: 0.3 | E9: 0.0002 | F9: 金属 | G9: 🟢 | H9: JIS一般値
A10: ねずみ鋳鉄 FC250 | B10: 105 | C10: 7200 | D10: 0.26 | E10: 0.0015 | F10: 金属 | G10: 🟡 | H10: 90-120GPaの幅あり。黒鉛量で変化
A11: アルミ A5052 | B11: 70 | C11: 2680 | D11: 0.33 | E11: 0.0001 | F11: 金属 | G11: 🟢 | H11: JIS一般値
A12: アルミ A6061-T6 | B12: 69 | C12: 2700 | D12: 0.33 | E12: 0.0001 | F12: 金属 | G12: 🟢 | H12: JIS一般値
A13: チタン Ti-6Al-4V | B13: 114 | C13: 4430 | D13: 0.34 | E13: 0.0002 | F13: 金属 | G13: 🟢 | H13: ASTM Grade5
A14: 銅 C1100 | B14: 117 | C14: 8940 | D14: 0.34 | E14: 0.002 | F14: 金属 | G14: 🟢 | H14: JIS一般値
A15: 黄銅 C2600 | B15: 103 | C15: 8530 | D15: 0.35 | E15: 0.001 | F15: 金属 | G15: 🟢 | H15: JIS一般値
A16: シム鋼板 SPCC | B16: 205 | C16: 7850 | D16: 0.3 | E16: 0.0002 | F16: シム | G16: 🟢 | H16: JIS一般値
... A21: (未使用) | B21: 0 | C21: 1 | D21: 0 | E21: 0 | F21: - | G21: - | H21: 空欄行。使わない層に指定する
A23: ※ 行を追加するときは 45行目までに書けば全シートが自動で拾います（数式の参照範囲は $A$5:$A$45）。
A24: ※ このブックは摩擦材を含みません。摩擦材込みの計算は「ブレーキパッド固有振動数予測.xlsx」を使ってください。
A25: ※ 鋼のEは190〜210GPaの幅があります。逆算シートで自分の現物のEを求めて、この表を上書きするのが最終形です。

Sheet 形状
A1: ① 形状入力（金属スケルトン＝裏板の外形を多角形で入力）
A2: X＝円周方向（長手・左右）、Y＝半径方向（上下）。単位はすべて mm。頂点は最大24点。反時計回り・時計回りどちらでもOK。詳しい測り方は「採寸ガイド」シートへ。 | E2: 頂点数 N | F2: =COUNT($B$5:$B$28) -> 22
E3: 向き s (+1=反時計/-1=時計) | F3: =IF(SUM($I$5:$I$28)>=0,1,-1) -> 1 | V3: ■ プリセット：a.jpg をトレースした形（全長100mmに正規化）
A4: No | B4: X [mm] | C4: Y [mm] | D4: 使用 | E4: 次X | F4: 次Y | G4: 前X | H4: 前Y | I4: 外積項 | J4: 辺長 | K4: Ixx項 | L4: Iyy項 | M4: Ixy項 | N4: Cx項 | O4: Cy項 | P4: 内積 | Q4: 外積 | R4: 内角 [°] | S4: 外角 [°] | T4: 出隅/入隅 | V4: あなたが実測した全長 L [mm] → | Y4: 110 | AD4: X閉（描画用） | AE4: Y閉（描画用） | AG4: 穴cX | AH4: 穴cY
A5: 1 | B5: -55 | C5: 16.7 | D5: =IF(ROW()-4<=$F$2,1,0) -> 1 | E5: =IF($D5=0,0,INDEX($B$5:$B$28,IF(ROW()-4=$F$2,1,ROW()-4+1))) -> -41.25 | F5: =IF($D5=0,0,INDEX($C$5:$C$28,IF(ROW()-4=$F$2,1,ROW()-4+1))) -> 16.3 | G5: =IF($D5=0,0,INDEX($B$5:$B$28,IF(ROW()-4=1,$F$2,ROW()-4-1))) -> -54.8 | H5: =IF($D5=0,0,INDEX($C$5:$C$28,IF(ROW()-4=1,$F$2,ROW()-4-1))) -> 26.72 | I5: =IF($D5=0,0,B5*F5-E5*C5) -> -207.625 | J5: =IF($D5=0,0,SQRT((E5-B5)^2+(F5-C5)^2)) -> 13.755817 | K5: =IF($D5=0,0,(C5^2+C5*F5+F5^2)*I5) -> -169586.02 | L5: =IF($D5=0,0,(B5^2+B5*E5+E5^2)*I5) -> -1452401.8 | M5: =IF($D5=0,0,(B5*F5+2*B5*C5+2*E5*F5+E5*C5)*I5) -> 989774.33 | N5: =IF($D5=0,0,(B5+E5)*I5) -> 19983.906 | O5: =IF($D5=0,0,(C5+F5)*I5) -> -6851.625 | P5: =IF($D5=0,0,(G5-B5)*(E5-B5)+(H5-C5)*(F5-C5)) -> -1.258 | Q5: =IF($D5=0,0,(G5-B5)*(F5-C5)-(H5-C5)*(E5-B5)) -> -137.855 | R5: =IF($D5=0,"",IFERROR(MOD(DEGREES(ATAN2(P5,-$F$3*Q5)),360),"")) -> 90.52284 | S5: =IF($D5="","",IF($D5=0,"",180-R5)) -> 89.47716 | T5: =IF($D5=0,"",IF(R5>180,"入隅(凹)","出隅(凸)")) -> 出隅(凸) | V5: 倍率（＝L÷100） | Y5: =$Y$4/100 -> 1.1 | AD5: =INDEX($B$5:$B$28,IF(ROW()-4<=$F$2,ROW()-4,1)) -> -55 | AE5: =INDEX($C$5:$C$28,IF(ROW()-4<=$F$2,ROW()-4,1)) -> 16.7 | AG5: =IF($B55=1,$C55,$C$55) -> -18.93 | AH5: =IF($B55=1,$D55,$D$55) -> 25.32
A6: 2 | B6: -41.25 | C6: 16.3 | D6: =IF(ROW()-4<=$F$2,1,0) -> 1 | E6: =IF($D6=0,0,INDEX($B$5:$B$28,IF(ROW()-4=$F$2,1,ROW()-4+1))) -> -40.27 | F6: =IF($D6=0,0,INDEX($C$5:$C$28,IF(ROW()-4=$F$2,1,ROW()-4+1))) -> 4.72 | G6: =IF($D6=0,0,INDEX($B$5:$B$28,IF(ROW()-4=1,$F$2,ROW()-4-1))) -> -55 | H6: =IF($D6=0,0,INDEX($C$5:$C$28,IF(ROW()-4=1,$F$2,ROW()-4-1))) -> 16.7 | I6: =IF($D6=0,0,B6*F6-E6*C6) -> 461.701 | J6: =IF($D6=0,0,SQRT((E6-B6)^2+(F6-C6)^2)) -> 11.621394 | K6: =IF($D6=0,0,(C6^2+C6*F6+F6^2)*I6) -> 168476.73 | L6: =IF($D6=0,0,(B6^2+B6*E6+E6^2)*I6) -> 2301290 | M6: =IF($D6=0,0,(B6*F6+2*B6*C6+2*E6*F6+E6*C6)*I6) -> -1189341.7 | N6: =IF($D6=0,0,(B6+E6)*I6) -> -37637.866 | O6: =IF($D6=0,0,(C6+F6)*I6) -> 9704.955 | P6: =IF($D6=0,0,(G6-B6)*(E6-B6)+(H6-C6)*(F6-C6)) -> -18.107 | Q6: =IF($D6=0,0,(G6-B6)*(F6-C6)-(H6-C6)*(E6-B6)) -> 158.833 | R6: =IF($D6=0,"",IFERROR(MOD(DEGREES(ATAN2(P6,-$F$3*Q6)),360),"")) -> 263.49634 | S6: =IF($D6="","",IF($D6=0,"",180-R6)) -> -83.496344 | T6: =IF($D6=0,"",IF(R6>180,"入隅(凹)","出隅(凸)")) -> 入隅(凹) | V6: No | W6: X_norm | X6: Y_norm | Y6: → X実寸 | Z6: → Y実寸 | AD6: =INDEX($B$5:$B$28,IF(ROW()-4<=$F$2,ROW()-4,1)) -> -41.25 | AE6: =INDEX($C$5:$C$28,IF(ROW()-4<=$F$2,ROW()-4,1)) -> 16.3 | AG6: =IF($B56=1,$C56,$C$55) -> 14.17 | AH6: =IF($B56=1,$D56,$D$55) -> 28.85
A7: 3 | B7: -40.27 | C7: 4.72 | D7: =IF(ROW()-4<=$F$2,1,0) -> 1 | E7: =IF($D7=0,0,INDEX($B$5:$B$28,IF(ROW()-4=$F$2,1,ROW()-4+1))) -> -38.1 | F7: =IF($D7=0,0,INDEX($C$5:$C$28,IF(ROW()-4=$F$2,1,ROW()-4+1))) -> 0 | G7: =IF($D7=0,0,INDEX($B$5:$B$28,IF(ROW()-4=1,$F$2,ROW()-4-1))) -> -41.25 | H7: =IF($D7=0,0,INDEX($C$5:$C$28,IF(ROW()-4=1,$F$2,ROW()-4-1))) -> 16.3 | I7: =IF($D7=0,0,B7*F7-E7*C7) -> 179.832 | J7: =IF($D7=0,0,SQRT((E7-B7)^2+(F7-C7)^2)) -> 5.1949302 | K7: =IF($D7=0,0,(C7^2+C7*F7+F7^2)*I7) -> 4006.3692 | L7: =IF($D7=0,0,(B7^2+B7*E7+E7^2)*I7) -> 828588.51 | M7: =IF($D7=0,0,(B7*F7+2*B7*C7+2*E7*F7+E7*C7)*I7) -> -100702.47 | N7: =IF($D7=0,0,(B7+E7)*I7) -> -14093.434 | O7: =IF($D7=0,0,(C7+F7)*I7) -> 848.80704 | P7: =IF($D7=0,0,(G7-B7)*(E7-B7)+(H7-C7)*(F7-C7)) -> -56.7842 | Q7: =IF($D7=0,0,(G7-B7)*(F7-C7)-(H7-C7)*(E7-B7)) -> -20.503 | R7: =IF($D7=0,"",IFERROR(MOD(DEGREES(ATAN2(P7,-$F$3*Q7)),360),"")) -> 160.14693 | S7: =IF($D7="","",IF($D7=0,"",180-R7)) -> 19.853067 | T7: =IF($D7=0,"",IF(R7>180,"入隅(凹)","出隅(凸)")) -> 出隅(凸) | V7: 1 | W7: -50 | X7: 15.18 | Y7: =ROUND(W7*$Y$5,2) -> -55 | Z7: =ROUND(X7*$Y$5,2) -> 16.7 | AD7: =INDEX($B$5:$B$28,IF(ROW()-4<=$F$2,ROW()-4,1)) -> -40.27 | AE7: =INDEX($C$5:$C$28,IF(ROW()-4<=$F$2,ROW()-4,1)) -> 4.72 | AG7: =IF($B57=1,$C57,$C$55) -> -18.93 | AH7: =IF($B57=1,$D57,$D$55) -> 25.32
A8: 4 | B8: -38.1 | C8: 0 | D8: =IF(ROW()-4<=$F$2,1,0) -> 1 | E8: =IF($D8=0,0,INDEX($B$5:$B$28,IF(ROW()-4=$F$2,1,ROW()-4+1))) -> -15.32 | F8: =IF($D8=0,0,INDEX($C$5:$C$28,IF(ROW()-4=$F$2,1,ROW()-4+1))) -> 8.84 | G8: =IF($D8=0,0,INDEX($B$5:$B$28,IF(ROW()-4=1,$F$2,ROW()-4-1))) -> -40.27 | H8: =IF($D8=0,0,INDEX($C$5:$C$28,IF(ROW()-4=1,$F$2,ROW()-4-1))) -> 4.72 | I8: =IF($D8=0,0,B8*F8-E8*C8) -> -336.804 | J8: =IF($D8=0,0,SQRT((E8-B8)^2+(F8-C8)^2)) -> 24.435098 | K8: =IF($D8=0,0,(C8^2+C8*F8+F8^2)*I8) -> -26319.751 | L8: =IF($D8=0,0,(B8^2+B8*E8+E8^2)*I8) -> -764546.56 | M8: =IF($D8=0,0,(B8*F8+2*B8*C8+2*E8*F8+E8*C8)*I8) -> 204662.86 | N8: =IF($D8=0,0,(B8+E8)*I8) -> 17992.07 | O8: =IF($D8=0,0,(C8+F8)*I8) -> -2977.3474 | P8: =IF($D8=0,0,(G8-B8)*(E8-B8)+(H8-C8)*(F8-C8)) -> -7.7078 | Q8: =IF($D8=0,0,(G8-B8)*(F8-C8)-(H8-C8)*(E8-B8)) -> -126.7044 | R8: =IF($D8=0,"",IFERROR(MOD(DEGREES(ATAN2(P8,-$F$3*Q8)),360),"")) -> 93.48118 | S8: =IF($D8="","",IF($D8=0,"",180-R8)) -> 86.51882 | T8: =IF($D8=0,"",IF(R8>180,"入隅(凹)","出隅(凸)")) -> 出隅(凸) | V8: 2 | W8: -37.5 | X8: 14.82 | Y8: =ROUND(W8*$Y$5,2) -> -41.25 | Z8: =ROUND(X8*$Y$5,2) -> 16.3 | AD8: =INDEX($B$5:$B$28,IF(ROW()-4<=$F$2,ROW()-4,1)) -> -38.1 | AE8: =INDEX($C$5:$C$28,IF(ROW()-4<=$F$2,ROW()-4,1)) -> 0 | AG8: =IF($B58=1,$C58,$C$55) -> -18.93 | AH8: =IF($B58=1,$D58,$D$55) -> 25.32
A9: 5 | B9: -15.32 | C9: 8.84 | D9: =IF(ROW()-4<=$F$2,1,0) -> 1 | E9: =IF($D9=0,0,INDEX($B$5:$B$28,IF(ROW()-4=$F$2,1,ROW()-4+1))) -> -0.78 | F9: =IF($D9=0,0,INDEX($C$5:$C$28,IF(ROW()-4=$F$2,1,ROW()-4+1))) -> 11.2 | G9: =IF($D9=0,0,INDEX($B$5:$B$28,IF(ROW()-4=1,$F$2,ROW()-4-1))) -> -38.1 | H9: =IF($D9=0,0,INDEX($C$5:$C$28,IF(ROW()-4=1,$F$2,ROW()-4-1))) -> 0 | I9: =IF($D9=0,0,B9*F9-E9*C9) -> -164.6888 | J9: =IF($D9=0,0,SQRT((E9-B9)^2+(F9-C9)^2)) -> 14.730282 | K9: =IF($D9=0,0,(C9^2+C9*F9+F9^2)*I9) -> -49833.777 | L9: =IF($D9=0,0,(B9^2+B9*E9+E9^2)*I9) -> -40721.019 | M9: =IF($D9=0,0,(B9*F9+2*B9*C9+2*E9*F9+E9*C9)*I9) -> 76878.181 | N9: =IF($D9=0,0,(B9+E9)*I9) -> 2651.4897 | O9: =IF($D9=0,0,(C9+F9)*I9) -> -3300.3636 | P9: =IF($D9=0,0,(G9-B9)*(E9-B9)+(H9-C9)*(F9-C9)) -> -352.0836 | Q9: =IF($D9=0,0,(G9-B9)*(F9-C9)-(H9-C9)*(E9-B9)) -> 74.7728 | R9: =IF($D9=0,"",IFERROR(MOD(DEGREES(ATAN2(P9,-$F$3*Q9)),360),"")) -> 191.9899 | S9: =IF($D9="","",IF($D9=0,"",180-R9)) -> -11.989898 | T9: =IF($D9=0,"",IF(R9>180,"入隅(凹)","出隅(凸)")) -> 入隅(凹) | V9: 3 | W9: -36.61 | X9: 4.29 | Y9: =ROUND(W9*$Y$5,2) -> -40.27 | Z9: =ROUND(X9*$Y$5,2) -> 4.72 | AD9: =INDEX($B$5:$B$28,IF(ROW()-4<=$F$2,ROW()-4,1)) -> -15.32 | AE9: =INDEX($C$5:$C$28,IF(ROW()-4<=$F$2,ROW()-4,1)) -> 8.84
A10: 6 | B10: -0.78 | C10: 11.2 | D10: =IF(ROW()-4<=$F$2,1,0) -> 1 | E10: =IF($D10=0,0,INDEX($B$5:$B$28,IF(ROW()-4=$F$2,1,ROW()-4+1))) -> 23.18 | F10: =IF($D10=0,0,INDEX($C$5:$C$28,IF(ROW()-4=$F$2,1,ROW()-4+1))) -> 10.8 | G10: =IF($D10=0,0,INDEX($B$5:$B$28,IF(ROW()-4=1,$F$2,ROW()-4-1))) -> -15.32 | H10: =IF($D10=0,0,INDEX($C$5:$C$28,IF(ROW()-4=1,$F$2,ROW()-4-1))) -> 8.84 | I10: =IF($D10=0,0,B10*F10-E10*C10) -> -268.04 | J10: =IF($D10=0,0,SQRT((E10-B10)^2+(F10-C10)^2)) -> 23.963339 | K10: =IF($D10=0,0,(C10^2+C10*F10+F10^2)*I10) -> -97309.242 | L10: =IF($D10=0,0,(B10^2+B10*E10+E10^2)*I10) -> -139338.02 | M10: =IF($D10=0,0,(B10*F10+2*B10*C10+2*E10*F10+E10*C10)*I10) -> -196850.72 | N10: =IF($D10=0,0,(B10+E10)*I10) -> -6004.096 | O10: =IF($D10=0,0,(C10+F10)*I10) -> -5896.88 | P10: =IF($D10=0,0,(G10-B10)*(E10-B10)+(H10-C10)*(F10-C10)) -> -347.4344 | Q10: =IF($D10=0,0,(G10-B10)*(F10-C10)-(H10-C10)*(E10-B10)) -> 62.3616 | R10: =IF($D10=0,"",IFERROR(MOD(DEGREES(ATAN2(P10,-$F$3*Q10)),360),"")) -> 190.17576 | S10: =IF($D10="","",IF($D10=0,"",180-R10)) -> -10.175763 | T10: =IF($D10=0,"",IF(R10>180,"入隅(凹)","出隅(凸)")) -> 入隅(凹) | V10: 4 | W10: -34.64 | X10: 0 | Y10: =ROUND(W10*$Y$5,2) -> -38.1 | Z10: =ROUND(X10*$Y$5,2) -> 0 | AD10: =INDEX($B$5:$B$28,IF(ROW()-4<=$F$2,ROW()-4,1)) -> -0.78 | AE10: =INDEX($C$5:$C$28,IF(ROW()-4<=$F$2,ROW()-4,1)) -> 11.2
A11: 7 | B11: 23.18 | C11: 10.8 | D11: =IF(ROW()-4<=$F$2,1,0) -> 1 | E11: =IF($D11=0,0,INDEX($B$5:$B$28,IF(ROW()-4=$F$2,1,ROW()-4+1))) -> 41.45 | F11: =IF($D11=0,0,INDEX($C$5:$C$28,IF(ROW()-4=$F$2,1,ROW()-4+1))) -> 4.72 | G11: =IF($D11=0,0,INDEX($B$5:$B$28,IF(ROW()-4=1,$F$2,ROW()-4-1))) -> -0.78 | H11: =IF($D11=0,0,INDEX($C$5:$C$28,IF(ROW()-4=1,$F$2,ROW()-4-1))) -> 11.2 | I11: =IF($D11=0,0,B11*F11-E11*C11) -> -338.2504 | J11: =IF($D11=0,0,SQRT((E11-B11)^2+(F11-C11)^2)) -> 19.255111 | K11: =IF($D11=0,0,(C11^2+C11*F11+F11^2)*I11) -> -64231.857 | L11: =IF($D11=0,0,(B11^2+B11*E11+E11^2)*I11) -> -1087889.7 | M11: =IF($D11=0,0,(B11*F11+2*B11*C11+2*E11*F11+E11*C11)*I11) -> -490140.25 | N11: =IF($D11=0,0,(B11+E11)*I11) -> -21861.123 | O11: =IF($D11=0,0,(C11+F11)*I11) -> -5249.6462 | P11: =IF($D11=0,0,(G11-B11)*(E11-B11)+(H11-C11)*(F11-C11)) -> -440.1812 | Q11: =IF($D11=0,0,(G11-B11)*(F11-C11)-(H11-C11)*(E11-B11)) -> 138.3688 | R11: =IF($D11=0,"",IFERROR(MOD(DEGREES(ATAN2(P11,-$F$3*Q11)),360),"")) -> 197.45028 | S11: =IF($D11="","",IF($D11=0,"",180-R11)) -> -17.450285 | T11: =IF($D11=0,"",IF(R11>180,"入隅(凹)","出隅(凸)")) -> 入隅(凹) | V11: 5 | W11: -13.93 | X11: 8.04 | Y11: =ROUND(W11*$Y$5,2) -> -15.32 | Z11: =ROUND(X11*$Y$5,2) -> 8.84 | AD11: =INDEX($B$5:$B$28,IF(ROW()-4<=$F$2,ROW()-4,1)) -> 23.18 | AE11: =INDEX($C$5:$C$28,IF(ROW()-4<=$F$2,ROW()-4,1)) -> 10.8
A12: 8 | B12: 41.45 | C12: 4.72 | D12: =IF(ROW()-4<=$F$2,1,0) -> 1 | E12: =IF($D12=0,0,INDEX($B$5:$B$28,IF(ROW()-4=$F$2,1,ROW()-4+1))) -> 42.62 | F12: =IF($D12=0,0,INDEX($C$5:$C$28,IF(ROW()-4=$F$2,1,ROW()-4+1))) -> 15.52 | G12: =IF($D12=0,0,INDEX($B$5:$B$28,IF(ROW()-4=1,$F$2,ROW()-4-1))) -> 23.18 | H12: =IF($D12=0,0,INDEX($C$5:$C$28,IF(ROW()-4=1,$F$2,ROW()-4-1))) -> 10.8 | I12: =IF($D12=0,0,B12*F12-E12*C12) -> 442.1376 | J12: =IF($D12=0,0,SQRT((E12-B12)^2+(F12-C12)^2)) -> 10.86319 | K12: =IF($D12=0,0,(C12^2+C12*F12+F12^2)*I12) -> 148736.5 | L12: =IF($D12=0,0,(B12^2+B12*E12+E12^2)*I12) -> 2343844.8 | M12: =IF($D12=0,0,(B12*F12+2*B12*C12+2*E12*F12+E12*C12)*I12) -> 1131290 | N12: =IF($D12=0,0,(B12+E12)*I12) -> 37170.508 | O12: =IF($D12=0,0,(C12+F12)*I12) -> 8948.865 | P12: =IF($D12=0,0,(G12-B12)*(E12-B12)+(H12-C12)*(F12-C12)) -> 44.2881 | Q12: =IF($D12=0,0,(G12-B12)*(F12-C12)-(H12-C12)*(E12-B12)) -> -204.4296 | R12: =IF($D12=0,"",IFERROR(MOD(DEGREES(ATAN2(P12,-$F$3*Q12)),360),"")) -> 77.77621 | S12: =IF($D12="","",IF($D12=0,"",180-R12)) -> 102.22379 | T12: =IF($D12=0,"",IF(R12>180,"入隅(凹)","出隅(凸)")) -> 出隅(凸) | V12: 6 | W12: -0.71 | X12: 10.18 | Y12: =ROUND(W12*$Y$5,2) -> -0.78 | Z12: =ROUND(X12*$Y$5,2) -> 11.2 | AD12: =INDEX($B$5:$B$28,IF(ROW()-4<=$F$2,ROW()-4,1)) -> 41.45 | AE12: =INDEX($C$5:$C$28,IF(ROW()-4<=$F$2,ROW()-4,1)) -> 4.72
A13: 9 | B13: 42.62 | C13: 15.52 | D13: =IF(ROW()-4<=$F$2,1,0) -> 1 | E13: =IF($D13=0,0,INDEX($B$5:$B$28,IF(ROW()-4=$F$2,1,ROW()-4+1))) -> 53.23 | F13: =IF($D13=0,0,INDEX($C$5:$C$28,IF(ROW()-4=$F$2,1,ROW()-4+1))) -> 13.35 | G13: =IF($D13=0,0,INDEX($B$5:$B$28,IF(ROW()-4=1,$F$2,ROW()-4-1))) -> 41.45 | H13: =IF($D13=0,0,INDEX($C$5:$C$28,IF(ROW()-4=1,$F$2,ROW()-4-1))) -> 4.72 | I13: =IF($D13=0,0,B13*F13-E13*C13) -> -257.1526 | J13: =IF($D13=0,0,SQRT((E13-B13)^2+(F13-C13)^2)) -> 10.829635 | K13: =IF($D13=0,0,(C13^2+C13*F13+F13^2)*I13) -> -161050.79 | L13: =IF($D13=0,0,(B13^2+B13*E13+E13^2)*I13) -> -1779125.7 | M13: =IF($D13=0,0,(B13*F13+2*B13*C13+2*E13*F13+E13*C13)*I13) -> -1064424.7 | N13: =IF($D13=0,0,(B13+E13)*I13) -> -24648.077 | O13: =IF($D13=0,0,(C13+F13)*I13) -> -7423.9956 | P13: =IF($D13=0,0,(G13-B13)*(E13-B13)+(H13-C13)*(F13-C13)) -> 11.0223 | Q13: =IF($D13=0,0,(G13-B13)*(F13-C13)-(H13-C13)*(E13-B13)) -> 117.1269 | R13: =IF($D13=0,"",IFERROR(MOD(DEGREES(ATAN2(P13,-$F$3*Q13)),360),"")) -> 275.37602 | S13: =IF($D13="","",IF($D13=0,"",180-R13)) -> -95.376023 | T13: =IF($D13=0,"",IF(R13>180,"入隅(凹)","出隅(凸)")) -> 入隅(凹) | V13: 7 | W13: 21.07 | X13: 9.82 | Y13: =ROUND(W13*$Y$5,2) -> 23.18 | Z13: =ROUND(X13*$Y$5,2) -> 10.8 | AD13: =INDEX($B$5:$B$28,IF(ROW()-4<=$F$2,ROW()-4,1)) -> 42.62 | AE13: =INDEX($C$5:$C$28,IF(ROW()-4<=$F$2,ROW()-4,1)) -> 15.52
A14: 10 | B14: 53.23 | C14: 13.35 | D14: =IF(ROW()-4<=$F$2,1,0) -> 1 | E14: =IF($D14=0,0,INDEX($B$5:$B$28,IF(ROW()-4=$F$2,1,ROW()-4+1))) -> 55 | F14: =IF($D14=0,0,INDEX($C$5:$C$28,IF(ROW()-4=$F$2,1,ROW()-4+1))) -> 15.13 | G14: =IF($D14=0,0,INDEX($B$5:$B$28,IF(ROW()-4=1,$F$2,ROW()-4-1))) -> 42.62 | H14: =IF($D14=0,0,INDEX($C$5:$C$28,IF(ROW()-4=1,$F$2,ROW()-4-1))) -> 15.52 | I14: =IF($D14=0,0,B14*F14-E14*C14) -> 71.1199 | J14: =IF($D14=0,0,SQRT((E14-B14)^2+(F14-C14)^2)) -> 2.510239 | K14: =IF($D14=0,0,(C14^2+C14*F14+F14^2)*I14) -> 43320.902 | L14: =IF($D14=0,0,(B14^2+B14*E14+E14^2)*I14) -> 624865.34 | M14: =IF($D14=0,0,(B14*F14+2*B14*C14+2*E14*F14+E14*C14)*I14) -> 328940.98 | N14: =IF($D14=0,0,(B14+E14)*I14) -> 7697.3068 | O14: =IF($D14=0,0,(C14+F14)*I14) -> 2025.4948 | P14: =IF($D14=0,0,(G14-B14)*(E14-B14)+(H14-C14)*(F14-C14)) -> -14.9171 | Q14: =IF($D14=0,0,(G14-B14)*(F14-C14)-(H14-C14)*(E14-B14)) -> -22.7267 | R14: =IF($D14=0,"",IFERROR(MOD(DEGREES(ATAN2(P14,-$F$3*Q14)),360),"")) -> 123.27965 | S14: =IF($D14="","",IF($D14=0,"",180-R14)) -> 56.720349 | T14: =IF($D14=0,"",IF(R14>180,"入隅(凹)","出隅(凸)")) -> 出隅(凸) | V14: 8 | W14: 37.68 | X14: 4.29 | Y14: =ROUND(W14*$Y$5,2) -> 41.45 | Z14: =ROUND(X14*$Y$5,2) -> 4.72 | AD14: =INDEX($B$5:$B$28,IF(ROW()-4<=$F$2,ROW()-4,1)) -> 53.23 | AE14: =INDEX($C$5:$C$28,IF(ROW()-4<=$F$2,ROW()-4,1)) -> 13.35
A15: 11 | B15: 55 | C15: 15.13 | D15: =IF(ROW()-4<=$F$2,1,0) -> 1 | E15: =IF($D15=0,0,INDEX($B$5:$B$28,IF(ROW()-4=$F$2,1,ROW()-4+1))) -> 53.23 | F15: =IF($D15=0,0,INDEX($C$5:$C$28,IF(ROW()-4=$F$2,1,ROW()-4+1))) -> 30.05 | G15: =IF($D15=0,0,INDEX($B$5:$B$28,IF(ROW()-4=1,$F$2,ROW()-4-1))) -> 53.23 | H15: =IF($D15=0,0,INDEX($C$5:$C$28,IF(ROW()-4=1,$F$2,ROW()-4-1))) -> 13.35 | I15: =IF($D15=0,0,B15*F15-E15*C15) -> 847.3801 | J15: =IF($D15=0,0,SQRT((E15-B15)^2+(F15-C15)^2)) -> 15.024623 | K15: =IF($D15=0,0,(C15^2+C15*F15+F15^2)*I15) -> 1344432.8 | L15: =IF($D15=0,0,(B15^2+B15*E15+E15^2)*I15) -> 7445151.8 | M15: =IF($D15=0,0,(B15*F15+2*B15*C15+2*E15*F15+E15*C15)*I15) -> 6204129.8 | N15: =IF($D15=0,0,(B15+E15)*I15) -> 91711.948 | O15: =IF($D15=0,0,(C15+F15)*I15) -> 38284.633 | P15: =IF($D15=0,0,(G15-B15)*(E15-B15)+(H15-C15)*(F15-C15)) -> -23.4247 | Q15: =IF($D15=0,0,(G15-B15)*(F15-C15)-(H15-C15)*(E15-B15)) -> -29.559 | R15: =IF($D15=0,"",IFERROR(MOD(DEGREES(ATAN2(P15,-$F$3*Q15)),360),"")) -> 128.39586 | S15: =IF($D15="","",IF($D15=0,"",180-R15)) -> 51.604137 | T15: =IF($D15=0,"",IF(R15>180,"入隅(凹)","出隅(凸)")) -> 出隅(凸) | V15: 9 | W15: 38.75 | X15: 14.11 | Y15: =ROUND(W15*$Y$5,2) -> 42.63 | Z15: =ROUND(X15*$Y$5,2) -> 15.52 | AD15: =INDEX($B$5:$B$28,IF(ROW()-4<=$F$2,ROW()-4,1)) -> 55 | AE15: =INDEX($C$5:$C$28,IF(ROW()-4<=$F$2,ROW()-4,1)) -> 15.13
A16: 12 | B16: 53.23 | C16: 30.05 | D16: =IF(ROW()-4<=$F$2,1,0) -> 1 | E16: =IF($D16=0,0,INDEX($B$5:$B$28,IF(ROW()-4=$F$2,1,ROW()-4+1))) -> 41.45 | F16: =IF($D16=0,0,INDEX($C$5:$C$28,IF(ROW()-4=$F$2,1,ROW()-4+1))) -> 30.45 | G16: =IF($D16=0,0,INDEX($B$5:$B$28,IF(ROW()-4=1,$F$2,ROW()-4-1))) -> 55 | H16: =IF($D16=0,0,INDEX($C$5:$C$28,IF(ROW()-4=1,$F$2,ROW()-4-1))) -> 15.13 | I16: =IF($D16=0,0,B16*F16-E16*C16) -> 375.281 | J16: =IF($D16=0,0,SQRT((E16-B16)^2+(F16-C16)^2)) -> 11.786789 | K16: =IF($D16=0,0,(C16^2+C16*F16+F16^2)*I16) -> 1030231.7 | L16: =IF($D16=0,0,(B16^2+B16*E16+E16^2)*I16) -> 2536118.6 | M16: =IF($D16=0,0,(B16*F16+2*B16*C16+2*E16*F16+E16*C16)*I16) -> 3223609 | N16: =IF($D16=0,0,(B16+E16)*I16) -> 35531.605 | O16: =IF($D16=0,0,(C16+F16)*I16) -> 22704.5 | P16: =IF($D16=0,0,(G16-B16)*(E16-B16)+(H16-C16)*(F16-C16)) -> -26.8186 | Q16: =IF($D16=0,0,(G16-B16)*(F16-C16)-(H16-C16)*(E16-B16)) -> -175.0496 | R16: =IF($D16=0,"",IFERROR(MOD(DEGREES(ATAN2(P16,-$F$3*Q16)),360),"")) -> 98.710313 | S16: =IF($D16="","",IF($D16=0,"",180-R16)) -> 81.289687 | T16: =IF($D16=0,"",IF(R16>180,"入隅(凹)","出隅(凸)")) -> 出隅(凸) | V16: 10 | W16: 48.39 | X16: 12.14 | Y16: =ROUND(W16*$Y$5,2) -> 53.23 | Z16: =ROUND(X16*$Y$5,2) -> 13.35 | AD16: =INDEX($B$5:$B$28,IF(ROW()-4<=$F$2,ROW()-4,1)) -> 53.23 | AE16: =INDEX($C$5:$C$28,IF(ROW()-4<=$F$2,ROW()-4,1)) -> 30.05
A17: 13 | B17: 41.45 | C17: 30.45 | D17: =IF(ROW()-4<=$F$2,1,0) -> 1 | E17: =IF($D17=0,0,INDEX($B$5:$B$28,IF(ROW()-4=$F$2,1,ROW()-4+1))) -> 39.48 | F17: =IF($D17=0,0,INDEX($C$5:$C$28,IF(ROW()-4=$F$2,1,ROW()-4+1))) -> 39.48 | G17: =IF($D17=0,0,INDEX($B$5:$B$28,IF(ROW()-4=1,$F$2,ROW()-4-1))) -> 53.23 | H17: =IF($D17=0,0,INDEX($C$5:$C$28,IF(ROW()-4=1,$F$2,ROW()-4-1))) -> 30.05 | I17: =IF($D17=0,0,B17*F17-E17*C17) -> 434.28 | J17: =IF($D17=0,0,SQRT((E17-B17)^2+(F17-C17)^2)) -> 9.2423915 | K17: =IF($D17=0,0,(C17^2+C17*F17+F17^2)*I17) -> 1601641.5 | L17: =IF($D17=0,0,(B17^2+B17*E17+E17^2)*I17) -> 2133712.7 | M17: =IF($D17=0,0,(B17*F17+2*B17*C17+2*E17*F17+E17*C17)*I17) -> 3682806.4 | N17: =IF($D17=0,0,(B17+E17)*I17) -> 35146.28 | O17: =IF($D17=0,0,(C17+F17)*I17) -> 30369.2 | P17: =IF($D17=0,0,(G17-B17)*(E17-B17)+(H17-C17)*(F17-C17)) -> -26.8186 | Q17: =IF($D17=0,0,(G17-B17)*(F17-C17)-(H17-C17)*(E17-B17)) -> 105.5854 | R17: =IF($D17=0,"",IFERROR(MOD(DEGREES(ATAN2(P17,-$F$3*Q17)),360),"")) -> 255.74831 | S17: =IF($D17="","",IF($D17=0,"",180-R17)) -> -75.748305 | T17: =IF($D17=0,"",IF(R17>180,"入隅(凹)","出隅(凸)")) -> 入隅(凹) | V17: 11 | W17: 50 | X17: 13.75 | Y17: =ROUND(W17*$Y$5,2) -> 55 | Z17: =ROUND(X17*$Y$5,2) -> 15.13 | AD17: =INDEX($B$5:$B$28,IF(ROW()-4<=$F$2,ROW()-4,1)) -> 41.45 | AE17: =INDEX($C$5:$C$28,IF(ROW()-4<=$F$2,ROW()-4,1)) -> 30.45
A18: 14 | B18: 39.48 | C18: 39.48 | D18: =IF(ROW()-4<=$F$2,1,0) -> 1 | E18: =IF($D18=0,0,INDEX($B$5:$B$28,IF(ROW()-4=$F$2,1,ROW()-4+1))) -> 23.18 | F18: =IF($D18=0,0,INDEX($C$5:$C$28,IF(ROW()-4=$F$2,1,ROW()-4+1))) -> 51.07 | G18: =IF($D18=0,0,INDEX($B$5:$B$28,IF(ROW()-4=1,$F$2,ROW()-4-1))) -> 41.45 | H18: =IF($D18=0,0,INDEX($C$5:$C$28,IF(ROW()-4=1,$F$2,ROW()-4-1))) -> 30.45 | I18: =IF($D18=0,0,B18*F18-E18*C18) -> 1101.0972 | J18: =IF($D18=0,0,SQRT((E18-B18)^2+(F18-C18)^2)) -> 20.000452 | K18: =IF($D18=0,0,(C18^2+C18*F18+F18^2)*I18) -> 6808148.8 | L18: =IF($D18=0,0,(B18^2+B18*E18+E18^2)*I18) -> 3315545.9 | M18: =IF($D18=0,0,(B18*F18+2*B18*C18+2*E18*F18+E18*C18)*I18) -> 9267204 | N18: =IF($D18=0,0,(B18+E18)*I18) -> 68994.751 | O18: =IF($D18=0,0,(C18+F18)*I18) -> 99704.351 | P18: =IF($D18=0,0,(G18-B18)*(E18-B18)+(H18-C18)*(F18-C18)) -> -136.7687 | Q18: =IF($D18=0,0,(G18-B18)*(F18-C18)-(H18-C18)*(E18-B18)) -> -124.3567 | R18: =IF($D18=0,"",IFERROR(MOD(DEGREES(ATAN2(P18,-$F$3*Q18)),360),"")) -> 137.72138 | S18: =IF($D18="","",IF($D18=0,"",180-R18)) -> 42.278624 | T18: =IF($D18=0,"",IF(R18>180,"入隅(凹)","出隅(凸)")) -> 出隅(凸) | V18: 12 | W18: 48.39 | X18: 27.32 | Y18: =ROUND(W18*$Y$5,2) -> 53.23 | Z18: =ROUND(X18*$Y$5,2) -> 30.05 | AD18: =INDEX($B$5:$B$28,IF(ROW()-4<=$F$2,ROW()-4,1)) -> 39.48 | AE18: =INDEX($C$5:$C$28,IF(ROW()-4<=$F$2,ROW()-4,1)) -> 39.48
A19: 15 | B19: 23.18 | C19: 51.07 | D19: =IF(ROW()-4<=$F$2,1,0) -> 1 | E19: =IF($D19=0,0,INDEX($B$5:$B$28,IF(ROW()-4=$F$2,1,ROW()-4+1))) -> 9.43 | F19: =IF($D19=0,0,INDEX($C$5:$C$28,IF(ROW()-4=$F$2,1,ROW()-4+1))) -> 55 | G19: =IF($D19=0,0,INDEX($B$5:$B$28,IF(ROW()-4=1,$F$2,ROW()-4-1))) -> 39.48 | H19: =IF($D19=0,0,INDEX($C$5:$C$28,IF(ROW()-4=1,$F$2,ROW()-4-1))) -> 39.48 | I19: =IF($D19=0,0,B19*F19-E19*C19) -> 793.3099 | J19: =IF($D19=0,0,SQRT((E19-B19)^2+(F19-C19)^2)) -> 14.300608 | K19: =IF($D19=0,0,(C19^2+C19*F19+F19^2)*I19) -> 6697118.1 | L19: =IF($D19=0,0,(B19^2+B19*E19+E19^2)*I19) -> 670207.8 | M19: =IF($D19=0,0,(B19*F19+2*B19*C19+2*E19*F19+E19*C19)*I19) -> 4094586 | N19: =IF($D19=0,0,(B19+E19)*I19) -> 25869.836 | O19: =IF($D19=0,0,(C19+F19)*I19) -> 84146.381 | P19: =IF($D19=0,0,(G19-B19)*(E19-B19)+(H19-C19)*(F19-C19)) -> -269.6737 | Q19: =IF($D19=0,0,(G19-B19)*(F19-C19)-(H19-C19)*(E19-B19)) -> -95.3035 | R19: =IF($D19=0,"",IFERROR(MOD(DEGREES(ATAN2(P19,-$F$3*Q19)),360),"")) -> 160.53644 | S19: =IF($D19="","",IF($D19=0,"",180-R19)) -> 19.463562 | T19: =IF($D19=0,"",IF(R19>180,"入隅(凹)","出隅(凸)")) -> 出隅(凸) | V19: 13 | W19: 37.68 | X19: 27.68 | Y19: =ROUND(W19*$Y$5,2) -> 41.45 | Z19: =ROUND(X19*$Y$5,2) -> 30.45 | AD19: =INDEX($B$5:$B$28,IF(ROW()-4<=$F$2,ROW()-4,1)) -> 23.18 | AE19: =INDEX($C$5:$C$28,IF(ROW()-4<=$F$2,ROW()-4,1)) -> 51.07
A20: 16 | B20: 9.43 | C20: 55 | D20: =IF(ROW()-4<=$F$2,1,0) -> 1 | E20: =IF($D20=0,0,INDEX($B$5:$B$28,IF(ROW()-4=$F$2,1,ROW()-4+1))) -> -8.65 | F20: =IF($D20=0,0,INDEX($C$5:$C$28,IF(ROW()-4=$F$2,1,ROW()-4+1))) -> 53.63 | G20: =IF($D20=0,0,INDEX($B$5:$B$28,IF(ROW()-4=1,$F$2,ROW()-4-1))) -> 23.18 | H20: =IF($D20=0,0,INDEX($C$5:$C$28,IF(ROW()-4=1,$F$2,ROW()-4-1))) -> 51.07 | I20: =IF($D20=0,0,B20*F20-E20*C20) -> 981.4809 | J20: =IF($D20=0,0,SQRT((E20-B20)^2+(F20-C20)^2)) -> 18.131831 | K20: =IF($D20=0,0,(C20^2+C20*F20+F20^2)*I20) -> 8686917.6 | L20: =IF($D20=0,0,(B20^2+B20*E20+E20^2)*I20) -> 80656.039 | M20: =IF($D20=0,0,(B20*F20+2*B20*C20+2*E20*F20+E20*C20)*I20) -> 136898.82 | N20: =IF($D20=0,0,(B20+E20)*I20) -> 765.5551 | O20: =IF($D20=0,0,(C20+F20)*I20) -> 106618.27 | P20: =IF($D20=0,0,(G20-B20)*(E20-B20)+(H20-C20)*(F20-C20)) -> -243.2159 | Q20: =IF($D20=0,0,(G20-B20)*(F20-C20)-(H20-C20)*(E20-B20)) -> -89.8919 | R20: =IF($D20=0,"",IFERROR(MOD(DEGREES(ATAN2(P20,-$F$3*Q20)),360),"")) -> 159.71583 | S20: =IF($D20="","",IF($D20=0,"",180-R20)) -> 20.284168 | T20: =IF($D20=0,"",IF(R20>180,"入隅(凹)","出隅(凸)")) -> 出隅(凸) | V20: 14 | W20: 35.89 | X20: 35.89 | Y20: =ROUND(W20*$Y$5,2) -> 39.48 | Z20: =ROUND(X20*$Y$5,2) -> 39.48 | AD20: =INDEX($B$5:$B$28,IF(ROW()-4<=$F$2,ROW()-4,1)) -> 9.43 | AE20: =INDEX($C$5:$C$28,IF(ROW()-4<=$F$2,ROW()-4,1)) -> 55
... A26: 22 | B26: -54.8 | C26: 26.72 | D26: =IF(ROW()-4<=$F$2,1,0) -> 1 | E26: =IF($D26=0,0,INDEX($B$5:$B$28,IF(ROW()-4=$F$2,1,ROW()-4+1))) -> -55 | F26: =IF($D26=0,0,INDEX($C$5:$C$28,IF(ROW()-4=$F$2,1,ROW()-4+1))) -> 16.7 | G26: =IF($D26=0,0,INDEX($B$5:$B$28,IF(ROW()-4=1,$F$2,ROW()-4-1))) -> -42.43 | H26: =IF($D26=0,0,INDEX($C$5:$C$28,IF(ROW()-4=1,$F$2,ROW()-4-1))) -> 26.52 | I26: =IF($D26=0,0,B26*F26-E26*C26) -> 554.44 | J26: =IF($D26=0,0,SQRT((E26-B26)^2+(F26-C26)^2)) -> 10.021996 | K26: =IF($D26=0,0,(C26^2+C26*F26+F26^2)*I26) -> 797879.3 | L26: =IF($D26=0,0,(B26^2+B26*E26+E26^2)*I26) -> 5013268.7 | M26: =IF($D26=0,0,(B26*F26+2*B26*C26+2*E26*F26+E26*C26)*I26) -> -3964396.8 | N26: =IF($D26=0,0,(B26+E26)*I26) -> -60877.512 | O26: =IF($D26=0,0,(C26+F26)*I26) -> 24073.785 | P26: =IF($D26=0,0,(G26-B26)*(E26-B26)+(H26-C26)*(F26-C26)) -> -0.47 | Q26: =IF($D26=0,0,(G26-B26)*(F26-C26)-(H26-C26)*(E26-B26)) -> -123.9874 | R26: =IF($D26=0,"",IFERROR(MOD(DEGREES(ATAN2(P26,-$F$3*Q26)),360),"")) -> 90.217191 | S26: =IF($D26="","",IF($D26=0,"",180-R26)) -> 89.782809 | T26: =IF($D26=0,"",IF(R26>180,"入隅(凹)","出隅(凸)")) -> 出隅(凸) | V26: 20 | W26: -38.75 | X26: 30.71 | Y26: =ROUND(W26*$Y$5,2) -> -42.63 | Z26: =ROUND(X26*$Y$5,2) -> 33.78 | AD26: =INDEX($B$5:$B$28,IF(ROW()-4<=$F$2,ROW()-4,1)) -> -54.8 | AE26: =INDEX($C$5:$C$28,IF(ROW()-4<=$F$2,ROW()-4,1)) -> 26.72
A27: 23 | D27: =IF(ROW()-4<=$F$2,1,0) -> 0 | E27: =IF($D27=0,0,INDEX($B$5:$B$28,IF(ROW()-4=$F$2,1,ROW()-4+1))) -> 0 | F27: =IF($D27=0,0,INDEX($C$5:$C$28,IF(ROW()-4=$F$2,1,ROW()-4+1))) -> 0 | G27: =IF($D27=0,0,INDEX($B$5:$B$28,IF(ROW()-4=1,$F$2,ROW()-4-1))) -> 0 | H27: =IF($D27=0,0,INDEX($C$5:$C$28,IF(ROW()-4=1,$F$2,ROW()-4-1))) -> 0 | I27: =IF($D27=0,0,B27*F27-E27*C27) -> 0 | J27: =IF($D27=0,0,SQRT((E27-B27)^2+(F27-C27)^2)) -> 0 | K27: =IF($D27=0,0,(C27^2+C27*F27+F27^2)*I27) -> 0 | L27: =IF($D27=0,0,(B27^2+B27*E27+E27^2)*I27) -> 0 | M27: =IF($D27=0,0,(B27*F27+2*B27*C27+2*E27*F27+E27*C27)*I27) -> 0 | N27: =IF($D27=0,0,(B27+E27)*I27) -> 0 | O27: =IF($D27=0,0,(C27+F27)*I27) -> 0 | P27: =IF($D27=0,0,(G27-B27)*(E27-B27)+(H27-C27)*(F27-C27)) -> 0 | Q27: =IF($D27=0,0,(G27-B27)*(F27-C27)-(H27-C27)*(E27-B27)) -> 0 | R27: =IF($D27=0,"",IFERROR(MOD(DEGREES(ATAN2(P27,-$F$3*Q27)),360),"")) | S27: =IF($D27="","",IF($D27=0,"",180-R27)) | T27: =IF($D27=0,"",IF(R27>180,"入隅(凹)","出隅(凸)")) | V27: 21 | W27: -38.57 | X27: 24.11 | Y27: =ROUND(W27*$Y$5,2) -> -42.43 | Z27: =ROUND(X27*$Y$5,2) -> 26.52 | AD27: =INDEX($B$5:$B$28,IF(ROW()-4<=$F$2,ROW()-4,1)) -> -55 | AE27: =INDEX($C$5:$C$28,IF(ROW()-4<=$F$2,ROW()-4,1)) -> 16.7
A28: 24 | D28: =IF(ROW()-4<=$F$2,1,0) -> 0 | E28: =IF($D28=0,0,INDEX($B$5:$B$28,IF(ROW()-4=$F$2,1,ROW()-4+1))) -> 0 | F28: =IF($D28=0,0,INDEX($C$5:$C$28,IF(ROW()-4=$F$2,1,ROW()-4+1))) -> 0 | G28: =IF($D28=0,0,INDEX($B$5:$B$28,IF(ROW()-4=1,$F$2,ROW()-4-1))) -> 0 | H28: =IF($D28=0,0,INDEX($C$5:$C$28,IF(ROW()-4=1,$F$2,ROW()-4-1))) -> 0 | I28: =IF($D28=0,0,B28*F28-E28*C28) -> 0 | J28: =IF($D28=0,0,SQRT((E28-B28)^2+(F28-C28)^2)) -> 0 | K28: =IF($D28=0,0,(C28^2+C28*F28+F28^2)*I28) -> 0 | L28: =IF($D28=0,0,(B28^2+B28*E28+E28^2)*I28) -> 0 | M28: =IF($D28=0,0,(B28*F28+2*B28*C28+2*E28*F28+E28*C28)*I28) -> 0 | N28: =IF($D28=0,0,(B28+E28)*I28) -> 0 | O28: =IF($D28=0,0,(C28+F28)*I28) -> 0 | P28: =IF($D28=0,0,(G28-B28)*(E28-B28)+(H28-C28)*(F28-C28)) -> 0 | Q28: =IF($D28=0,0,(G28-B28)*(F28-C28)-(H28-C28)*(E28-B28)) -> 0 | R28: =IF($D28=0,"",IFERROR(MOD(DEGREES(ATAN2(P28,-$F$3*Q28)),360),"")) | S28: =IF($D28="","",IF($D28=0,"",180-R28)) | T28: =IF($D28=0,"",IF(R28>180,"入隅(凹)","出隅(凸)")) | V28: 22 | W28: -49.82 | X28: 24.29 | Y28: =ROUND(W28*$Y$5,2) -> -54.8 | Z28: =ROUND(X28*$Y$5,2) -> 26.72 | AD28: =INDEX($B$5:$B$28,IF(ROW()-4<=$F$2,ROW()-4,1)) -> -55 | AE28: =INDEX($C$5:$C$28,IF(ROW()-4<=$F$2,ROW()-4,1)) -> 16.7
AD29: =INDEX($B$5:$B$28,IF(ROW()-4<=$F$2,ROW()-4,1)) -> -55 | AE29: =INDEX($C$5:$C$28,IF(ROW()-4<=$F$2,ROW()-4,1)) -> 16.7
A30: ■ 形状の計算結果（外形のみ／穴を引く前） | V30: ■ 穴のプリセット（同じく全長100mm正規化）
A31: 符号付き面積 [mm²] | B31: =0.5*SUM($I$5:$I$28) -> 3775.89 | C31: 多角形の向き判定に使う（＋なら反時計回り） | V31: No | W31: cX_norm | X31: cY_norm | Y31: d_norm | Z31: → cX | AA31: → cY | AB31: → d
A32: 外形面積 A_gross [mm²] | B32: =ABS($B$31) -> 3775.89 | C32: シューレース公式 A=½|Σ(xᵢyᵢ₊₁−xᵢ₊₁yᵢ)| 🟢 | V32: 1 | W32: -17.21 | X32: 23.02 | Y32: 13.34 | Z32: =ROUND(W32*$Y$5,2) -> -18.93 | AA32: =ROUND(X32*$Y$5,2) -> 25.32 | AB32: =ROUND(Y32*$Y$5,2) -> 14.67
A33: 周長 [mm] | B33: =SUM($J$5:$J$28) -> 296.79407 | C33: 各辺の長さの合計 | V33: 2 | W33: 12.88 | X33: 26.23 | Y33: 10.66 | Z33: =ROUND(W33*$Y$5,2) -> 14.17 | AA33: =ROUND(X33*$Y$5,2) -> 28.85 | AB33: =ROUND(Y33*$Y$5,2) -> 11.73
A34: 重心 Cx_gross [mm] | B34: =IF($B$31=0,0,SUM($N$5:$N$28)/(6*$B$31)) -> -0.12129453 | C34: 図心のX座標 🟢
A35: 重心 Cy_gross [mm] | B35: =IF($B$31=0,0,SUM($O$5:$O$28)/(6*$B$31)) -> 28.298212 | C35: 図心のY座標 🟢 | V35: 使い方：Y4に実測全長を入れる → Y7:Z28 をコピーして B5:C28 に「値貼り付け」
A36: Ixx_gross（重心まわり）[mm⁴] | B36: =$F$3*SUM($K$5:$K$28)/12-$B$32*$B$35^2 -> 571531.3 | C36: X軸（長手軸）まわり。面内曲げに効く 🟢 | V36: 穴も Z32:AB33 をコピーして C55:E56 に貼る（列の順番が 中心X→中心Y→直径 で一致します）
A37: Iyy_gross（重心まわり）[mm⁴] | B37: =$F$3*SUM($L$5:$L$28)/12-$B$32*$B$34^2 -> 2647658.3 | C37: Y軸まわり 🟢 | V37: ※ トレースは当たり付け。全長・全高・穴径だけは必ずノギスで実測して上書きしてください 🔴
A38: Ixy（重心まわり）[mm⁴] | B38: =$F$3*SUM($M$5:$M$28)/24-$B$32*$B$34*$B$35 -> 51866.4 | C38: 相乗モーメント 🟢
A39: Imin [mm⁴] | B39: =($B$36+$B$37)/2-SQRT((($B$36-$B$37)/2)^2+$B$38^2) -> 570236.37 | C39: 主（しゅ）断面二次モーメント 最小 | V39: ▼ 入力した座標をそのまま描いたもの。パッドの形に見えなければ座標の順番か符号が間違っています（※縦横比はグラフの都合で正確ではありません）
A40: Imax [mm⁴] | B40: =($B$36+$B$37)/2+SQRT((($B$36-$B$37)/2)^2+$B$38^2) -> 2648953.3 | C40: 主断面二次モーメント 最大
A41: 主軸角 θp [°] | B41: =DEGREES(0.5*ATAN2($B$36-$B$37,-2*$B$38)) -> -88.56981 | C41: tan2θ=−2Ixy/(Ixx−Iyy) 🟢
A42: θp での I [mm⁴] | B42: =($B$36+$B$37)/2+($B$36-$B$37)/2*COS(2*RADIANS($B$41))-$B$38*SIN(2*RADIANS($B$41)) -> 2648953.3 | C42: 判定用の中間値
A43: 長手方向の角度 [°] | B43: =IF(ABS($B$42-$B$39)<ABS($B$42-$B$40),$B$41,$B$41+90) -> 1.4301902 | C43: 0°に近いほど X軸＝長手。大きくずれたら座標を回して入れ直す
A44: Xmin [mm] | B44: =MIN($B$5:$B$28) -> -55
A45: Xmax [mm] | B45: =MAX($B$5:$B$28) -> 55
A46: Ymin [mm] | B46: =MIN($C$5:$C$28) -> 0
A47: Ymax [mm] | B47: =MAX($C$5:$C$28) -> 55
A48: X方向の長さ [mm] | B48: =$B$45-$B$44 -> 110
A49: Y方向の長さ [mm] | B49: =$B$47-$B$46 -> 55
A50: 推奨 L（長手長さ）[mm] | B50: =MAX($B$48,$B$49) -> 110 | C50: はり（梁）の長さとして使う値
A51: 推奨 w（穴を引く前）[mm] | B51: =IF($B$50=0,0,$B$32/$B$50) -> 34.326273 | C51: 外形面積 ÷ 長さ ＝ 平均の幅
A53: ■ 穴（あな）の入力 ★ここに 2つの穴を入れます（最大4個）
A54: No | B54: 使用1/0 | C54: 中心X [mm] | D54: 中心Y [mm] | E54: 直径 d [mm] | F54: 穴面積 [mm²] | G54: Ixx寄与 [mm⁴] | H54: Iyy寄与 [mm⁴] | I54: メモ
A55: 1 | B55: 1 | C55: -18.93 | D55: 25.32 | E55: 14.67 | F55: =IF($B55=1,PI()*$E55^2/4,0) -> 169.02467 | G55: =IF($B55=1,PI()*$E55^4/64+$F55*($D55-$B$64)^2,0) -> 3903.0941 | H55: =IF($B55=1,PI()*$E55^4/64+$F55*($C55-$B$63)^2,0) -> 65076.568 | I55: a.jpg をトレースした例（全長110mm換算）。必ずノギスの実測値に置き換える 🔴
A56: 2 | B56: 1 | C56: 14.17 | D56: 28.85 | E56: 11.73 | F56: =IF($B56=1,PI()*$E56^2/4,0) -> 108.06521 | G56: =IF($B56=1,PI()*$E56^4/64+$F56*($D56-$B$64)^2,0) -> 948.82802 | H56: =IF($B56=1,PI()*$E56^4/64+$F56*($C56-$B$63)^2,0) -> 21581.09 | I56: a.jpg をトレースした例（全長110mm換算）。必ずノギスの実測値に置き換える 🔴
A57: 3 | B57: 0 | F57: =IF($B57=1,PI()*$E57^2/4,0) -> 0 | G57: =IF($B57=1,PI()*$E57^4/64+$F57*($D57-$B$64)^2,0) -> 0 | H57: =IF($B57=1,PI()*$E57^4/64+$F57*($C57-$B$63)^2,0) -> 0 | I57: 予備（3つ目・4つ目の穴があるとき使う）
A58: 4 | B58: 0 | F58: =IF($B58=1,PI()*$E58^2/4,0) -> 0 | G58: =IF($B58=1,PI()*$E58^4/64+$F58*($D58-$B$64)^2,0) -> 0 | H58: =IF($B58=1,PI()*$E58^4/64+$F58*($C58-$B$63)^2,0) -> 0 | I58: 予備（3つ目・4つ目の穴があるとき使う）
A60: ■ 穴を引いたあとの「正味（しょうみ）」の値（ここから先の計算はぜんぶこれを使います）
A61: 穴の合計面積 [mm²] | B61: =SUM($F$55:$F$58) -> 277.08989 | C61: π/4 × d² の合計
A62: 正味面積 A_net [mm²] | B62: =$B$32-$B$61 -> 3498.8002 | C62: 外形面積 − 穴 🟢
A63: 正味 重心 Cx [mm] | B63: =IF($B$62=0,0,($B$32*$B$34-SUMPRODUCT($F$55:$F$58,$C$55:$C$58))/$B$62) -> 0.34593523 | C63: 穴があると重心もずれる 🟢
A64: 正味 重心 Cy [mm] | B64: =IF($B$62=0,0,($B$32*$B$35-SUMPRODUCT($F$55:$F$58,$D$55:$D$58))/$B$62) -> 28.425045 | C64: 同上
A65: 正味 Ixx [mm⁴] | B65: =($B$36+$B$32*($B$35-$B$64)^2)-SUM($G$55:$G$58) -> 566740.12 | C65: 平行軸の定理で正味重心まわりに直してから穴を引く 🟢
A66: 正味 Iyy [mm⁴] | B66: =($B$37+$B$32*($B$34-$B$63)^2)-SUM($H$55:$H$58) -> 2561825 | C66: 同上
A67: 穴による面積の減り [%] | B67: =IF($B$32=0,0,$B$61/$B$32*100) -> 7.3383992 | C67: そのまま質量の減りに効きます
A68: 穴による Ixx の減り [%] | B68: =IF($B$36=0,0,(1-$B$65/$B$36)*100) -> 0.83830598 | C68: 面内曲げの剛性がどれだけ落ちるか
A70: ■ 実際に使う寸法（自動採用。手で上書きしたいときだけ D列 に数値を書く）
A71: 採用 L（長手長さ）[mm] | B71: =IF($D$71="",$B$50,$D$71) -> 110 | C71: ← 手入力で上書き:
A72: 採用 w（正味の等価幅）[mm] | B72: =IF($D$72="",IF($B$71=0,0,$B$62/$B$71),$D$72) -> 31.807274 | C72: ← 手入力で上書き:
A73: 採用 Ixx（正味）[mm⁴] | B73: =IF($D$73="",$B$65,$D$73) -> 566740.12 | C73: ← 手入力で上書き:
A75: ■ 入力チェック（ここが🟢でなければ先へ進まないこと）
A76: 入隅（凹み）の数 | B76: =COUNTIF($T$5:$T$28,"入隅(凹)") -> 7 | C76: スリット・爪・耳があると入隅ができる。0なら完全な凸多角形
A77: 内角の合計 [°] | B77: =SUM($R$5:$R$28) -> 3600 | C77: 多角形の内角の和
A78: 内角合計の理論値 [°] | B78: =($F$2-2)*180 -> 3600 | C78: (N−2)×180
A79: 頂点の並び チェック | B79: =IF(ABS($B$77-$B$78)<0.5,"🟢 OK","🔴 NG：頂点を外周に沿った順番に並べ直す") -> 🟢 OK | C79: NGなら飛び飛びの順番になっています
A80: 穴のはみ出し チェック | B80: =IF($B$61>=$B$32,"🔴 NG：穴の合計面積が外形面積以上です","🟢 OK") -> 🟢 OK | C80: 直径の入れ間違い（半径を入れた等）を検出
A81: アスペクト比 L/w | B81: =IF($B$72=0,0,$B$71/$B$72) -> 3.4583284 | C81: 3以上なら「はり」として扱える。2未満なら板として扱うべき 🟡
A82: はり近似の妥当性 | B82: =IF($B$81>=4,"🟢 はり近似OK",IF($B$81>=2.5,"🟡 誤差やや大","🔴 板理論/FEM推奨")) -> 🟡 誤差やや大 | C82: 細長いほど「1本の棒」とみなせる
A84: ■ 穴を入れると何が変わるのか（考え方）
A85: ① 面積が減る → 質量が減る → ρA（1mあたりの重さ）が減る → 周波数は上がる方向
A86: ② 断面二次モーメントが減る → 曲げ剛性 EI が減る → 周波数は下がる方向
A87: ③ 実際は ①と②が綱引きします。穴が中央（曲げの腹）にあるほど②が勝ち、端にあるほど①が勝ちます。
A88: ④ このブックは「長さ方向に平均した」扱いです。穴の位置による効き方の違いまでは見ていません（🟡）。
A89: 位置の効きまで欲しくなったら、そこが FEM に移るタイミングです。

Sheet 断面
A1: ② 断面（積層）— シム＋裏板（＋任意で接着/固定層）を1本の「はり」に合成 ※摩擦材は含みません
A2: 変換断面法（へんかんだんめんほう／transformed section）で 曲げ剛性EI・単位長さ質量ρA・中立軸（ちゅうりつじく）を求める 🟢
A3: 幅 w [m]（＝形状の採用w：穴を引いた正味） | D3: =形状!$B$72/1000 -> 0.031807274 | E3: 形状シート B72 と連動
A4: 長さ L [m]（＝形状の採用L） | D4: =形状!$B$71/1000 -> 0.11 | E4: 形状シート B71 と連動
A5: 正味 投影面積 [m²]（穴を引いた値） | D5: =形状!$B$62/1000000 -> 0.0034988002 | E5: 質量の計算に使う
A6: 正味 Ixx [m⁴]（穴を引いた値） | D6: =形状!$B$73/1000000000000 -> 5.6674012e-07 | E6: 面内曲げ剛性に使う（形状Ixx版）
A7: 面内EI の計算方式（1＝形状Ixx版・推奨 / 0＝長方形近似） | D7: 1 | E7: 1 にすると、耳・爪・穴まで含めた実形状の断面二次モーメントを使います 🟢
A9: 層（下から順） | B9: 使用1/0 | C9: 材料名（材料DBと同じ文字） | D9: 厚さ t [mm] | E9: E [GPa] | F9: ρ [kg/m³] | G9: ν | H9: η | I9: t [m] | J9: 下端y [m] | K9: 中心y [m] | L9: E·A [N] | M9: E·A·y | N9: ρ·A [kg/m] | O9: EI項(面外) | P9: EI項(面内・長方形) | Q9: EI項(面内・形状Ixx) | R9: E·A(軸) | S9: η·EI項
A10: 1: シム | B10: 0 | C10: シム鋼板 SPCC | D10: 0.8 | E10: =IFERROR(INDEX(材料DB!$B$5:$B$45,MATCH($C10,材料DB!$A$5:$A$45,0)),0) -> 205 | F10: =IFERROR(INDEX(材料DB!$C$5:$C$45,MATCH($C10,材料DB!$A$5:$A$45,0)),0) -> 7850 | G10: =IFERROR(INDEX(材料DB!$D$5:$D$45,MATCH($C10,材料DB!$A$5:$A$45,0)),0) -> 0.3 | H10: =IFERROR(INDEX(材料DB!$E$5:$E$45,MATCH($C10,材料DB!$A$5:$A$45,0)),0) -> 0.0002 | I10: =IF($B10=1,$D10/1000,0) -> 0 | J10: =0 -> 0 | K10: =J10+I10/2 -> 0 | L10: =E10*1000000000*$D$3*I10 -> 0 | M10: =L10*K10 -> 0 | N10: =F10*$D$3*I10 -> 0 | O10: =E10*1000000000*$D$3*(I10^3/12+I10*(K10-$D$16)^2) -> 0 | P10: =E10*1000000000*(I10*$D$3^3/12) -> 0 | Q10: =IF($D$4=0,0,E10*1000000000*I10*$D$6/$D$4) -> 0 | R10: =L10 -> 0 | S10: =H10*O10 -> 0
A11: 2: 裏板 | B11: 1 | C11: 鋼 SPCC(裏板) | D11: 5 | E11: =IFERROR(INDEX(材料DB!$B$5:$B$45,MATCH($C11,材料DB!$A$5:$A$45,0)),0) -> 205 | F11: =IFERROR(INDEX(材料DB!$C$5:$C$45,MATCH($C11,材料DB!$A$5:$A$45,0)),0) -> 7850 | G11: =IFERROR(INDEX(材料DB!$D$5:$D$45,MATCH($C11,材料DB!$A$5:$A$45,0)),0) -> 0.3 | H11: =IFERROR(INDEX(材料DB!$E$5:$E$45,MATCH($C11,材料DB!$A$5:$A$45,0)),0) -> 0.0002 | I11: =IF($B11=1,$D11/1000,0) -> 0.005 | J11: =J10+I10 -> 0 | K11: =J11+I11/2 -> 0.0025 | L11: =E11*1000000000*$D$3*I11 -> 32602456 | M11: =L11*K11 -> 81506.14 | N11: =F11*$D$3*I11 -> 1.2484355 | O11: =E11*1000000000*$D$3*(I11^3/12+I11*(K11-$D$16)^2) -> 67.921783 | P11: =E11*1000000000*(I11*$D$3^3/12) -> 2748.6661 | Q11: =IF($D$4=0,0,E11*1000000000*I11*$D$6/$D$4) -> 5280.9875 | R11: =L11 -> 32602456 | S11: =H11*O11 -> 0.013584357
A12: 3: 接着/固定(任意) | B12: 0 | C12: 接着層(汎用/シム固定用) | D12: 0.2 | E12: =IFERROR(INDEX(材料DB!$B$5:$B$45,MATCH($C12,材料DB!$A$5:$A$45,0)),0) -> 3 | F12: =IFERROR(INDEX(材料DB!$C$5:$C$45,MATCH($C12,材料DB!$A$5:$A$45,0)),0) -> 1300 | G12: =IFERROR(INDEX(材料DB!$D$5:$D$45,MATCH($C12,材料DB!$A$5:$A$45,0)),0) -> 0.35 | H12: =IFERROR(INDEX(材料DB!$E$5:$E$45,MATCH($C12,材料DB!$A$5:$A$45,0)),0) -> 0.08 | I12: =IF($B12=1,$D12/1000,0) -> 0 | J12: =J11+I11 -> 0.005 | K12: =J12+I12/2 -> 0.005 | L12: =E12*1000000000*$D$3*I12 -> 0 | M12: =L12*K12 -> 0 | N12: =F12*$D$3*I12 -> 0 | O12: =E12*1000000000*$D$3*(I12^3/12+I12*(K12-$D$16)^2) -> 0 | P12: =E12*1000000000*(I12*$D$3^3/12) -> 0 | Q12: =IF($D$4=0,0,E12*1000000000*I12*$D$6/$D$4) -> 0 | R12: =L12 -> 0 | S12: =H12*O12 -> 0
A14: ■ 合成結果
A15: ΣE·A [N] | D15: =SUM($L$10:$L$12) -> 32602456 | E15: 各層の 弾性率×断面積 の合計
A16: 中立軸 ȳ [m] | D16: =IF($D$15=0,0,SUM($M$10:$M$12)/$D$15) -> 0.0025 | E16: 曲げても伸び縮みしない高さ。下端からの距離 🟢
A17: EI 面外曲げ [N·m²] | D17: =SUM($O$10:$O$12) -> 67.921783 | E17: 厚み方向にたわむ剛性。主モードはこれ 🟢
A18: EI 面内（長方形近似）[N·m²] | D18: =SUM($P$10:$P$12) -> 2748.6661 | E18: w³/12 で近似したもの（参考）
A19: EI 面内（形状Ixx版）[N·m²] | D19: =SUM($Q$10:$Q$12) -> 5280.9875 | E19: 耳・爪・穴を含む実形状から。こちらが正確 🟢
A20: ★採用 EI 面内 [N·m²] | D20: =IF($D$7=1,$D$19,$D$18) -> 5280.9875 | E20: D7 のスイッチで切替
A21: EA 軸 [N] | D21: =SUM($R$10:$R$12) -> 32602456 | E21: 伸び縮みの剛性 🟢
A22: ρA 単位長さ質量 [kg/m] | D22: =SUM($N$10:$N$12) -> 1.2484355 | E22: 1mあたりの重さ 🟢
A23: 総厚 h [m] | D23: =SUM($I$10:$I$12) -> 0.005 | E23: 使用する層の厚さ合計
A24: 等価ヤング率 E_eq(面外) [GPa] | D24: =IF($D$23=0,0,$D$17/($D$3*$D$23^3/12)/1000000000) -> 205 | E24: 1枚板とみなしたときの見かけのE
A25: 等価密度 ρ_eq [kg/m³] | D25: =IF($D$23=0,0,$D$22/($D$3*$D$23)) -> 7850 | E25: 1枚板とみなしたときの見かけのρ
A26: 等価ポアソン比 ν_eq | D26: =IF($D$15=0,0.3,SUMPRODUCT($G$10:$G$12,$L$10:$L$12)/$D$15) -> 0.3 | E26: E·Aで重み付け平均
A27: 等価せん断弾性率 G_eq [Pa] | D27: =$D$24*1000000000/(2*(1+$D$26)) -> 7.8846154e+10 | E27: G＝E/(2(1+ν)) 🟢
A28: ねじり係数 β | D28: =IF($D$3<=0,0,(1/3)*(1-0.63*($D$23/$D$3)+0.052*($D$23/$D$3)^5)) -> 0.30032368 | E28: 長方形断面のねじり定数 J=β·w·h³ 🟢 Roark近似
A29: GJ ねじり剛性 [N·m²] | D29: =$D$27*$D$28*$D$3*$D$23^3 -> 94.147015 | E29: ねじりにくさ 🟡（積層は近似）
A30: ρIp 単位長さ極慣性 [kg·m] | D30: =$D$22*($D$3^2+$D$23^2)/12 -> 0.0001078547 | E30: ねじりの回りにくさ 🟡
A31: 合成損失係数 η_eq | D31: =IF($D$17=0,0,SUM($S$10:$S$12)/$D$17) -> 0.0002 | E31: EI重み付け平均（RKU法の簡易版）🟡
A32: 予測 質量 [g] | D32: =SUMPRODUCT($F$10:$F$12,$I$10:$I$12)*$D$5*1000 -> 137.32791 | E32: 厚さ・密度・正味面積から計算した値
A33: ★ 実測 質量 [g]（電子天秤） | E33: 0.1g まで測って入力。ここが最強のデバッグ手段です
A34: 質量の差 [%] | D34: =IF(OR($D$33="",$D$33=0),"",($D$33/$D$32-1)*100)
A35: 質量チェック 判定 | D35: =IF(NOT(ISNUMBER($D$34)),"← D33 に実測質量を入力",IF(ABS($D$34)<=3,"🟢 一致（厚さ・材質・形状OK）",IF(ABS($D$34)<=8,"🟡 やや不一致（厚さを再測定）","🔴 不一致：厚さ・材質・座標のどれかが違う"))) -> ← D33 に実測質量を入力
A37: ■ 中立軸の意味（ここが一番の勘どころ）
A38: 曲げると、上側は縮み・下側は伸びます。その境目で「伸びも縮みもしない面」が中立軸（ちゅうりつじく）です。
A39: このブックはシム（任意）＋裏板だけなので、シムをOFFにしていれば中立軸はちょうど裏板の真ん中に来ます。
A40: 摩擦材が無いぶん、剛性EIは下がりますが、質量ρAはもっと大きく下がります。f ∝ √(EI/ρA) なので、
A41: 結果として金属部だけの固有振動数は、摩擦材付きよりかなり高く出ます（体感で1.5〜2倍程度）。
A42: 裏板を 5.0mm → 6.0mm にすると EI は (6/5)³＝1.73倍、質量は1.2倍なので、周波数は約 √(1.73/1.2)＝1.2倍に上がります。
A44: ■ 面内EI の2つの計算方式のちがい（D7で切替）
A45: 0＝長方形近似： EI = Σ E·t·w³/12。パッドをただの長方形とみなす昔ながらのやり方。手計算で検算しやすい。
A46: 1＝形状Ixx版 ： EI = Σ E·t·(Ixx_net / L)。耳・爪・穴まで含めた本当の断面二次モーメントを使う。
A47: どちらが正しい？ → 面内曲げは「上下（半径方向）に波打つ」変形なので、形が効きます。1（形状Ixx版）が実物に近いです。
A48: 両方を見比べて、差が大きいほど「長方形とみなすのは無理がある形」だと分かります。

Sheet 固有振動数
A1: ③ 固有振動数の予測（自由−自由：ピアノ線で吊った状態）
A2: 4系統：①面外曲げ ②ねじり ③面内曲げ ④面内伸縮。せん断変形（Timoshenko）補正つき。単位は Hz
A3: 損失係数 η（空欄→断面シートの合成値） | E3: =IF($D$3="",断面!$D$31,$D$3) -> 0.0002 | F3: せん断補正 使う=1 / 使わない=0 | I3: 1 | J3: κ(長方形=5/6) | K3: =5/6 -> 0.83333333 | L3: スペクトル描画用 η の下限 | N3: 0.01
A4: 回転半径 r_out [m] = h/√12 | D4: =断面!$D$23/SQRT(12) -> 0.0014433757 | E4: r_in = w/√12 | F4: =断面!$D$3/SQRT(12) -> 0.0091819692 | G4: 1+E/(κG) | H4: =1+2*(1+断面!$D$26)/$K$3 -> 4.12
A5: # | B5: モード種別 | C5: n | D5: 係数 (βL) or n | E5: (βL)² | F5: f Euler [Hz] | G5: せん断補正係数 | H5: f 補正後 [Hz] | I5: ★採用 f [Hz] | J5: 波長 λ [mm] | K5: λ/断面寸法 | L5: 妥当性 | M5: 備考 | N5: J2521帯域 | O5: f [Hz] | P5: η | Q5: 振幅 A | R5: モード名
A6: 1 | B6: 面外曲げ | C6: 1 | D6: 4.730041 | E6: =D6^2 -> 22.373288 | F6: =IFERROR(E6/(2*PI()*断面!$D$4^2)*SQRT(断面!$D$17/断面!$D$22),0) -> 2170.6313 | G6: =IFERROR(1/SQRT(1+E6*($D$4/断面!$D$4)^2*$H$4),1) -> 0.9921578 | H6: =F6*G6 -> 2153.6087 | I6: =IF($I$3=1,H6,F6) -> 2153.6087 | J6: =IFERROR(2*PI()*断面!$D$4/D6*1000,0) -> 146.11932 | K6: =IFERROR(J6/(断面!$D$23*1000),0) -> 29.223864 | L6: =IF(K6>=6,"🟢 良",IF(K6>=3,"🟡 誤差±10%程度","🔴 参考値のみ")) -> 🟢 良 | M6: 板が反（そ）るように曲がる。鳴きの主役 🟢 | N6: =IF(AND(I6>=1250,I6<=16000),"○ 帯域内","− 帯域外") -> ○ 帯域内 | O6: =IF(I6<=0,1000000000,I6) -> 2153.6087 | P6: =MAX($E$3,$N$3) -> 0.01 | Q6: 1 | R6: =B6&" "&C6&"次" -> 面外曲げ 1次
A7: 2 | B7: 面外曲げ | C7: 2 | D7: 7.853205 | E7: =D7^2 -> 61.672829 | F7: =IFERROR(E7/(2*PI()*断面!$D$4^2)*SQRT(断面!$D$17/断面!$D$22),0) -> 5983.4286 | G7: =IFERROR(1/SQRT(1+E7*($D$4/断面!$D$4)^2*$H$4),1) -> 0.97881821 | H7: =F7*G7 -> 5856.6889 | I7: =IF($I$3=1,H7,F7) -> 5856.6889 | J7: =IFERROR(2*PI()*断面!$D$4/D7*1000,0) -> 88.008703 | K7: =IFERROR(J7/(断面!$D$23*1000),0) -> 17.601741 | L7: =IF(K7>=6,"🟢 良",IF(K7>=3,"🟡 誤差±10%程度","🔴 参考値のみ")) -> 🟢 良 | M7: 板が反（そ）るように曲がる。鳴きの主役 🟢 | N7: =IF(AND(I7>=1250,I7<=16000),"○ 帯域内","− 帯域外") -> ○ 帯域内 | O7: =IF(I7<=0,1000000000,I7) -> 5856.6889 | P7: =MAX($E$3,$N$3) -> 0.01 | Q7: 1 | R7: =B7&" "&C7&"次" -> 面外曲げ 2次
A8: 3 | B8: 面外曲げ | C8: 3 | D8: 10.995608 | E8: =D8^2 -> 120.9034 | F8: =IFERROR(E8/(2*PI()*断面!$D$4^2)*SQRT(断面!$D$17/断面!$D$22),0) -> 11729.912 | G8: =IFERROR(1/SQRT(1+E8*($D$4/断面!$D$4)^2*$H$4),1) -> 0.95969254 | H8: =F8*G8 -> 11257.109 | I8: =IF($I$3=1,H8,F8) -> 11257.109 | J8: =IFERROR(2*PI()*断面!$D$4/D8*1000,0) -> 62.85695 | K8: =IFERROR(J8/(断面!$D$23*1000),0) -> 12.57139 | L8: =IF(K8>=6,"🟢 良",IF(K8>=3,"🟡 誤差±10%程度","🔴 参考値のみ")) -> 🟢 良 | M8: 板が反（そ）るように曲がる。鳴きの主役 🟢 | N8: =IF(AND(I8>=1250,I8<=16000),"○ 帯域内","− 帯域外") -> ○ 帯域内 | O8: =IF(I8<=0,1000000000,I8) -> 11257.109 | P8: =MAX($E$3,$N$3) -> 0.01 | Q8: 1 | R8: =B8&" "&C8&"次" -> 面外曲げ 3次
A9: 4 | B9: 面外曲げ | C9: 4 | D9: 14.137165 | E9: =D9^2 -> 199.85943 | F9: =IFERROR(E9/(2*PI()*断面!$D$4^2)*SQRT(断面!$D$17/断面!$D$22),0) -> 19390.138 | G9: =IFERROR(1/SQRT(1+E9*($D$4/断面!$D$4)^2*$H$4),1) -> 0.93585811 | H9: =F9*G9 -> 18146.418 | I9: =IF($I$3=1,H9,F9) -> 18146.418 | J9: =IFERROR(2*PI()*断面!$D$4/D9*1000,0) -> 48.888896 | K9: =IFERROR(J9/(断面!$D$23*1000),0) -> 9.7777791 | L9: =IF(K9>=6,"🟢 良",IF(K9>=3,"🟡 誤差±10%程度","🔴 参考値のみ")) -> 🟢 良 | M9: 板が反（そ）るように曲がる。鳴きの主役 🟢 | N9: =IF(AND(I9>=1250,I9<=16000),"○ 帯域内","− 帯域外") -> − 帯域外 | O9: =IF(I9<=0,1000000000,I9) -> 18146.418 | P9: =MAX($E$3,$N$3) -> 0.01 | Q9: 1 | R9: =B9&" "&C9&"次" -> 面外曲げ 4次
A10: 5 | B10: 面外曲げ | C10: 5 | D10: 17.27876 | E10: =D10^2 -> 298.55555 | F10: =IFERROR(E10/(2*PI()*断面!$D$4^2)*SQRT(断面!$D$17/断面!$D$22),0) -> 28965.524 | G10: =IFERROR(1/SQRT(1+E10*($D$4/断面!$D$4)^2*$H$4),1) -> 0.908421 | H10: =F10*G10 -> 26312.89 | I10: =IF($I$3=1,H10,F10) -> 26312.89 | J10: =IFERROR(2*PI()*断面!$D$4/D10*1000,0) -> 39.999999 | K10: =IFERROR(J10/(断面!$D$23*1000),0) -> 7.9999998 | L10: =IF(K10>=6,"🟢 良",IF(K10>=3,"🟡 誤差±10%程度","🔴 参考値のみ")) -> 🟢 良 | M10: 板が反（そ）るように曲がる。鳴きの主役 🟢 | N10: =IF(AND(I10>=1250,I10<=16000),"○ 帯域内","− 帯域外") -> − 帯域外 | O10: =IF(I10<=0,1000000000,I10) -> 26312.89 | P10: =MAX($E$3,$N$3) -> 0.01 | Q10: 1 | R10: =B10&" "&C10&"次" -> 面外曲げ 5次
A11: 6 | B11: 面外曲げ | C11: 6 | D11: 20.420352 | E11: =D11^2 -> 416.99078 | F11: =IFERROR(E11/(2*PI()*断面!$D$4^2)*SQRT(断面!$D$17/断面!$D$22),0) -> 40455.977 | G11: =IFERROR(1/SQRT(1+E11*($D$4/断面!$D$4)^2*$H$4),1) -> 0.8784785 | H11: =F11*G11 -> 35539.706 | I11: =IF($I$3=1,H11,F11) -> 35539.706 | J11: =IFERROR(2*PI()*断面!$D$4/D11*1000,0) -> 33.846154 | K11: =IFERROR(J11/(断面!$D$23*1000),0) -> 6.7692309 | L11: =IF(K11>=6,"🟢 良",IF(K11>=3,"🟡 誤差±10%程度","🔴 参考値のみ")) -> 🟢 良 | M11: 板が反（そ）るように曲がる。鳴きの主役 🟢 | N11: =IF(AND(I11>=1250,I11<=16000),"○ 帯域内","− 帯域外") -> − 帯域外 | O11: =IF(I11<=0,1000000000,I11) -> 35539.706 | P11: =MAX($E$3,$N$3) -> 0.01 | Q11: 1 | R11: =B11&" "&C11&"次" -> 面外曲げ 6次
A12: 7 | B12: ねじり | C12: 1 | D12: 1 | E12: =D12^2 -> 1 | F12: =IFERROR(D12/(2*断面!$D$4)*SQRT(断面!$D$29/断面!$D$30),0) -> 4246.7926 | G12: =1 -> 1 | H12: =F12*G12 -> 4246.7926 | I12: =IF($I$3=1,H12,F12) -> 4246.7926 | J12: =IFERROR(2*断面!$D$4/D12*1000,0) -> 220 | K12: =IFERROR(J12/(MAX(断面!$D$3,断面!$D$23)*1000),0) -> 6.9166568 | L12: =IF(K12>=6,"🟢 良",IF(K12>=3,"🟡 誤差±10%程度","🔴 参考値のみ")) -> 🟢 良 | M12: 板がねじれる。1次ねじりは1次曲げの近くに出やすい 🟡 | N12: =IF(AND(I12>=1250,I12<=16000),"○ 帯域内","− 帯域外") -> ○ 帯域内 | O12: =IF(I12<=0,1000000000,I12) -> 4246.7926 | P12: =MAX($E$3,$N$3) -> 0.01 | Q12: 1 | R12: =B12&" "&C12&"次" -> ねじり 1次
A13: 8 | B13: ねじり | C13: 2 | D13: 2 | E13: =D13^2 -> 4 | F13: =IFERROR(D13/(2*断面!$D$4)*SQRT(断面!$D$29/断面!$D$30),0) -> 8493.5852 | G13: =1 -> 1 | H13: =F13*G13 -> 8493.5852 | I13: =IF($I$3=1,H13,F13) -> 8493.5852 | J13: =IFERROR(2*断面!$D$4/D13*1000,0) -> 110 | K13: =IFERROR(J13/(MAX(断面!$D$3,断面!$D$23)*1000),0) -> 3.4583284 | L13: =IF(K13>=6,"🟢 良",IF(K13>=3,"🟡 誤差±10%程度","🔴 参考値のみ")) -> 🟡 誤差±10%程度 | M13: 板がねじれる。1次ねじりは1次曲げの近くに出やすい 🟡 | N13: =IF(AND(I13>=1250,I13<=16000),"○ 帯域内","− 帯域外") -> ○ 帯域内 | O13: =IF(I13<=0,1000000000,I13) -> 8493.5852 | P13: =MAX($E$3,$N$3) -> 0.01 | Q13: 1 | R13: =B13&" "&C13&"次" -> ねじり 2次
A14: 9 | B14: ねじり | C14: 3 | D14: 3 | E14: =D14^2 -> 9 | F14: =IFERROR(D14/(2*断面!$D$4)*SQRT(断面!$D$29/断面!$D$30),0) -> 12740.378 | G14: =1 -> 1 | H14: =F14*G14 -> 12740.378 | I14: =IF($I$3=1,H14,F14) -> 12740.378 | J14: =IFERROR(2*断面!$D$4/D14*1000,0) -> 73.333333 | K14: =IFERROR(J14/(MAX(断面!$D$3,断面!$D$23)*1000),0) -> 2.3055523 | L14: =IF(K14>=6,"🟢 良",IF(K14>=3,"🟡 誤差±10%程度","🔴 参考値のみ")) -> 🔴 参考値のみ | M14: 板がねじれる。1次ねじりは1次曲げの近くに出やすい 🟡 | N14: =IF(AND(I14>=1250,I14<=16000),"○ 帯域内","− 帯域外") -> ○ 帯域内 | O14: =IF(I14<=0,1000000000,I14) -> 12740.378 | P14: =MAX($E$3,$N$3) -> 0.01 | Q14: 1 | R14: =B14&" "&C14&"次" -> ねじり 3次
A15: 10 | B15: ねじり | C15: 4 | D15: 4 | E15: =D15^2 -> 16 | F15: =IFERROR(D15/(2*断面!$D$4)*SQRT(断面!$D$29/断面!$D$30),0) -> 16987.17 | G15: =1 -> 1 | H15: =F15*G15 -> 16987.17 | I15: =IF($I$3=1,H15,F15) -> 16987.17 | J15: =IFERROR(2*断面!$D$4/D15*1000,0) -> 55 | K15: =IFERROR(J15/(MAX(断面!$D$3,断面!$D$23)*1000),0) -> 1.7291642 | L15: =IF(K15>=6,"🟢 良",IF(K15>=3,"🟡 誤差±10%程度","🔴 参考値のみ")) -> 🔴 参考値のみ | M15: 板がねじれる。1次ねじりは1次曲げの近くに出やすい 🟡 | N15: =IF(AND(I15>=1250,I15<=16000),"○ 帯域内","− 帯域外") -> − 帯域外 | O15: =IF(I15<=0,1000000000,I15) -> 16987.17 | P15: =MAX($E$3,$N$3) -> 0.01 | Q15: 1 | R15: =B15&" "&C15&"次" -> ねじり 4次
A16: 11 | B16: 面内曲げ | C16: 1 | D16: 4.730041 | E16: =D16^2 -> 22.373288 | F16: =IFERROR(E16/(2*PI()*断面!$D$4^2)*SQRT(断面!$D$20/断面!$D$22),0) -> 19139.874 | G16: =IFERROR(1/SQRT(1+E16*($F$4/断面!$D$4)^2*$H$4),1) -> 0.78033047 | H16: =F16*G16 -> 14935.427 | I16: =IF($I$3=1,H16,F16) -> 14935.427 | J16: =IFERROR(2*PI()*断面!$D$4/D16*1000,0) -> 146.11932 | K16: =IFERROR(J16/(断面!$D$3*1000),0) -> 4.5938964 | L16: =IF(K16>=6,"🟢 良",IF(K16>=3,"🟡 誤差±10%程度","🔴 参考値のみ")) -> 🟡 誤差±10%程度 | M16: 面の中で（半径方向に）波打つ。5kHz以上で効く 🟢 | N16: =IF(AND(I16>=1250,I16<=16000),"○ 帯域内","− 帯域外") -> ○ 帯域内 | O16: =IF(I16<=0,1000000000,I16) -> 14935.427 | P16: =MAX($E$3,$N$3) -> 0.01 | Q16: 1 | R16: =B16&" "&C16&"次" -> 面内曲げ 1次
A17: 12 | B17: 面内曲げ | C17: 2 | D17: 7.853205 | E17: =D17^2 -> 61.672829 | F17: =IFERROR(E17/(2*PI()*断面!$D$4^2)*SQRT(断面!$D$20/断面!$D$22),0) -> 52759.8 | G17: =IFERROR(1/SQRT(1+E17*($F$4/断面!$D$4)^2*$H$4),1) -> 0.60079575 | H17: =F17*G17 -> 31697.864 | I17: =IF($I$3=1,H17,F17) -> 31697.864 | J17: =IFERROR(2*PI()*断面!$D$4/D17*1000,0) -> 88.008703 | K17: =IFERROR(J17/(断面!$D$3*1000),0) -> 2.7669363 | L17: =IF(K17>=6,"🟢 良",IF(K17>=3,"🟡 誤差±10%程度","🔴 参考値のみ")) -> 🔴 参考値のみ | M17: 面の中で（半径方向に）波打つ。5kHz以上で効く 🟢 | N17: =IF(AND(I17>=1250,I17<=16000),"○ 帯域内","− 帯域外") -> − 帯域外 | O17: =IF(I17<=0,1000000000,I17) -> 31697.864 | P17: =MAX($E$3,$N$3) -> 0.01 | Q17: 1 | R17: =B17&" "&C17&"次" -> 面内曲げ 2次
A18: 13 | B18: 面内曲げ | C18: 3 | D18: 10.995608 | E18: =D18^2 -> 120.9034 | F18: =IFERROR(E18/(2*PI()*断面!$D$4^2)*SQRT(断面!$D$20/断面!$D$22),0) -> 103430.3 | G18: =IFERROR(1/SQRT(1+E18*($F$4/断面!$D$4)^2*$H$4),1) -> 0.47294466 | H18: =F18*G18 -> 48916.806 | I18: =IF($I$3=1,H18,F18) -> 48916.806 | J18: =IFERROR(2*PI()*断面!$D$4/D18*1000,0) -> 62.85695 | K18: =IFERROR(J18/(断面!$D$3*1000),0) -> 1.9761816 | L18: =IF(K18>=6,"🟢 良",IF(K18>=3,"🟡 誤差±10%程度","🔴 参考値のみ")) -> 🔴 参考値のみ | M18: 面の中で（半径方向に）波打つ。5kHz以上で効く 🟢 | N18: =IF(AND(I18>=1250,I18<=16000),"○ 帯域内","− 帯域外") -> − 帯域外 | O18: =IF(I18<=0,1000000000,I18) -> 48916.806 | P18: =MAX($E$3,$N$3) -> 0.01 | Q18: 1 | R18: =B18&" "&C18&"次" -> 面内曲げ 3次
A19: 14 | B19: 面内曲げ | C19: 4 | D19: 14.137165 | E19: =D19^2 -> 199.85943 | F19: =IFERROR(E19/(2*PI()*断面!$D$4^2)*SQRT(断面!$D$20/断面!$D$22),0) -> 170975.52 | G19: =IFERROR(1/SQRT(1+E19*($F$4/断面!$D$4)^2*$H$4),1) -> 0.38526256 | H19: =F19*G19 -> 65870.465 | I19: =IF($I$3=1,H19,F19) -> 65870.465 | J19: =IFERROR(2*PI()*断面!$D$4/D19*1000,0) -> 48.888896 | K19: =IFERROR(J19/(断面!$D$3*1000),0) -> 1.5370351 | L19: =IF(K19>=6,"🟢 良",IF(K19>=3,"🟡 誤差±10%程度","🔴 参考値のみ")) -> 🔴 参考値のみ | M19: 面の中で（半径方向に）波打つ。5kHz以上で効く 🟢 | N19: =IF(AND(I19>=1250,I19<=16000),"○ 帯域内","− 帯域外") -> − 帯域外 | O19: =IF(I19<=0,1000000000,I19) -> 65870.465 | P19: =MAX($E$3,$N$3) -> 0.01 | Q19: 1 | R19: =B19&" "&C19&"次" -> 面内曲げ 4次
A20: 15 | B20: 面内伸縮 | C20: 1 | D20: 1 | E20: =D20^2 -> 1 | F20: =IFERROR(D20/(2*断面!$D$4)*SQRT(断面!$D$21/断面!$D$22),0) -> 23228.407 | G20: =1 -> 1 | H20: =F20*G20 -> 23228.407 | I20: =IF($I$3=1,H20,F20) -> 23228.407 | J20: =IFERROR(2*断面!$D$4/D20*1000,0) -> 220 | K20: =IFERROR(J20/(MAX(断面!$D$3,断面!$D$23)*1000),0) -> 6.9166568 | L20: =IF(K20>=6,"🟢 良",IF(K20>=3,"🟡 誤差±10%程度","🔴 参考値のみ")) -> 🟢 良 | M20: 円周方向に伸び縮み。10kHz超の高音鳴きに関与 🟢 | N20: =IF(AND(I20>=1250,I20<=16000),"○ 帯域内","− 帯域外") -> − 帯域外 | O20: =IF(I20<=0,1000000000,I20) -> 23228.407 | P20: =MAX($E$3,$N$3) -> 0.01 | Q20: 1 | R20: =B20&" "&C20&"次" -> 面内伸縮 1次
A21: 16 | B21: 面内伸縮 | C21: 2 | D21: 2 | E21: =D21^2 -> 4 | F21: =IFERROR(D21/(2*断面!$D$4)*SQRT(断面!$D$21/断面!$D$22),0) -> 46456.813 | G21: =1 -> 1 | H21: =F21*G21 -> 46456.813 | I21: =IF($I$3=1,H21,F21) -> 46456.813 | J21: =IFERROR(2*断面!$D$4/D21*1000,0) -> 110 | K21: =IFERROR(J21/(MAX(断面!$D$3,断面!$D$23)*1000),0) -> 3.4583284 | L21: =IF(K21>=6,"🟢 良",IF(K21>=3,"🟡 誤差±10%程度","🔴 参考値のみ")) -> 🟡 誤差±10%程度 | M21: 円周方向に伸び縮み。10kHz超の高音鳴きに関与 🟢 | N21: =IF(AND(I21>=1250,I21<=16000),"○ 帯域内","− 帯域外") -> − 帯域外 | O21: =IF(I21<=0,1000000000,I21) -> 46456.813 | P21: =MAX($E$3,$N$3) -> 0.01 | Q21: 1 | R21: =B21&" "&C21&"次" -> 面内伸縮 2次
A22: 17 | B22: 面内伸縮 | C22: 3 | D22: 3 | E22: =D22^2 -> 9 | F22: =IFERROR(D22/(2*断面!$D$4)*SQRT(断面!$D$21/断面!$D$22),0) -> 69685.22 | G22: =1 -> 1 | H22: =F22*G22 -> 69685.22 | I22: =IF($I$3=1,H22,F22) -> 69685.22 | J22: =IFERROR(2*断面!$D$4/D22*1000,0) -> 73.333333 | K22: =IFERROR(J22/(MAX(断面!$D$3,断面!$D$23)*1000),0) -> 2.3055523 | L22: =IF(K22>=6,"🟢 良",IF(K22>=3,"🟡 誤差±10%程度","🔴 参考値のみ")) -> 🔴 参考値のみ | M22: 円周方向に伸び縮み。10kHz超の高音鳴きに関与 🟢 | N22: =IF(AND(I22>=1250,I22<=16000),"○ 帯域内","− 帯域外") -> − 帯域外 | O22: =IF(I22<=0,1000000000,I22) -> 69685.22 | P22: =MAX($E$3,$N$3) -> 0.01 | Q22: 1 | R22: =B22&" "&C22&"次" -> 面内伸縮 3次
A24: ■ 使っている式（🟢＝教科書どおり／🟡＝妥当な近似）
A25: 面外曲げ・面内曲げ | C25: f = (βL)² /(2π L²) × √(EI / ρA) | G25: 自由−自由はり（Euler-Bernoulli）。βL = 4.7300, 7.8532, 10.9956, 14.1372, 17.2788, 20.4204（cos(βL)cosh(βL)=1 の解） 🟢
A26: 周波数の比 | C26: f₁ : f₂ : f₃ : f₄ = 1 : 2.757 : 5.404 : 8.933 | G26: 実測がこの比から外れたら「曲げモードではない」or「せん断が効いている」 🟢
A27: せん断補正 | C27: f補正 = f / √(1 + (βL)²·(r/L)²·(1 + E/(κG))) | G27: Timoshenkoの一次近似。r＝断面回転半径, κ＝5/6。高次ほど大きく下がる 🟡
A28: ねじり | C28: f = n /(2L) × √(GJ / ρIp) | G28: 自由−自由ねじり棒。J＝β·w·h³、β＝(1/3)(1−0.630(h/w)+0.052(h/w)⁵) 🟢/🟡
A29: 面内伸縮 | C29: f = n /(2L) × √(EA / ρA) | G29: 自由−自由の縦振動。棒の中の音速 c＝√(E/ρ) の半波長ずつ 🟢
A30: 波長 | C30: λ = 2πL/(βL)（曲げ）、λ = 2L/n（ねじり・伸縮） | G30: λ/断面寸法 が小さいほど1次元はり近似が苦しい。6以上あれば安心 🟢
A31: 最重要の性質 | C31: f ∝ h / L²（均質1枚板のとき） | G31: 厚さ2倍→周波数2倍。長さ2倍→周波数1/4。設計で一番効くのは L（長さ） 🟢
A33: ■ 感度（どこをいじると何Hz動くか）
A34: 長さ L を x 倍 → 面外曲げは 1/x² 倍。L が 5% 伸びるだけで周波数は約 9% 下がる（最も効く）
A35: 板厚 t を x 倍 → EI は x³、質量は x なので周波数はおよそ x 倍
A36: 穴を大きくする → 質量も剛性も減る。中央の穴は剛性側が勝つので周波数は下がる方向 🟡
A37: ヤング率 E を x 倍 → 周波数は √x 倍（鋼なら 190〜210GPa の幅＝周波数±2.6%）
A38: ⚠ せん断補正を OFF にすると高次モードを 20〜50% 高く出します。実測と合わないときはまずここを疑う
A40: ■ 金属部だけを測るときのコツ
A41: ・N3「スペクトル描画用 η の下限」は グラフを見やすくするための表示専用の値です（既定0.01）。実測では吊り・空気・窓の影響で必ずこの程度以上になります。物理的な減衰そのものは D3/E3 のηです。
A42: ・裏板は摩擦材付きより 減衰（げんすい）が桁違いに小さい（η≒0.0002）。ピークが鋭いので、周波数分解能 Δf を細かくしないと山を取り逃します。→「測定計画」シートへ
A43: ・鋭いピーク＝長く鳴り続ける。ハンマリングの指数窓（exponential window）を強くかけると減衰を大きく間違えます。周波数だけなら問題ありません。
A44: ・裏板は軽いので、加振器やセンサの質量負荷（マスローディング）が効きます。非接触のレーザー（PSV-400）で受けるのは正解です。
A45: ・耳（角）を叩くと、曲げもねじりも同時に出ます。中央（重心）を叩くと、ねじりと偶数次曲げが原理的に出ません。

Sheet スペクトル
A1: ④ スペクトル（FFT画面と同じ形のグラフ用データ）
A2: 各モードを1自由度系として複素数で足し合わせ、応答の大きさ |H(f)| を作る 🟢 ※金属部は減衰が小さいのでピークが鋭く出ます
A3: 開始周波数 [Hz] | C3: 0 | D3: 刻み Δf [Hz] | F3: 20 | G3: 点数 | H3: 2001 | I3: dB基準値 | K3: 1 | L3: ※ 既定は 0〜40000 Hz。ピークを拡大したいときは 開始=8000, Δf=1 のように変える
A5: 周波数 f [Hz] | B5: 実部 Re | C5: 虚部 Im | D5: 応答 |H| | E5: レベル [dB]
A6: =$C$3 -> 0 | B6: =SUMPRODUCT(固有振動数!$Q$6:$Q$22*(1-($A6/固有振動数!$O$6:$O$22)^2)/((1-($A6/固有振動数!$O$6:$O$22)^2)^2+固有振動数!$P$6:$P$22^2)) -> 16.9983 | C6: =-SUMPRODUCT(固有振動数!$Q$6:$Q$22*固有振動数!$P$6:$P$22/((1-($A6/固有振動数!$O$6:$O$22)^2)^2+固有振動数!$P$6:$P$22^2)) -> -0.169983 | D6: =SQRT(B6^2+C6^2) -> 16.99915 | E6: =20*LOG10(MAX(D6,0.000000000001)/$K$3) -> 24.608544
A7: =A6+$F$3 -> 20 | B7: =SUMPRODUCT(固有振動数!$Q$6:$Q$22*(1-($A7/固有振動数!$O$6:$O$22)^2)/((1-($A7/固有振動数!$O$6:$O$22)^2)^2+固有振動数!$P$6:$P$22^2)) -> 16.998438 | C7: =-SUMPRODUCT(固有振動数!$Q$6:$Q$22*固有振動数!$P$6:$P$22/((1-($A7/固有振動数!$O$6:$O$22)^2)^2+固有振動数!$P$6:$P$22^2)) -> -0.16998577 | D7: =SQRT(B7^2+C7^2) -> 16.999288 | E7: =20*LOG10(MAX(D7,0.000000000001)/$K$3) -> 24.608615
A8: =A7+$F$3 -> 40 | B8: =SUMPRODUCT(固有振動数!$Q$6:$Q$22*(1-($A8/固有振動数!$O$6:$O$22)^2)/((1-($A8/固有振動数!$O$6:$O$22)^2)^2+固有振動数!$P$6:$P$22^2)) -> 16.998853 | C8: =-SUMPRODUCT(固有振動数!$Q$6:$Q$22*固有振動数!$P$6:$P$22/((1-($A8/固有振動数!$O$6:$O$22)^2)^2+固有振動数!$P$6:$P$22^2)) -> -0.16999406 | D8: =SQRT(B8^2+C8^2) -> 16.999703 | E8: =20*LOG10(MAX(D8,0.000000000001)/$K$3) -> 24.608827
A9: =A8+$F$3 -> 60 | B9: =SUMPRODUCT(固有振動数!$Q$6:$Q$22*(1-($A9/固有振動数!$O$6:$O$22)^2)/((1-($A9/固有振動数!$O$6:$O$22)^2)^2+固有振動数!$P$6:$P$22^2)) -> 16.999544 | C9: =-SUMPRODUCT(固有振動数!$Q$6:$Q$22*固有振動数!$P$6:$P$22/((1-($A9/固有振動数!$O$6:$O$22)^2)^2+固有振動数!$P$6:$P$22^2)) -> -0.17000789 | D9: =SQRT(B9^2+C9^2) -> 17.000394 | E9: =20*LOG10(MAX(D9,0.000000000001)/$K$3) -> 24.60918
A10: =A9+$F$3 -> 80 | B10: =SUMPRODUCT(固有振動数!$Q$6:$Q$22*(1-($A10/固有振動数!$O$6:$O$22)^2)/((1-($A10/固有振動数!$O$6:$O$22)^2)^2+固有振動数!$P$6:$P$22^2)) -> 17.000513 | C10: =-SUMPRODUCT(固有振動数!$Q$6:$Q$22*固有振動数!$P$6:$P$22/((1-($A10/固有振動数!$O$6:$O$22)^2)^2+固有振動数!$P$6:$P$22^2)) -> -0.17002728 | D10: =SQRT(B10^2+C10^2) -> 17.001363 | E10: =20*LOG10(MAX(D10,0.000000000001)/$K$3) -> 24.609675
A11: =A10+$F$3 -> 100 | B11: =SUMPRODUCT(固有振動数!$Q$6:$Q$22*(1-($A11/固有振動数!$O$6:$O$22)^2)/((1-($A11/固有振動数!$O$6:$O$22)^2)^2+固有振動数!$P$6:$P$22^2)) -> 17.001759 | C11: =-SUMPRODUCT(固有振動数!$Q$6:$Q$22*固有振動数!$P$6:$P$22/((1-($A11/固有振動数!$O$6:$O$22)^2)^2+固有振動数!$P$6:$P$22^2)) -> -0.17005224 | D11: =SQRT(B11^2+C11^2) -> 17.00261 | E11: =20*LOG10(MAX(D11,0.000000000001)/$K$3) -> 24.610312
A12: =A11+$F$3 -> 120 | B12: =SUMPRODUCT(固有振動数!$Q$6:$Q$22*(1-($A12/固有振動数!$O$6:$O$22)^2)/((1-($A12/固有振動数!$O$6:$O$22)^2)^2+固有振動数!$P$6:$P$22^2)) -> 17.003285 | C12: =-SUMPRODUCT(固有振動数!$Q$6:$Q$22*固有振動数!$P$6:$P$22/((1-($A12/固有振動数!$O$6:$O$22)^2)^2+固有振動数!$P$6:$P$22^2)) -> -0.17008281 | D12: =SQRT(B12^2+C12^2) -> 17.004135 | E12: =20*LOG10(MAX(D12,0.000000000001)/$K$3) -> 24.611091
A13: =A12+$F$3 -> 140 | B13: =SUMPRODUCT(固有振動数!$Q$6:$Q$22*(1-($A13/固有振動数!$O$6:$O$22)^2)/((1-($A13/固有振動数!$O$6:$O$22)^2)^2+固有振動数!$P$6:$P$22^2)) -> 17.00509 | C13: =-SUMPRODUCT(固有振動数!$Q$6:$Q$22*固有振動数!$P$6:$P$22/((1-($A13/固有振動数!$O$6:$O$22)^2)^2+固有振動数!$P$6:$P$22^2)) -> -0.170119 | D13: =SQRT(B13^2+C13^2) -> 17.005941 | E13: =20*LOG10(MAX(D13,0.000000000001)/$K$3) -> 24.612013
A14: =A13+$F$3 -> 160 | B14: =SUMPRODUCT(固有振動数!$Q$6:$Q$22*(1-($A14/固有振動数!$O$6:$O$22)^2)/((1-($A14/固有振動数!$O$6:$O$22)^2)^2+固有振動数!$P$6:$P$22^2)) -> 17.007176 | C14: =-SUMPRODUCT(固有振動数!$Q$6:$Q$22*固有振動数!$P$6:$P$22/((1-($A14/固有振動数!$O$6:$O$22)^2)^2+固有振動数!$P$6:$P$22^2)) -> -0.17016087 | D14: =SQRT(B14^2+C14^2) -> 17.008027 | E14: =20*LOG10(MAX(D14,0.000000000001)/$K$3) -> 24.613079
A15: =A14+$F$3 -> 180 | B15: =SUMPRODUCT(固有振動数!$Q$6:$Q$22*(1-($A15/固有振動数!$O$6:$O$22)^2)/((1-($A15/固有振動数!$O$6:$O$22)^2)^2+固有振動数!$P$6:$P$22^2)) -> 17.009545 | C15: =-SUMPRODUCT(固有振動数!$Q$6:$Q$22*固有振動数!$P$6:$P$22/((1-($A15/固有振動数!$O$6:$O$22)^2)^2+固有振動数!$P$6:$P$22^2)) -> -0.17020846 | D15: =SQRT(B15^2+C15^2) -> 17.010397 | E15: =20*LOG10(MAX(D15,0.000000000001)/$K$3) -> 24.614289
A16: =A15+$F$3 -> 200 | B16: =SUMPRODUCT(固有振動数!$Q$6:$Q$22*(1-($A16/固有振動数!$O$6:$O$22)^2)/((1-($A16/固有振動数!$O$6:$O$22)^2)^2+固有振動数!$P$6:$P$22^2)) -> 17.012198 | C16: =-SUMPRODUCT(固有振動数!$Q$6:$Q$22*固有振動数!$P$6:$P$22/((1-($A16/固有振動数!$O$6:$O$22)^2)^2+固有振動数!$P$6:$P$22^2)) -> -0.17026182 | D16: =SQRT(B16^2+C16^2) -> 17.01305 | E16: =20*LOG10(MAX(D16,0.000000000001)/$K$3) -> 24.615644
A17: =A16+$F$3 -> 220 | B17: =SUMPRODUCT(固有振動数!$Q$6:$Q$22*(1-($A17/固有振動数!$O$6:$O$22)^2)/((1-($A17/固有振動数!$O$6:$O$22)^2)^2+固有振動数!$P$6:$P$22^2)) -> 17.015138 | C17: =-SUMPRODUCT(固有振動数!$Q$6:$Q$22*固有振動数!$P$6:$P$22/((1-($A17/固有振動数!$O$6:$O$22)^2)^2+固有振動数!$P$6:$P$22^2)) -> -0.170321 | D17: =SQRT(B17^2+C17^2) -> 17.01599 | E17: =20*LOG10(MAX(D17,0.000000000001)/$K$3) -> 24.617145
A18: =A17+$F$3 -> 240 | B18: =SUMPRODUCT(固有振動数!$Q$6:$Q$22*(1-($A18/固有振動数!$O$6:$O$22)^2)/((1-($A18/固有振動数!$O$6:$O$22)^2)^2+固有振動数!$P$6:$P$22^2)) -> 17.018366 | C18: =-SUMPRODUCT(固有振動数!$Q$6:$Q$22*固有振動数!$P$6:$P$22/((1-($A18/固有振動数!$O$6:$O$22)^2)^2+固有振動数!$P$6:$P$22^2)) -> -0.17038608 | D18: =SQRT(B18^2+C18^2) -> 17.019219 | E18: =20*LOG10(MAX(D18,0.000000000001)/$K$3) -> 24.618792
... A2006: =A2005+$F$3 -> 40000 | B2006: =SUMPRODUCT(固有振動数!$Q$6:$Q$22*(1-($A2006/固有振動数!$O$6:$O$22)^2)/((1-($A2006/固有振動数!$O$6:$O$22)^2)^2+固有振動数!$P$6:$P$22^2)) -> 2.324423 | C2006: =-SUMPRODUCT(固有振動数!$Q$6:$Q$22*固有振動数!$P$6:$P$22/((1-($A2006/固有振動数!$O$6:$O$22)^2)^2+固有振動数!$P$6:$P$22^2)) -> -0.46645465 | D2006: =SQRT(B2006^2+C2006^2) -> 2.370764 | E2006: =20*LOG10(MAX(D2006,0.000000000001)/$K$3) -> 7.4977666
A2009: ■ グラフの読み方
A2010: 山（ピーク）の位置＝固有振動数。ここが実測FFTのピークと一致するかを見ます。
A2011: 山の高さ＝1/η（損失係数の逆数）。金属だけだと本当の η は 0.0002 程度で、理屈上は非常に高く鋭い山になります。
A2012: そのままだと Δf の網目からピークがすり抜けて見えないので、固有振動数シート N3 に「描画用 η の下限（既定0.01）」を置いています。
A2013: 山の高さがモードごとにバラつくのは、Δf が山の幅より粗いためです。物理ではなくサンプリングの都合です。
A2014: 実測では吊り・空気・センサの影響で必ずもっと低く・太くなります。高さは合わなくて当然、位置を見てください。
A2015: 山が見えない → 周波数範囲が合っていません。C3（開始）とF3（Δf）を調整してください。
A2016: ■ 他ソフトへ持っていくとき
A2017: A列〜E列を選択してコピー → メモ帳やCSVにそのまま貼れます（TSV形式）。
A2018: Python / gnuplot / Origin へは A列(f) と E列(dB) の2列だけで充分です。
A2019: RION SA-01A4 の実測スペクトルと重ねると、モードの取りこぼしがひと目で分かります。

Sheet 鳴きリスク
A1: ⑤ 鳴（な）きリスク スクリーニング（金属部の素性チェック）
A2: SAE J2521 の対象帯域 1.25〜16 kHz を基準に、モード密集とディスクとの一致度を点数化 🟡（CEAの代わりにはなりません）
A3: 帯域 下限 [Hz] | C3: 1250 | D3: 帯域 上限 [Hz] | F3: 16000 | G3: 接近とみなす差 [%] | I3: 3
A4: 摩擦材シフト係数 k | C4: 1 | D4: 評価に使う f ＝ 金属部の f × k | G4: ※ 金属部だけで見るなら k=1.00 のまま。摩擦材を貼った完成品を想像したいときだけ 0.5〜0.7 を入れる 🟡
A6: ■ ディスク（ローター）の固有振動数 [Hz]（分かる範囲で入力／空欄可）
A7: D1 | B7: 1800 | C7: ← ここは「例」です。必ず自分のローターの実測値／FEM値に差し替えてください（🔴 要確認）
A8: D2 | B8: 3200
A9: D3 | B9: 5000
A10: D4 | B10: 7100
A11: D5 | B11: 9400
A12: D6
A13: D7
A14: D8
A15: D9
A16: D10
A18: # | B18: モード名 | C18: 金属部 f [Hz] | D18: 評価用 f [Hz] | E18: 帯域内? | F18: 最近接モード差 [%] | G18: 最近接ディスク差 [%] | H18: 個別判定 | I18: 帯域内のみ:モード差 | J18: 帯域内のみ:ディスク差
A19: 1 | B19: =固有振動数!$R$6 -> 面外曲げ 1次 | C19: =固有振動数!$I$6 -> 2153.6087 | D19: =C19*$C$4 -> 2153.6087 | E19: =IF(AND(D19>=$C$3,D19<=$F$3),"○ 帯域内","− 帯域外") -> ○ 帯域内 | F19: =MIN(L19:AB19) -> 97.194249 | G19: =MIN(AD19:AM19) -> 16.419358 | H19: =IF(E19="− 帯域外","− 対象外",IF(OR(F19<$I$3,G19<$I$3),"🔴 高リスク",IF(OR(F19<$I$3*2,G19<$I$3*2),"🟡 中リスク","🟢 低リスク"))) -> 🟢 低リスク | I19: =IF(E19="○ 帯域内",F19,1000000) -> 97.194249 | J19: =IF(E19="○ 帯域内",G19,1000000) -> 16.419358 | L19: =IF(OR(0=0,$D19<=0,$D$19<=0),1000000,ABS($D19-$D$19)/$D19*100) -> 1000000 | M19: =IF(OR(1=0,$D19<=0,$D$20<=0),1000000,ABS($D19-$D$20)/$D19*100) -> 171.94767 | N19: =IF(OR(2=0,$D19<=0,$D$21<=0),1000000,ABS($D19-$D$21)/$D19*100) -> 422.7091 | O19: =IF(OR(3=0,$D19<=0,$D$22<=0),1000000,ABS($D19-$D$22)/$D19*100) -> 742.60514 | P19: =IF(OR(4=0,$D19<=0,$D$23<=0),1000000,ABS($D19-$D$23)/$D19*100) -> 1121.8046 | Q19: =IF(OR(5=0,$D19<=0,$D$24<=0),1000000,ABS($D19-$D$24)/$D19*100) -> 1550.2397 | R19: =IF(OR(6=0,$D19<=0,$D$25<=0),1000000,ABS($D19-$D$25)/$D19*100) -> 97.194249 | S19: =IF(OR(7=0,$D19<=0,$D$26<=0),1000000,ABS($D19-$D$26)/$D19*100) -> 294.3885 | T19: =IF(OR(8=0,$D19<=0,$D$27<=0),1000000,ABS($D19-$D$27)/$D19*100) -> 491.58275 | U19: =IF(OR(9=0,$D19<=0,$D$28<=0),1000000,ABS($D19-$D$28)/$D19*100) -> 688.777 | V19: =IF(OR(10=0,$D19<=0,$D$29<=0),1000000,ABS($D19-$D$29)/$D19*100) -> 593.50699 | W19: =IF(OR(11=0,$D19<=0,$D$30<=0),1000000,ABS($D19-$D$30)/$D19*100) -> 1371.8488 | X19: =IF(OR(12=0,$D19<=0,$D$31<=0),1000000,ABS($D19-$D$31)/$D19*100) -> 2171.3878 | Y19: =IF(OR(13=0,$D19<=0,$D$32<=0),1000000,ABS($D19-$D$32)/$D19*100) -> 2958.6087 | Z19: =IF(OR(14=0,$D19<=0,$D$33<=0),1000000,ABS($D19-$D$33)/$D19*100) -> 978.58063 | AA19: =IF(OR(15=0,$D19<=0,$D$34<=0),1000000,ABS($D19-$D$34)/$D19*100) -> 2057.1613 | AB19: =IF(OR(16=0,$D19<=0,$D$35<=0),1000000,ABS($D19-$D$35)/$D19*100) -> 3135.7419 | AD19: =IF(OR($B$7="",$B$7<=0,$D19<=0),1000000,ABS($D19-$B$7)/$D19*100) -> 16.419358 | AE19: =IF(OR($B$8="",$B$8<=0,$D19<=0),1000000,ABS($D19-$B$8)/$D19*100) -> 48.587807 | AF19: =IF(OR($B$9="",$B$9<=0,$D19<=0),1000000,ABS($D19-$B$9)/$D19*100) -> 132.16845 | AG19: =IF(OR($B$10="",$B$10<=0,$D19<=0),1000000,ABS($D19-$B$10)/$D19*100) -> 229.6792 | AH19: =IF(OR($B$11="",$B$11<=0,$D19<=0),1000000,ABS($D19-$B$11)/$D19*100) -> 336.47668 | AI19: =IF(OR($B$12="",$B$12<=0,$D19<=0),1000000,ABS($D19-$B$12)/$D19*100) -> 1000000 | AJ19: =IF(OR($B$13="",$B$13<=0,$D19<=0),1000000,ABS($D19-$B$13)/$D19*100) -> 1000000 | AK19: =IF(OR($B$14="",$B$14<=0,$D19<=0),1000000,ABS($D19-$B$14)/$D19*100) -> 1000000 | AL19: =IF(OR($B$15="",$B$15<=0,$D19<=0),1000000,ABS($D19-$B$15)/$D19*100) -> 1000000 | AM19: =IF(OR($B$16="",$B$16<=0,$D19<=0),1000000,ABS($D19-$B$16)/$D19*100) -> 1000000
A20: 2 | B20: =固有振動数!$R$7 -> 面外曲げ 2次 | C20: =固有振動数!$I$7 -> 5856.6889 | D20: =C20*$C$4 -> 5856.6889 | E20: =IF(AND(D20>=$C$3,D20<=$F$3),"○ 帯域内","− 帯域外") -> ○ 帯域内 | F20: =MIN(L20:AB20) -> 27.488165 | G20: =MIN(AD20:AM20) -> 14.627529 | H20: =IF(E20="− 帯域外","− 対象外",IF(OR(F20<$I$3,G20<$I$3),"🔴 高リスク",IF(OR(F20<$I$3*2,G20<$I$3*2),"🟡 中リスク","🟢 低リスク"))) -> 🟢 低リスク | I20: =IF(E20="○ 帯域内",F20,1000000) -> 27.488165 | J20: =IF(E20="○ 帯域内",G20,1000000) -> 14.627529 | L20: =IF(OR(0=1,$D20<=0,$D$19<=0),1000000,ABS($D20-$D$19)/$D20*100) -> 63.22822 | M20: =IF(OR(1=1,$D20<=0,$D$20<=0),1000000,ABS($D20-$D$20)/$D20*100) -> 1000000 | N20: =IF(OR(2=1,$D20<=0,$D$21<=0),1000000,ABS($D20-$D$21)/$D20*100) -> 92.209438 | O20: =IF(OR(3=1,$D20<=0,$D$22<=0),1000000,ABS($D20-$D$22)/$D20*100) -> 209.8409 | P20: =IF(OR(4=1,$D20<=0,$D$23<=0),1000000,ABS($D20-$D$23)/$D20*100) -> 349.27929 | Q20: =IF(OR(5=1,$D20<=0,$D$24<=0),1000000,ABS($D20-$D$24)/$D20*100) -> 506.8225 | R20: =IF(OR(6=1,$D20<=0,$D$25<=0),1000000,ABS($D20-$D$25)/$D20*100) -> 27.488165 | S20: =IF(OR(7=1,$D20<=0,$D$26<=0),1000000,ABS($D20-$D$26)/$D20*100) -> 45.02367 | T20: =IF(OR(8=1,$D20<=0,$D$27<=0),1000000,ABS($D20-$D$27)/$D20*100) -> 117.53551 | U20: =IF(OR(9=1,$D20<=0,$D$28<=0),1000000,ABS($D20-$D$28)/$D20*100) -> 190.04734 | V20: =IF(OR(10=1,$D20<=0,$D$29<=0),1000000,ABS($D20-$D$29)/$D20*100) -> 155.01486 | W20: =IF(OR(11=1,$D20<=0,$D$30<=0),1000000,ABS($D20-$D$30)/$D20*100) -> 441.22499 | X20: =IF(OR(12=1,$D20<=0,$D$31<=0),1000000,ABS($D20-$D$31)/$D20*100) -> 735.22972 | Y20: =IF(OR(13=1,$D20<=0,$D$32<=0),1000000,ABS($D20-$D$32)/$D20*100) -> 1024.7049 | Z20: =IF(OR(14=1,$D20<=0,$D$33<=0),1000000,ABS($D20-$D$33)/$D20*100) -> 296.61329 | AA20: =IF(OR(15=1,$D20<=0,$D$34<=0),1000000,ABS($D20-$D$34)/$D20*100) -> 693.22659 | AB20: =IF(OR(16=1,$D20<=0,$D$35<=0),1000000,ABS($D20-$D$35)/$D20*100) -> 1089.8399 | AD20: =IF(OR($B$7="",$B$7<=0,$D20<=0),1000000,ABS($D20-$B$7)/$D20*100) -> 69.265911 | AE20: =IF(OR($B$8="",$B$8<=0,$D20<=0),1000000,ABS($D20-$B$8)/$D20*100) -> 45.361619 | AF20: =IF(OR($B$9="",$B$9<=0,$D20<=0),1000000,ABS($D20-$B$9)/$D20*100) -> 14.627529 | AG20: =IF(OR($B$10="",$B$10<=0,$D20<=0),1000000,ABS($D20-$B$10)/$D20*100) -> 21.228908 | AH20: =IF(OR($B$11="",$B$11<=0,$D20<=0),1000000,ABS($D20-$B$11)/$D20*100) -> 60.500245 | AI20: =IF(OR($B$12="",$B$12<=0,$D20<=0),1000000,ABS($D20-$B$12)/$D20*100) -> 1000000 | AJ20: =IF(OR($B$13="",$B$13<=0,$D20<=0),1000000,ABS($D20-$B$13)/$D20*100) -> 1000000 | AK20: =IF(OR($B$14="",$B$14<=0,$D20<=0),1000000,ABS($D20-$B$14)/$D20*100) -> 1000000 | AL20: =IF(OR($B$15="",$B$15<=0,$D20<=0),1000000,ABS($D20-$B$15)/$D20*100) -> 1000000 | AM20: =IF(OR($B$16="",$B$16<=0,$D20<=0),1000000,ABS($D20-$B$16)/$D20*100) -> 1000000
A21: 3 | B21: =固有振動数!$R$8 -> 面外曲げ 3次 | C21: =固有振動数!$I$8 -> 11257.109 | D21: =C21*$C$4 -> 11257.109 | E21: =IF(AND(D21>=$C$3,D21<=$F$3),"○ 帯域内","− 帯域外") -> ○ 帯域内 | F21: =MIN(L21:AB21) -> 13.176287 | G21: =MIN(AD21:AM21) -> 16.497209 | H21: =IF(E21="− 帯域外","− 対象外",IF(OR(F21<$I$3,G21<$I$3),"🔴 高リスク",IF(OR(F21<$I$3*2,G21<$I$3*2),"🟡 中リスク","🟢 低リスク"))) -> 🟢 低リスク | I21: =IF(E21="○ 帯域内",F21,1000000) -> 13.176287 | J21: =IF(E21="○ 帯域内",G21,1000000) -> 16.497209 | L21: =IF(OR(0=2,$D21<=0,$D$19<=0),1000000,ABS($D21-$D$19)/$D21*100) -> 80.8689 | M21: =IF(OR(1=2,$D21<=0,$D$20<=0),1000000,ABS($D21-$D$20)/$D21*100) -> 47.973418 | N21: =IF(OR(2=2,$D21<=0,$D$21<=0),1000000,ABS($D21-$D$21)/$D21*100) -> 1000000 | O21: =IF(OR(3=2,$D21<=0,$D$22<=0),1000000,ABS($D21-$D$22)/$D21*100) -> 61.199631 | P21: =IF(OR(4=2,$D21<=0,$D$23<=0),1000000,ABS($D21-$D$23)/$D21*100) -> 133.74466 | Q21: =IF(OR(5=2,$D21<=0,$D$24<=0),1000000,ABS($D21-$D$24)/$D21*100) -> 215.70901 | R21: =IF(OR(6=2,$D21<=0,$D$25<=0),1000000,ABS($D21-$D$25)/$D21*100) -> 62.274571 | S21: =IF(OR(7=2,$D21<=0,$D$26<=0),1000000,ABS($D21-$D$26)/$D21*100) -> 24.549142 | T21: =IF(OR(8=2,$D21<=0,$D$27<=0),1000000,ABS($D21-$D$27)/$D21*100) -> 13.176287 | U21: =IF(OR(9=2,$D21<=0,$D$28<=0),1000000,ABS($D21-$D$28)/$D21*100) -> 50.901716 | V21: =IF(OR(10=2,$D21<=0,$D$29<=0),1000000,ABS($D21-$D$29)/$D21*100) -> 32.675517 | W21: =IF(OR(11=2,$D21<=0,$D$30<=0),1000000,ABS($D21-$D$30)/$D21*100) -> 181.58086 | X21: =IF(OR(12=2,$D21<=0,$D$31<=0),1000000,ABS($D21-$D$31)/$D21*100) -> 334.54147 | Y21: =IF(OR(13=2,$D21<=0,$D$32<=0),1000000,ABS($D21-$D$32)/$D21*100) -> 485.1455 | Z21: =IF(OR(14=2,$D21<=0,$D$33<=0),1000000,ABS($D21-$D$33)/$D21*100) -> 106.34434 | AA21: =IF(OR(15=2,$D21<=0,$D$34<=0),1000000,ABS($D21-$D$34)/$D21*100) -> 312.68868 | AB21: =IF(OR(16=2,$D21<=0,$D$35<=0),1000000,ABS($D21-$D$35)/$D21*100) -> 519.03302 | AD21: =IF(OR($B$7="",$B$7<=0,$D21<=0),1000000,ABS($D21-$B$7)/$D21*100) -> 84.010104 | AE21: =IF(OR($B$8="",$B$8<=0,$D21<=0),1000000,ABS($D21-$B$8)/$D21*100) -> 71.573518 | AF21: =IF(OR($B$9="",$B$9<=0,$D21<=0),1000000,ABS($D21-$B$9)/$D21*100) -> 55.583622 | AG21: =IF(OR($B$10="",$B$10<=0,$D21<=0),1000000,ABS($D21-$B$10)/$D21*100) -> 36.928743 | AH21: =IF(OR($B$11="",$B$11<=0,$D21<=0),1000000,ABS($D21-$B$11)/$D21*100) -> 16.497209 | AI21: =IF(OR($B$12="",$B$12<=0,$D21<=0),1000000,ABS($D21-$B$12)/$D21*100) -> 1000000 | AJ21: =IF(OR($B$13="",$B$13<=0,$D21<=0),1000000,ABS($D21-$B$13)/$D21*100) -> 1000000 | AK21: =IF(OR($B$14="",$B$14<=0,$D21<=0),1000000,ABS($D21-$B$14)/$D21*100) -> 1000000 | AL21: =IF(OR($B$15="",$B$15<=0,$D21<=0),1000000,ABS($D21-$B$15)/$D21*100) -> 1000000 | AM21: =IF(OR($B$16="",$B$16<=0,$D21<=0),1000000,ABS($D21-$B$16)/$D21*100) -> 1000000
A22: 4 | B22: =固有振動数!$R$9 -> 面外曲げ 4次 | C22: =固有振動数!$I$9 -> 18146.418 | D22: =C22*$C$4 -> 18146.418 | E22: =IF(AND(D22>=$C$3,D22<=$F$3),"○ 帯域内","− 帯域外") -> − 帯域外 | F22: =MIN(L22:AB22) -> 6.3882994 | G22: =MIN(AD22:AM22) -> 48.199143 | H22: =IF(E22="− 帯域外","− 対象外",IF(OR(F22<$I$3,G22<$I$3),"🔴 高リスク",IF(OR(F22<$I$3*2,G22<$I$3*2),"🟡 中リスク","🟢 低リスク"))) -> − 対象外 | I22: =IF(E22="○ 帯域内",F22,1000000) -> 1000000 | J22: =IF(E22="○ 帯域内",G22,1000000) -> 1000000 | L22: =IF(OR(0=3,$D22<=0,$D$19<=0),1000000,ABS($D22-$D$19)/$D22*100) -> 88.132045 | M22: =IF(OR(1=3,$D22<=0,$D$20<=0),1000000,ABS($D22-$D$20)/$D22*100) -> 67.725372 | N22: =IF(OR(2=3,$D22<=0,$D$21<=0),1000000,ABS($D22-$D$21)/$D22*100) -> 37.965119 | O22: =IF(OR(3=3,$D22<=0,$D$22<=0),1000000,ABS($D22-$D$22)/$D22*100) -> 1000000 | P22: =IF(OR(4=3,$D22<=0,$D$23<=0),1000000,ABS($D22-$D$23)/$D22*100) -> 45.003221 | Q22: =IF(OR(5=3,$D22<=0,$D$24<=0),1000000,ABS($D22-$D$24)/$D22*100) -> 95.849707 | R22: =IF(OR(6=3,$D22<=0,$D$25<=0),1000000,ABS($D22-$D$25)/$D22*100) -> 76.597075 | S22: =IF(OR(7=3,$D22<=0,$D$26<=0),1000000,ABS($D22-$D$26)/$D22*100) -> 53.19415 | T22: =IF(OR(8=3,$D22<=0,$D$27<=0),1000000,ABS($D22-$D$27)/$D22*100) -> 29.791225 | U22: =IF(OR(9=3,$D22<=0,$D$28<=0),1000000,ABS($D22-$D$28)/$D22*100) -> 6.3882994 | V22: =IF(OR(10=3,$D22<=0,$D$29<=0),1000000,ABS($D22-$D$29)/$D22*100) -> 17.694901 | W22: =IF(OR(11=3,$D22<=0,$D$30<=0),1000000,ABS($D22-$D$30)/$D22*100) -> 74.678353 | X22: =IF(OR(12=3,$D22<=0,$D$31<=0),1000000,ABS($D22-$D$31)/$D22*100) -> 169.56729 | Y22: =IF(OR(13=3,$D22<=0,$D$32<=0),1000000,ABS($D22-$D$32)/$D22*100) -> 262.99431 | Z22: =IF(OR(14=3,$D22<=0,$D$33<=0),1000000,ABS($D22-$D$33)/$D22*100) -> 28.005466 | AA22: =IF(OR(15=3,$D22<=0,$D$34<=0),1000000,ABS($D22-$D$34)/$D22*100) -> 156.01093 | AB22: =IF(OR(16=3,$D22<=0,$D$35<=0),1000000,ABS($D22-$D$35)/$D22*100) -> 284.0164 | AD22: =IF(OR($B$7="",$B$7<=0,$D22<=0),1000000,ABS($D22-$B$7)/$D22*100) -> 90.080687 | AE22: =IF(OR($B$8="",$B$8<=0,$D22<=0),1000000,ABS($D22-$B$8)/$D22*100) -> 82.365666 | AF22: =IF(OR($B$9="",$B$9<=0,$D22<=0),1000000,ABS($D22-$B$9)/$D22*100) -> 72.446353 | AG22: =IF(OR($B$10="",$B$10<=0,$D22<=0),1000000,ABS($D22-$B$10)/$D22*100) -> 60.873821 | AH22: =IF(OR($B$11="",$B$11<=0,$D22<=0),1000000,ABS($D22-$B$11)/$D22*100) -> 48.199143 | AI22: =IF(OR($B$12="",$B$12<=0,$D22<=0),1000000,ABS($D22-$B$12)/$D22*100) -> 1000000 | AJ22: =IF(OR($B$13="",$B$13<=0,$D22<=0),1000000,ABS($D22-$B$13)/$D22*100) -> 1000000 | AK22: =IF(OR($B$14="",$B$14<=0,$D22<=0),1000000,ABS($D22-$B$14)/$D22*100) -> 1000000 | AL22: =IF(OR($B$15="",$B$15<=0,$D22<=0),1000000,ABS($D22-$B$15)/$D22*100) -> 1000000 | AM22: =IF(OR($B$16="",$B$16<=0,$D22<=0),1000000,ABS($D22-$B$16)/$D22*100) -> 1000000
A23: 5 | B23: =固有振動数!$R$10 -> 面外曲げ 5次 | C23: =固有振動数!$I$10 -> 26312.89 | D23: =C23*$C$4 -> 26312.89 | E23: =IF(AND(D23>=$C$3,D23<=$F$3),"○ 帯域内","− 帯域外") -> − 帯域外 | F23: =MIN(L23:AB23) -> 11.722329 | G23: =MIN(AD23:AM23) -> 64.276064 | H23: =IF(E23="− 帯域外","− 対象外",IF(OR(F23<$I$3,G23<$I$3),"🔴 高リスク",IF(OR(F23<$I$3*2,G23<$I$3*2),"🟡 中リスク","🟢 低リスク"))) -> − 対象外 | I23: =IF(E23="○ 帯域内",F23,1000000) -> 1000000 | J23: =IF(E23="○ 帯域内",G23,1000000) -> 1000000 | L23: =IF(OR(0=4,$D23<=0,$D$19<=0),1000000,ABS($D23-$D$19)/$D23*100) -> 91.815385 | M23: =IF(OR(1=4,$D23<=0,$D$20<=0),1000000,ABS($D23-$D$20)/$D23*100) -> 77.74213 | N23: =IF(OR(2=4,$D23<=0,$D$21<=0),1000000,ABS($D23-$D$21)/$D23*100) -> 57.218273 | O23: =IF(OR(3=4,$D23<=0,$D$22<=0),1000000,ABS($D23-$D$22)/$D23*100) -> 31.036015 | P23: =IF(OR(4=4,$D23<=0,$D$23<=0),1000000,ABS($D23-$D$23)/$D23*100) -> 1000000 | Q23: =IF(OR(5=4,$D23<=0,$D$24<=0),1000000,ABS($D23-$D$24)/$D23*100) -> 35.065763 | R23: =IF(OR(6=4,$D23<=0,$D$25<=0),1000000,ABS($D23-$D$25)/$D23*100) -> 83.86041 | S23: =IF(OR(7=4,$D23<=0,$D$26<=0),1000000,ABS($D23-$D$26)/$D23*100) -> 67.72082 | T23: =IF(OR(8=4,$D23<=0,$D$27<=0),1000000,ABS($D23-$D$27)/$D23*100) -> 51.58123 | U23: =IF(OR(9=4,$D23<=0,$D$28<=0),1000000,ABS($D23-$D$28)/$D23*100) -> 35.44164 | V23: =IF(OR(10=4,$D23<=0,$D$29<=0),1000000,ABS($D23-$D$29)/$D23*100) -> 43.239123 | W23: =IF(OR(11=4,$D23<=0,$D$30<=0),1000000,ABS($D23-$D$30)/$D23*100) -> 20.465154 | X23: =IF(OR(12=4,$D23<=0,$D$31<=0),1000000,ABS($D23-$D$31)/$D23*100) -> 85.904345 | Y23: =IF(OR(13=4,$D23<=0,$D$32<=0),1000000,ABS($D23-$D$32)/$D23*100) -> 150.33535 | Z23: =IF(OR(14=4,$D23<=0,$D$33<=0),1000000,ABS($D23-$D$33)/$D23*100) -> 11.722329 | AA23: =IF(OR(15=4,$D23<=0,$D$34<=0),1000000,ABS($D23-$D$34)/$D23*100) -> 76.555342 | AB23: =IF(OR(16=4,$D23<=0,$D$35<=0),1000000,ABS($D23-$D$35)/$D23*100) -> 164.83301 | AD23: =IF(OR($B$7="",$B$7<=0,$D23<=0),1000000,ABS($D23-$B$7)/$D23*100) -> 93.159246 | AE23: =IF(OR($B$8="",$B$8<=0,$D23<=0),1000000,ABS($D23-$B$8)/$D23*100) -> 87.83866 | AF23: =IF(OR($B$9="",$B$9<=0,$D23<=0),1000000,ABS($D23-$B$9)/$D23*100) -> 80.997907 | AG23: =IF(OR($B$10="",$B$10<=0,$D23<=0),1000000,ABS($D23-$B$10)/$D23*100) -> 73.017027 | AH23: =IF(OR($B$11="",$B$11<=0,$D23<=0),1000000,ABS($D23-$B$11)/$D23*100) -> 64.276064 | AI23: =IF(OR($B$12="",$B$12<=0,$D23<=0),1000000,ABS($D23-$B$12)/$D23*100) -> 1000000 | AJ23: =IF(OR($B$13="",$B$13<=0,$D23<=0),1000000,ABS($D23-$B$13)/$D23*100) -> 1000000 | AK23: =IF(OR($B$14="",$B$14<=0,$D23<=0),1000000,ABS($D23-$B$14)/$D23*100) -> 1000000 | AL23: =IF(OR($B$15="",$B$15<=0,$D23<=0),1000000,ABS($D23-$B$15)/$D23*100) -> 1000000 | AM23: =IF(OR($B$16="",$B$16<=0,$D23<=0),1000000,ABS($D23-$B$16)/$D23*100) -> 1000000
A24: 6 | B24: =固有振動数!$R$11 -> 面外曲げ 6次 | C24: =固有振動数!$I$11 -> 35539.706 | D24: =C24*$C$4 -> 35539.706 | E24: =IF(AND(D24>=$C$3,D24<=$F$3),"○ 帯域内","− 帯域外") -> − 帯域外 | F24: =MIN(L24:AB24) -> 10.81 | G24: =MIN(AD24:AM24) -> 73.55071 | H24: =IF(E24="− 帯域外","− 対象外",IF(OR(F24<$I$3,G24<$I$3),"🔴 高リスク",IF(OR(F24<$I$3*2,G24<$I$3*2),"🟡 中リスク","🟢 低リスク"))) -> − 対象外 | I24: =IF(E24="○ 帯域内",F24,1000000) -> 1000000 | J24: =IF(E24="○ 帯域内",G24,1000000) -> 1000000 | L24: =IF(OR(0=5,$D24<=0,$D$19<=0),1000000,ABS($D24-$D$19)/$D24*100) -> 93.940274 | M24: =IF(OR(1=5,$D24<=0,$D$20<=0),1000000,ABS($D24-$D$20)/$D24*100) -> 83.520717 | N24: =IF(OR(2=5,$D24<=0,$D$21<=0),1000000,ABS($D24-$D$21)/$D24*100) -> 68.325262 | O24: =IF(OR(3=5,$D24<=0,$D$22<=0),1000000,ABS($D24-$D$22)/$D24*100) -> 48.940439 | P24: =IF(OR(4=5,$D24<=0,$D$23<=0),1000000,ABS($D24-$D$23)/$D24*100) -> 25.961992 | Q24: =IF(OR(5=5,$D24<=0,$D$24<=0),1000000,ABS($D24-$D$24)/$D24*100) -> 1000000 | R24: =IF(OR(6=5,$D24<=0,$D$25<=0),1000000,ABS($D24-$D$25)/$D24*100) -> 88.050569 | S24: =IF(OR(7=5,$D24<=0,$D$26<=0),1000000,ABS($D24-$D$26)/$D24*100) -> 76.101138 | T24: =IF(OR(8=5,$D24<=0,$D$27<=0),1000000,ABS($D24-$D$27)/$D24*100) -> 64.151708 | U24: =IF(OR(9=5,$D24<=0,$D$28<=0),1000000,ABS($D24-$D$28)/$D24*100) -> 52.202277 | V24: =IF(OR(10=5,$D24<=0,$D$29<=0),1000000,ABS($D24-$D$29)/$D24*100) -> 57.975378 | W24: =IF(OR(11=5,$D24<=0,$D$30<=0),1000000,ABS($D24-$D$30)/$D24*100) -> 10.81 | X24: =IF(OR(12=5,$D24<=0,$D$31<=0),1000000,ABS($D24-$D$31)/$D24*100) -> 37.639873 | Y24: =IF(OR(13=5,$D24<=0,$D$32<=0),1000000,ABS($D24-$D$32)/$D24*100) -> 85.343303 | Z24: =IF(OR(14=5,$D24<=0,$D$33<=0),1000000,ABS($D24-$D$33)/$D24*100) -> 34.640971 | AA24: =IF(OR(15=5,$D24<=0,$D$34<=0),1000000,ABS($D24-$D$34)/$D24*100) -> 30.718057 | AB24: =IF(OR(16=5,$D24<=0,$D$35<=0),1000000,ABS($D24-$D$35)/$D24*100) -> 96.077086 | AD24: =IF(OR($B$7="",$B$7<=0,$D24<=0),1000000,ABS($D24-$B$7)/$D24*100) -> 94.935242 | AE24: =IF(OR($B$8="",$B$8<=0,$D24<=0),1000000,ABS($D24-$B$8)/$D24*100) -> 90.995986 | AF24: =IF(OR($B$9="",$B$9<=0,$D24<=0),1000000,ABS($D24-$B$9)/$D24*100) -> 85.931229 | AG24: =IF(OR($B$10="",$B$10<=0,$D24<=0),1000000,ABS($D24-$B$10)/$D24*100) -> 80.022345 | AH24: =IF(OR($B$11="",$B$11<=0,$D24<=0),1000000,ABS($D24-$B$11)/$D24*100) -> 73.55071 | AI24: =IF(OR($B$12="",$B$12<=0,$D24<=0),1000000,ABS($D24-$B$12)/$D24*100) -> 1000000 | AJ24: =IF(OR($B$13="",$B$13<=0,$D24<=0),1000000,ABS($D24-$B$13)/$D24*100) -> 1000000 | AK24: =IF(OR($B$14="",$B$14<=0,$D24<=0),1000000,ABS($D24-$B$14)/$D24*100) -> 1000000 | AL24: =IF(OR($B$15="",$B$15<=0,$D24<=0),1000000,ABS($D24-$B$15)/$D24*100) -> 1000000 | AM24: =IF(OR($B$16="",$B$16<=0,$D24<=0),1000000,ABS($D24-$B$16)/$D24*100) -> 1000000
A25: 7 | B25: =固有振動数!$R$12 -> ねじり 1次 | C25: =固有振動数!$I$12 -> 4246.7926 | D25: =C25*$C$4 -> 4246.7926 | E25: =IF(AND(D25>=$C$3,D25<=$F$3),"○ 帯域内","− 帯域外") -> ○ 帯域内 | F25: =MIN(L25:AB25) -> 37.908522 | G25: =MIN(AD25:AM25) -> 17.735913 | H25: =IF(E25="− 帯域外","− 対象外",IF(OR(F25<$I$3,G25<$I$3),"🔴 高リスク",IF(OR(F25<$I$3*2,G25<$I$3*2),"🟡 中リスク","🟢 低リスク"))) -> 🟢 低リスク | I25: =IF(E25="○ 帯域内",F25,1000000) -> 37.908522 | J25: =IF(E25="○ 帯域内",G25,1000000) -> 17.735913 | L25: =IF(OR(0=6,$D25<=0,$D$19<=0),1000000,ABS($D25-$D$19)/$D25*100) -> 49.288582 | M25: =IF(OR(1=6,$D25<=0,$D$20<=0),1000000,ABS($D25-$D$20)/$D25*100) -> 37.908522 | N25: =IF(OR(2=6,$D25<=0,$D$21<=0),1000000,ABS($D25-$D$21)/$D25*100) -> 165.07319 | O25: =IF(OR(3=6,$D25<=0,$D$22<=0),1000000,ABS($D25-$D$22)/$D25*100) -> 327.29701 | P25: =IF(OR(4=6,$D25<=0,$D$23<=0),1000000,ABS($D25-$D$23)/$D25*100) -> 519.59443 | Q25: =IF(OR(5=6,$D25<=0,$D$24<=0),1000000,ABS($D25-$D$24)/$D25*100) -> 736.85995 | R25: =IF(OR(6=6,$D25<=0,$D$25<=0),1000000,ABS($D25-$D$25)/$D25*100) -> 1000000 | S25: =IF(OR(7=6,$D25<=0,$D$26<=0),1000000,ABS($D25-$D$26)/$D25*100) -> 100 | T25: =IF(OR(8=6,$D25<=0,$D$27<=0),1000000,ABS($D25-$D$27)/$D25*100) -> 200 | U25: =IF(OR(9=6,$D25<=0,$D$28<=0),1000000,ABS($D25-$D$28)/$D25*100) -> 300 | V25: =IF(OR(10=6,$D25<=0,$D$29<=0),1000000,ABS($D25-$D$29)/$D25*100) -> 251.68723 | W25: =IF(OR(11=6,$D25<=0,$D$30<=0),1000000,ABS($D25-$D$30)/$D25*100) -> 646.39538 | X25: =IF(OR(12=6,$D25<=0,$D$31<=0),1000000,ABS($D25-$D$31)/$D25*100) -> 1051.853 | Y25: =IF(OR(13=6,$D25<=0,$D$32<=0),1000000,ABS($D25-$D$32)/$D25*100) -> 1451.0639 | Z25: =IF(OR(14=6,$D25<=0,$D$33<=0),1000000,ABS($D25-$D$33)/$D25*100) -> 446.96353 | AA25: =IF(OR(15=6,$D25<=0,$D$34<=0),1000000,ABS($D25-$D$34)/$D25*100) -> 993.92706 | AB25: =IF(OR(16=6,$D25<=0,$D$35<=0),1000000,ABS($D25-$D$35)/$D25*100) -> 1540.8906 | AD25: =IF(OR($B$7="",$B$7<=0,$D25<=0),1000000,ABS($D25-$B$7)/$D25*100) -> 57.615071 | AE25: =IF(OR($B$8="",$B$8<=0,$D25<=0),1000000,ABS($D25-$B$8)/$D25*100) -> 24.649016 | AF25: =IF(OR($B$9="",$B$9<=0,$D25<=0),1000000,ABS($D25-$B$9)/$D25*100) -> 17.735913 | AG25: =IF(OR($B$10="",$B$10<=0,$D25<=0),1000000,ABS($D25-$B$10)/$D25*100) -> 67.184996 | AH25: =IF(OR($B$11="",$B$11<=0,$D25<=0),1000000,ABS($D25-$B$11)/$D25*100) -> 121.34352 | AI25: =IF(OR($B$12="",$B$12<=0,$D25<=0),1000000,ABS($D25-$B$12)/$D25*100) -> 1000000 | AJ25: =IF(OR($B$13="",$B$13<=0,$D25<=0),1000000,ABS($D25-$B$13)/$D25*100) -> 1000000 | AK25: =IF(OR($B$14="",$B$14<=0,$D25<=0),1000000,ABS($D25-$B$14)/$D25*100) -> 1000000 | AL25: =IF(OR($B$15="",$B$15<=0,$D25<=0),1000000,ABS($D25-$B$15)/$D25*100) -> 1000000 | AM25: =IF(OR($B$16="",$B$16<=0,$D25<=0),1000000,ABS($D25-$B$16)/$D25*100) -> 1000000
A26: 8 | B26: =固有振動数!$R$13 -> ねじり 2次 | C26: =固有振動数!$I$13 -> 8493.5852 | D26: =C26*$C$4 -> 8493.5852 | E26: =IF(AND(D26>=$C$3,D26<=$F$3),"○ 帯域内","− 帯域外") -> ○ 帯域内 | F26: =MIN(L26:AB26) -> 31.045739 | G26: =MIN(AD26:AM26) -> 10.671758 | H26: =IF(E26="− 帯域外","− 対象外",IF(OR(F26<$I$3,G26<$I$3),"🔴 高リスク",IF(OR(F26<$I$3*2,G26<$I$3*2),"🟡 中リスク","🟢 低リスク"))) -> 🟢 低リスク | I26: =IF(E26="○ 帯域内",F26,1000000) -> 31.045739 | J26: =IF(E26="○ 帯域内",G26,1000000) -> 10.671758 | L26: =IF(OR(0=7,$D26<=0,$D$19<=0),1000000,ABS($D26-$D$19)/$D26*100) -> 74.644291 | M26: =IF(OR(1=7,$D26<=0,$D$20<=0),1000000,ABS($D26-$D$20)/$D26*100) -> 31.045739 | N26: =IF(OR(2=7,$D26<=0,$D$21<=0),1000000,ABS($D26-$D$21)/$D26*100) -> 32.536597 | O26: =IF(OR(3=7,$D26<=0,$D$22<=0),1000000,ABS($D26-$D$22)/$D26*100) -> 113.64851 | P26: =IF(OR(4=7,$D26<=0,$D$23<=0),1000000,ABS($D26-$D$23)/$D26*100) -> 209.79721 | Q26: =IF(OR(5=7,$D26<=0,$D$24<=0),1000000,ABS($D26-$D$24)/$D26*100) -> 318.42997 | R26: =IF(OR(6=7,$D26<=0,$D$25<=0),1000000,ABS($D26-$D$25)/$D26*100) -> 50 | S26: =IF(OR(7=7,$D26<=0,$D$26<=0),1000000,ABS($D26-$D$26)/$D26*100) -> 1000000 | T26: =IF(OR(8=7,$D26<=0,$D$27<=0),1000000,ABS($D26-$D$27)/$D26*100) -> 50 | U26: =IF(OR(9=7,$D26<=0,$D$28<=0),1000000,ABS($D26-$D$28)/$D26*100) -> 100 | V26: =IF(OR(10=7,$D26<=0,$D$29<=0),1000000,ABS($D26-$D$29)/$D26*100) -> 75.843615 | W26: =IF(OR(11=7,$D26<=0,$D$30<=0),1000000,ABS($D26-$D$30)/$D26*100) -> 273.19769 | X26: =IF(OR(12=7,$D26<=0,$D$31<=0),1000000,ABS($D26-$D$31)/$D26*100) -> 475.92648 | Y26: =IF(OR(13=7,$D26<=0,$D$32<=0),1000000,ABS($D26-$D$32)/$D26*100) -> 675.53193 | Z26: =IF(OR(14=7,$D26<=0,$D$33<=0),1000000,ABS($D26-$D$33)/$D26*100) -> 173.48177 | AA26: =IF(OR(15=7,$D26<=0,$D$34<=0),1000000,ABS($D26-$D$34)/$D26*100) -> 446.96353 | AB26: =IF(OR(16=7,$D26<=0,$D$35<=0),1000000,ABS($D26-$D$35)/$D26*100) -> 720.4453 | AD26: =IF(OR($B$7="",$B$7<=0,$D26<=0),1000000,ABS($D26-$B$7)/$D26*100) -> 78.807536 | AE26: =IF(OR($B$8="",$B$8<=0,$D26<=0),1000000,ABS($D26-$B$8)/$D26*100) -> 62.324508 | AF26: =IF(OR($B$9="",$B$9<=0,$D26<=0),1000000,ABS($D26-$B$9)/$D26*100) -> 41.132044 | AG26: =IF(OR($B$10="",$B$10<=0,$D26<=0),1000000,ABS($D26-$B$10)/$D26*100) -> 16.407502 | AH26: =IF(OR($B$11="",$B$11<=0,$D26<=0),1000000,ABS($D26-$B$11)/$D26*100) -> 10.671758 | AI26: =IF(OR($B$12="",$B$12<=0,$D26<=0),1000000,ABS($D26-$B$12)/$D26*100) -> 1000000 | AJ26: =IF(OR($B$13="",$B$13<=0,$D26<=0),1000000,ABS($D26-$B$13)/$D26*100) -> 1000000 | AK26: =IF(OR($B$14="",$B$14<=0,$D26<=0),1000000,ABS($D26-$B$14)/$D26*100) -> 1000000 | AL26: =IF(OR($B$15="",$B$15<=0,$D26<=0),1000000,ABS($D26-$B$15)/$D26*100) -> 1000000 | AM26: =IF(OR($B$16="",$B$16<=0,$D26<=0),1000000,ABS($D26-$B$16)/$D26*100) -> 1000000
A27: 9 | B27: =固有振動数!$R$14 -> ねじり 3次 | C27: =固有振動数!$I$14 -> 12740.378 | D27: =C27*$C$4 -> 12740.378 | E27: =IF(AND(D27>=$C$3,D27<=$F$3),"○ 帯域内","− 帯域外") -> ○ 帯域内 | F27: =MIN(L27:AB27) -> 11.642269 | G27: =MIN(AD27:AM27) -> 26.218828 | H27: =IF(E27="− 帯域外","− 対象外",IF(OR(F27<$I$3,G27<$I$3),"🔴 高リスク",IF(OR(F27<$I$3*2,G27<$I$3*2),"🟡 中リスク","🟢 低リスク"))) -> 🟢 低リスク | I27: =IF(E27="○ 帯域内",F27,1000000) -> 11.642269 | J27: =IF(E27="○ 帯域内",G27,1000000) -> 26.218828 | L27: =IF(OR(0=8,$D27<=0,$D$19<=0),1000000,ABS($D27-$D$19)/$D27*100) -> 83.096194 | M27: =IF(OR(1=8,$D27<=0,$D$20<=0),1000000,ABS($D27-$D$20)/$D27*100) -> 54.030493 | N27: =IF(OR(2=8,$D27<=0,$D$21<=0),1000000,ABS($D27-$D$21)/$D27*100) -> 11.642269 | O27: =IF(OR(3=8,$D27<=0,$D$22<=0),1000000,ABS($D27-$D$22)/$D27*100) -> 42.432337 | P27: =IF(OR(4=8,$D27<=0,$D$23<=0),1000000,ABS($D27-$D$23)/$D27*100) -> 106.53148 | Q27: =IF(OR(5=8,$D27<=0,$D$24<=0),1000000,ABS($D27-$D$24)/$D27*100) -> 178.95332 | R27: =IF(OR(6=8,$D27<=0,$D$25<=0),1000000,ABS($D27-$D$25)/$D27*100) -> 66.666667 | S27: =IF(OR(7=8,$D27<=0,$D$26<=0),1000000,ABS($D27-$D$26)/$D27*100) -> 33.333333 | T27: =IF(OR(8=8,$D27<=0,$D$27<=0),1000000,ABS($D27-$D$27)/$D27*100) -> 1000000 | U27: =IF(OR(9=8,$D27<=0,$D$28<=0),1000000,ABS($D27-$D$28)/$D27*100) -> 33.333333 | V27: =IF(OR(10=8,$D27<=0,$D$29<=0),1000000,ABS($D27-$D$29)/$D27*100) -> 17.229077 | W27: =IF(OR(11=8,$D27<=0,$D$30<=0),1000000,ABS($D27-$D$30)/$D27*100) -> 148.79846 | X27: =IF(OR(12=8,$D27<=0,$D$31<=0),1000000,ABS($D27-$D$31)/$D27*100) -> 283.95099 | Y27: =IF(OR(13=8,$D27<=0,$D$32<=0),1000000,ABS($D27-$D$32)/$D27*100) -> 417.02129 | Z27: =IF(OR(14=8,$D27<=0,$D$33<=0),1000000,ABS($D27-$D$33)/$D27*100) -> 82.321177 | AA27: =IF(OR(15=8,$D27<=0,$D$34<=0),1000000,ABS($D27-$D$34)/$D27*100) -> 264.64235 | AB27: =IF(OR(16=8,$D27<=0,$D$35<=0),1000000,ABS($D27-$D$35)/$D27*100) -> 446.96353 | AD27: =IF(OR($B$7="",$B$7<=0,$D27<=0),1000000,ABS($D27-$B$7)/$D27*100) -> 85.87169 | AE27: =IF(OR($B$8="",$B$8<=0,$D27<=0),1000000,ABS($D27-$B$8)/$D27*100) -> 74.883005 | AF27: =IF(OR($B$9="",$B$9<=0,$D27<=0),1000000,ABS($D27-$B$9)/$D27*100) -> 60.754696 | AG27: =IF(OR($B$10="",$B$10<=0,$D27<=0),1000000,ABS($D27-$B$10)/$D27*100) -> 44.271668 | AH27: =IF(OR($B$11="",$B$11<=0,$D27<=0),1000000,ABS($D27-$B$11)/$D27*100) -> 26.218828 | AI27: =IF(OR($B$12="",$B$12<=0,$D27<=0),1000000,ABS($D27-$B$12)/$D27*100) -> 1000000 | AJ27: =IF(OR($B$13="",$B$13<=0,$D27<=0),1000000,ABS($D27-$B$13)/$D27*100) -> 1000000 | AK27: =IF(OR($B$14="",$B$14<=0,$D27<=0),1000000,ABS($D27-$B$14)/$D27*100) -> 1000000 | AL27: =IF(OR($B$15="",$B$15<=0,$D27<=0),1000000,ABS($D27-$B$15)/$D27*100) -> 1000000 | AM27: =IF(OR($B$16="",$B$16<=0,$D27<=0),1000000,ABS($D27-$B$16)/$D27*100) -> 1000000
A28: 10 | B28: =固有振動数!$R$15 -> ねじり 4次 | C28: =固有振動数!$I$15 -> 16987.17 | D28: =C28*$C$4 -> 16987.17 | E28: =IF(AND(D28>=$C$3,D28<=$F$3),"○ 帯域内","− 帯域外") -> − 帯域外 | F28: =MIN(L28:AB28) -> 6.8242531 | G28: =MIN(AD28:AM28) -> 44.664121 | H28: =IF(E28="− 帯域外","− 対象外",IF(OR(F28<$I$3,G28<$I$3),"🔴 高リスク",IF(OR(F28<$I$3*2,G28<$I$3*2),"🟡 中リスク","🟢 低リスク"))) -> − 対象外 | I28: =IF(E28="○ 帯域内",F28,1000000) -> 1000000 | J28: =IF(E28="○ 帯域内",G28,1000000) -> 1000000 | L28: =IF(OR(0=9,$D28<=0,$D$19<=0),1000000,ABS($D28-$D$19)/$D28*100) -> 87.322146 | M28: =IF(OR(1=9,$D28<=0,$D$20<=0),1000000,ABS($D28-$D$20)/$D28*100) -> 65.52287 | N28: =IF(OR(2=9,$D28<=0,$D$21<=0),1000000,ABS($D28-$D$21)/$D28*100) -> 33.731701 | O28: =IF(OR(3=9,$D28<=0,$D$22<=0),1000000,ABS($D28-$D$22)/$D28*100) -> 6.8242531 | P28: =IF(OR(4=9,$D28<=0,$D$23<=0),1000000,ABS($D28-$D$23)/$D28*100) -> 54.898607 | Q28: =IF(OR(5=9,$D28<=0,$D$24<=0),1000000,ABS($D28-$D$24)/$D28*100) -> 109.21499 | R28: =IF(OR(6=9,$D28<=0,$D$25<=0),1000000,ABS($D28-$D$25)/$D28*100) -> 75 | S28: =IF(OR(7=9,$D28<=0,$D$26<=0),1000000,ABS($D28-$D$26)/$D28*100) -> 50 | T28: =IF(OR(8=9,$D28<=0,$D$27<=0),1000000,ABS($D28-$D$27)/$D28*100) -> 25 | U28: =IF(OR(9=9,$D28<=0,$D$28<=0),1000000,ABS($D28-$D$28)/$D28*100) -> 1000000 | V28: =IF(OR(10=9,$D28<=0,$D$29<=0),1000000,ABS($D28-$D$29)/$D28*100) -> 12.078192 | W28: =IF(OR(11=9,$D28<=0,$D$30<=0),1000000,ABS($D28-$D$30)/$D28*100) -> 86.598846 | X28: =IF(OR(12=9,$D28<=0,$D$31<=0),1000000,ABS($D28-$D$31)/$D28*100) -> 187.96324 | Y28: =IF(OR(13=9,$D28<=0,$D$32<=0),1000000,ABS($D28-$D$32)/$D28*100) -> 287.76597 | Z28: =IF(OR(14=9,$D28<=0,$D$33<=0),1000000,ABS($D28-$D$33)/$D28*100) -> 36.740883 | AA28: =IF(OR(15=9,$D28<=0,$D$34<=0),1000000,ABS($D28-$D$34)/$D28*100) -> 173.48177 | AB28: =IF(OR(16=9,$D28<=0,$D$35<=0),1000000,ABS($D28-$D$35)/$D28*100) -> 310.22265 | AD28: =IF(OR($B$7="",$B$7<=0,$D28<=0),1000000,ABS($D28-$B$7)/$D28*100) -> 89.403768 | AE28: =IF(OR($B$8="",$B$8<=0,$D28<=0),1000000,ABS($D28-$B$8)/$D28*100) -> 81.162254 | AF28: =IF(OR($B$9="",$B$9<=0,$D28<=0),1000000,ABS($D28-$B$9)/$D28*100) -> 70.566022 | AG28: =IF(OR($B$10="",$B$10<=0,$D28<=0),1000000,ABS($D28-$B$10)/$D28*100) -> 58.203751 | AH28: =IF(OR($B$11="",$B$11<=0,$D28<=0),1000000,ABS($D28-$B$11)/$D28*100) -> 44.664121 | AI28: =IF(OR($B$12="",$B$12<=0,$D28<=0),1000000,ABS($D28-$B$12)/$D28*100) -> 1000000 | AJ28: =IF(OR($B$13="",$B$13<=0,$D28<=0),1000000,ABS($D28-$B$13)/$D28*100) -> 1000000 | AK28: =IF(OR($B$14="",$B$14<=0,$D28<=0),1000000,ABS($D28-$B$14)/$D28*100) -> 1000000 | AL28: =IF(OR($B$15="",$B$15<=0,$D28<=0),1000000,ABS($D28-$B$15)/$D28*100) -> 1000000 | AM28: =IF(OR($B$16="",$B$16<=0,$D28<=0),1000000,ABS($D28-$B$16)/$D28*100) -> 1000000
A29: 11 | B29: =固有振動数!$R$16 -> 面内曲げ 1次 | C29: =固有振動数!$I$16 -> 14935.427 | D29: =C29*$C$4 -> 14935.427 | E29: =IF(AND(D29>=$C$3,D29<=$F$3),"○ 帯域内","− 帯域外") -> ○ 帯域内 | F29: =MIN(L29:AB29) -> 13.737425 | G29: =MIN(AD29:AM29) -> 37.062396 | H29: =IF(E29="− 帯域外","− 対象外",IF(OR(F29<$I$3,G29<$I$3),"🔴 高リスク",IF(OR(F29<$I$3*2,G29<$I$3*2),"🟡 中リスク","🟢 低リスク"))) -> 🟢 低リスク | I29: =IF(E29="○ 帯域内",F29,1000000) -> 13.737425 | J29: =IF(E29="○ 帯域内",G29,1000000) -> 37.062396 | L29: =IF(OR(0=10,$D29<=0,$D$19<=0),1000000,ABS($D29-$D$19)/$D29*100) -> 85.580535 | M29: =IF(OR(1=10,$D29<=0,$D$20<=0),1000000,ABS($D29-$D$20)/$D29*100) -> 60.7866 | N29: =IF(OR(2=10,$D29<=0,$D$21<=0),1000000,ABS($D29-$D$21)/$D29*100) -> 24.628144 | O29: =IF(OR(3=10,$D29<=0,$D$22<=0),1000000,ABS($D29-$D$22)/$D29*100) -> 21.499155 | P29: =IF(OR(4=10,$D29<=0,$D$23<=0),1000000,ABS($D29-$D$23)/$D29*100) -> 76.177687 | Q29: =IF(OR(5=10,$D29<=0,$D$24<=0),1000000,ABS($D29-$D$24)/$D29*100) -> 137.95574 | R29: =IF(OR(6=10,$D29<=0,$D$25<=0),1000000,ABS($D29-$D$25)/$D29*100) -> 71.565644 | S29: =IF(OR(7=10,$D29<=0,$D$26<=0),1000000,ABS($D29-$D$26)/$D29*100) -> 43.131288 | T29: =IF(OR(8=10,$D29<=0,$D$27<=0),1000000,ABS($D29-$D$27)/$D29*100) -> 14.696931 | U29: =IF(OR(9=10,$D29<=0,$D$28<=0),1000000,ABS($D29-$D$28)/$D29*100) -> 13.737425 | V29: =IF(OR(10=10,$D29<=0,$D$29<=0),1000000,ABS($D29-$D$29)/$D29*100) -> 1000000 | W29: =IF(OR(11=10,$D29<=0,$D$30<=0),1000000,ABS($D29-$D$30)/$D29*100) -> 112.23272 | X29: =IF(OR(12=10,$D29<=0,$D$31<=0),1000000,ABS($D29-$D$31)/$D29*100) -> 227.52198 | Y29: =IF(OR(13=10,$D29<=0,$D$32<=0),1000000,ABS($D29-$D$32)/$D29*100) -> 341.03502 | Z29: =IF(OR(14=10,$D29<=0,$D$33<=0),1000000,ABS($D29-$D$33)/$D29*100) -> 55.525559 | AA29: =IF(OR(15=10,$D29<=0,$D$34<=0),1000000,ABS($D29-$D$34)/$D29*100) -> 211.05112 | AB29: =IF(OR(16=10,$D29<=0,$D$35<=0),1000000,ABS($D29-$D$35)/$D29*100) -> 366.57668 | AD29: =IF(OR($B$7="",$B$7<=0,$D29<=0),1000000,ABS($D29-$B$7)/$D29*100) -> 87.948118 | AE29: =IF(OR($B$8="",$B$8<=0,$D29<=0),1000000,ABS($D29-$B$8)/$D29*100) -> 78.574433 | AF29: =IF(OR($B$9="",$B$9<=0,$D29<=0),1000000,ABS($D29-$B$9)/$D29*100) -> 66.522551 | AG29: =IF(OR($B$10="",$B$10<=0,$D29<=0),1000000,ABS($D29-$B$10)/$D29*100) -> 52.462023 | AH29: =IF(OR($B$11="",$B$11<=0,$D29<=0),1000000,ABS($D29-$B$11)/$D29*100) -> 37.062396 | AI29: =IF(OR($B$12="",$B$12<=0,$D29<=0),1000000,ABS($D29-$B$12)/$D29*100) -> 1000000 | AJ29: =IF(OR($B$13="",$B$13<=0,$D29<=0),1000000,ABS($D29-$B$13)/$D29*100) -> 1000000 | AK29: =IF(OR($B$14="",$B$14<=0,$D29<=0),1000000,ABS($D29-$B$14)/$D29*100) -> 1000000 | AL29: =IF(OR($B$15="",$B$15<=0,$D29<=0),1000000,ABS($D29-$B$15)/$D29*100) -> 1000000 | AM29: =IF(OR($B$16="",$B$16<=0,$D29<=0),1000000,ABS($D29-$B$16)/$D29*100) -> 1000000
A30: 12 | B30: =固有振動数!$R$17 -> 面内曲げ 2次 | C30: =固有振動数!$I$17 -> 31697.864 | D30: =C30*$C$4 -> 31697.864 | E30: =IF(AND(D30>=$C$3,D30<=$F$3),"○ 帯域内","− 帯域外") -> − 帯域外 | F30: =MIN(L30:AB30) -> 12.120193 | G30: =MIN(AD30:AM30) -> 70.345005 | H30: =IF(E30="− 帯域外","− 対象外",IF(OR(F30<$I$3,G30<$I$3),"🔴 高リスク",IF(OR(F30<$I$3*2,G30<$I$3*2),"🟡 中リスク","🟢 低リスク"))) -> − 対象外 | I30: =IF(E30="○ 帯域内",F30,1000000) -> 1000000 | J30: =IF(E30="○ 帯域内",G30,1000000) -> 1000000 | L30: =IF(OR(0=11,$D30<=0,$D$19<=0),1000000,ABS($D30-$D$19)/$D30*100) -> 93.205824 | M30: =IF(OR(1=11,$D30<=0,$D$20<=0),1000000,ABS($D30-$D$20)/$D30*100) -> 81.523396 | N30: =IF(OR(2=11,$D30<=0,$D$21<=0),1000000,ABS($D30-$D$21)/$D30*100) -> 64.486223 | O30: =IF(OR(3=11,$D30<=0,$D$22<=0),1000000,ABS($D30-$D$22)/$D30*100) -> 42.751922 | P30: =IF(OR(4=11,$D30<=0,$D$23<=0),1000000,ABS($D30-$D$23)/$D30*100) -> 16.988443 | Q30: =IF(OR(5=11,$D30<=0,$D$24<=0),1000000,ABS($D30-$D$24)/$D30*100) -> 12.120193 | R30: =IF(OR(6=11,$D30<=0,$D$25<=0),1000000,ABS($D30-$D$25)/$D30*100) -> 86.602275 | S30: =IF(OR(7=11,$D30<=0,$D$26<=0),1000000,ABS($D30-$D$26)/$D30*100) -> 73.20455 | T30: =IF(OR(8=11,$D30<=0,$D$27<=0),1000000,ABS($D30-$D$27)/$D30*100) -> 59.806825 | U30: =IF(OR(9=11,$D30<=0,$D$28<=0),1000000,ABS($D30-$D$28)/$D30*100) -> 46.409101 | V30: =IF(OR(10=11,$D30<=0,$D$29<=0),1000000,ABS($D30-$D$29)/$D30*100) -> 52.881912 | W30: =IF(OR(11=11,$D30<=0,$D$30<=0),1000000,ABS($D30-$D$30)/$D30*100) -> 1000000 | X30: =IF(OR(12=11,$D30<=0,$D$31<=0),1000000,ABS($D30-$D$31)/$D30*100) -> 54.322091 | Y30: =IF(OR(13=11,$D30<=0,$D$32<=0),1000000,ABS($D30-$D$32)/$D30*100) -> 107.80727 | Z30: =IF(OR(14=11,$D30<=0,$D$33<=0),1000000,ABS($D30-$D$33)/$D30*100) -> 26.719331 | AA30: =IF(OR(15=11,$D30<=0,$D$34<=0),1000000,ABS($D30-$D$34)/$D30*100) -> 46.561338 | AB30: =IF(OR(16=11,$D30<=0,$D$35<=0),1000000,ABS($D30-$D$35)/$D30*100) -> 119.84201 | AD30: =IF(OR($B$7="",$B$7<=0,$D30<=0),1000000,ABS($D30-$B$7)/$D30*100) -> 94.321384 | AE30: =IF(OR($B$8="",$B$8<=0,$D30<=0),1000000,ABS($D30-$B$8)/$D30*100) -> 89.904682 | AF30: =IF(OR($B$9="",$B$9<=0,$D30<=0),1000000,ABS($D30-$B$9)/$D30*100) -> 84.226066 | AG30: =IF(OR($B$10="",$B$10<=0,$D30<=0),1000000,ABS($D30-$B$10)/$D30*100) -> 77.601014 | AH30: =IF(OR($B$11="",$B$11<=0,$D30<=0),1000000,ABS($D30-$B$11)/$D30*100) -> 70.345005 | AI30: =IF(OR($B$12="",$B$12<=0,$D30<=0),1000000,ABS($D30-$B$12)/$D30*100) -> 1000000 | AJ30: =IF(OR($B$13="",$B$13<=0,$D30<=0),1000000,ABS($D30-$B$13)/$D30*100) -> 1000000 | AK30: =IF(OR($B$14="",$B$14<=0,$D30<=0),1000000,ABS($D30-$B$14)/$D30*100) -> 1000000 | AL30: =IF(OR($B$15="",$B$15<=0,$D30<=0),1000000,ABS($D30-$B$15)/$D30*100) -> 1000000 | AM30: =IF(OR($B$16="",$B$16<=0,$D30<=0),1000000,ABS($D30-$B$16)/$D30*100) -> 1000000
A31: 13 | B31: =固有振動数!$R$18 -> 面内曲げ 3次 | C31: =固有振動数!$I$18 -> 48916.806 | D31: =C31*$C$4 -> 48916.806 | E31: =IF(AND(D31>=$C$3,D31<=$F$3),"○ 帯域内","− 帯域外") -> − 帯域外 | F31: =MIN(L31:AB31) -> 5.028932 | G31: =MIN(AD31:AM31) -> 80.783701 | H31: =IF(E31="− 帯域外","− 対象外",IF(OR(F31<$I$3,G31<$I$3),"🔴 高リスク",IF(OR(F31<$I$3*2,G31<$I$3*2),"🟡 中リスク","🟢 低リスク"))) -> − 対象外 | I31: =IF(E31="○ 帯域内",F31,1000000) -> 1000000 | J31: =IF(E31="○ 帯域内",G31,1000000) -> 1000000 | L31: =IF(OR(0=12,$D31<=0,$D$19<=0),1000000,ABS($D31-$D$19)/$D31*100) -> 95.597405 | M31: =IF(OR(1=12,$D31<=0,$D$20<=0),1000000,ABS($D31-$D$20)/$D31*100) -> 88.027246 | N31: =IF(OR(2=12,$D31<=0,$D$21<=0),1000000,ABS($D31-$D$21)/$D31*100) -> 76.987237 | O31: =IF(OR(3=12,$D31<=0,$D$22<=0),1000000,ABS($D31-$D$22)/$D31*100) -> 62.903511 | P31: =IF(OR(4=12,$D31<=0,$D$23<=0),1000000,ABS($D31-$D$23)/$D31*100) -> 46.208896 | Q31: =IF(OR(5=12,$D31<=0,$D$24<=0),1000000,ABS($D31-$D$24)/$D31*100) -> 27.346634 | R31: =IF(OR(6=12,$D31<=0,$D$25<=0),1000000,ABS($D31-$D$25)/$D31*100) -> 91.318336 | S31: =IF(OR(7=12,$D31<=0,$D$26<=0),1000000,ABS($D31-$D$26)/$D31*100) -> 82.636673 | T31: =IF(OR(8=12,$D31<=0,$D$27<=0),1000000,ABS($D31-$D$27)/$D31*100) -> 73.955009 | U31: =IF(OR(9=12,$D31<=0,$D$28<=0),1000000,ABS($D31-$D$28)/$D31*100) -> 65.273345 | V31: =IF(OR(10=12,$D31<=0,$D$29<=0),1000000,ABS($D31-$D$29)/$D31*100) -> 69.467698 | W31: =IF(OR(11=12,$D31<=0,$D$30<=0),1000000,ABS($D31-$D$30)/$D31*100) -> 35.200463 | X31: =IF(OR(12=12,$D31<=0,$D$31<=0),1000000,ABS($D31-$D$31)/$D31*100) -> 1000000 | Y31: =IF(OR(13=12,$D31<=0,$D$32<=0),1000000,ABS($D31-$D$32)/$D31*100) -> 34.658147 | Z31: =IF(OR(14=12,$D31<=0,$D$33<=0),1000000,ABS($D31-$D$33)/$D31*100) -> 52.514466 | AA31: =IF(OR(15=12,$D31<=0,$D$34<=0),1000000,ABS($D31-$D$34)/$D31*100) -> 5.028932 | AB31: =IF(OR(16=12,$D31<=0,$D$35<=0),1000000,ABS($D31-$D$35)/$D31*100) -> 42.456602 | AD31: =IF(OR($B$7="",$B$7<=0,$D31<=0),1000000,ABS($D31-$B$7)/$D31*100) -> 96.320283 | AE31: =IF(OR($B$8="",$B$8<=0,$D31<=0),1000000,ABS($D31-$B$8)/$D31*100) -> 93.458281 | AF31: =IF(OR($B$9="",$B$9<=0,$D31<=0),1000000,ABS($D31-$B$9)/$D31*100) -> 89.778564 | AG31: =IF(OR($B$10="",$B$10<=0,$D31<=0),1000000,ABS($D31-$B$10)/$D31*100) -> 85.485561 | AH31: =IF(OR($B$11="",$B$11<=0,$D31<=0),1000000,ABS($D31-$B$11)/$D31*100) -> 80.783701 | AI31: =IF(OR($B$12="",$B$12<=0,$D31<=0),1000000,ABS($D31-$B$12)/$D31*100) -> 1000000 | AJ31: =IF(OR($B$13="",$B$13<=0,$D31<=0),1000000,ABS($D31-$B$13)/$D31*100) -> 1000000 | AK31: =IF(OR($B$14="",$B$14<=0,$D31<=0),1000000,ABS($D31-$B$14)/$D31*100) -> 1000000 | AL31: =IF(OR($B$15="",$B$15<=0,$D31<=0),1000000,ABS($D31-$B$15)/$D31*100) -> 1000000 | AM31: =IF(OR($B$16="",$B$16<=0,$D31<=0),1000000,ABS($D31-$B$16)/$D31*100) -> 1000000
A32: 14 | B32: =固有振動数!$R$19 -> 面内曲げ 4次 | C32: =固有振動数!$I$19 -> 65870.465 | D32: =C32*$C$4 -> 65870.465 | E32: =IF(AND(D32>=$C$3,D32<=$F$3),"○ 帯域内","− 帯域外") -> − 帯域外 | F32: =MIN(L32:AB32) -> 5.7912982 | G32: =MIN(AD32:AM32) -> 85.729568 | H32: =IF(E32="− 帯域外","− 対象外",IF(OR(F32<$I$3,G32<$I$3),"🔴 高リスク",IF(OR(F32<$I$3*2,G32<$I$3*2),"🟡 中リスク","🟢 低リスク"))) -> − 対象外 | I32: =IF(E32="○ 帯域内",F32,1000000) -> 1000000 | J32: =IF(E32="○ 帯域内",G32,1000000) -> 1000000 | L32: =IF(OR(0=13,$D32<=0,$D$19<=0),1000000,ABS($D32-$D$19)/$D32*100) -> 96.73054 | M32: =IF(OR(1=13,$D32<=0,$D$20<=0),1000000,ABS($D32-$D$20)/$D32*100) -> 91.108779 | N32: =IF(OR(2=13,$D32<=0,$D$21<=0),1000000,ABS($D32-$D$21)/$D32*100) -> 82.910233 | O32: =IF(OR(3=13,$D32<=0,$D$22<=0),1000000,ABS($D32-$D$22)/$D32*100) -> 72.451359 | P32: =IF(OR(4=13,$D32<=0,$D$23<=0),1000000,ABS($D32-$D$23)/$D32*100) -> 60.053584 | Q32: =IF(OR(5=13,$D32<=0,$D$24<=0),1000000,ABS($D32-$D$24)/$D32*100) -> 46.046068 | R32: =IF(OR(6=13,$D32<=0,$D$25<=0),1000000,ABS($D32-$D$25)/$D32*100) -> 93.552812 | S32: =IF(OR(7=13,$D32<=0,$D$26<=0),1000000,ABS($D32-$D$26)/$D32*100) -> 87.105624 | T32: =IF(OR(8=13,$D32<=0,$D$27<=0),1000000,ABS($D32-$D$27)/$D32*100) -> 80.658437 | U32: =IF(OR(9=13,$D32<=0,$D$28<=0),1000000,ABS($D32-$D$28)/$D32*100) -> 74.211249 | V32: =IF(OR(10=13,$D32<=0,$D$29<=0),1000000,ABS($D32-$D$29)/$D32*100) -> 77.326064 | W32: =IF(OR(11=13,$D32<=0,$D$30<=0),1000000,ABS($D32-$D$30)/$D32*100) -> 51.878488 | X32: =IF(OR(12=13,$D32<=0,$D$31<=0),1000000,ABS($D32-$D$31)/$D32*100) -> 25.737876 | Y32: =IF(OR(13=13,$D32<=0,$D$32<=0),1000000,ABS($D32-$D$32)/$D32*100) -> 1000000 | Z32: =IF(OR(14=13,$D32<=0,$D$33<=0),1000000,ABS($D32-$D$33)/$D32*100) -> 64.736234 | AA32: =IF(OR(15=13,$D32<=0,$D$34<=0),1000000,ABS($D32-$D$34)/$D32*100) -> 29.472468 | AB32: =IF(OR(16=13,$D32<=0,$D$35<=0),1000000,ABS($D32-$D$35)/$D32*100) -> 5.7912982 | AD32: =IF(OR($B$7="",$B$7<=0,$D32<=0),1000000,ABS($D32-$B$7)/$D32*100) -> 97.267364 | AE32: =IF(OR($B$8="",$B$8<=0,$D32<=0),1000000,ABS($D32-$B$8)/$D32*100) -> 95.141981 | AF32: =IF(OR($B$9="",$B$9<=0,$D32<=0),1000000,ABS($D32-$B$9)/$D32*100) -> 92.409345 | AG32: =IF(OR($B$10="",$B$10<=0,$D32<=0),1000000,ABS($D32-$B$10)/$D32*100) -> 89.221269 | AH32: =IF(OR($B$11="",$B$11<=0,$D32<=0),1000000,ABS($D32-$B$11)/$D32*100) -> 85.729568 | AI32: =IF(OR($B$12="",$B$12<=0,$D32<=0),1000000,ABS($D32-$B$12)/$D32*100) -> 1000000 | AJ32: =IF(OR($B$13="",$B$13<=0,$D32<=0),1000000,ABS($D32-$B$13)/$D32*100) -> 1000000 | AK32: =IF(OR($B$14="",$B$14<=0,$D32<=0),1000000,ABS($D32-$B$14)/$D32*100) -> 1000000 | AL32: =IF(OR($B$15="",$B$15<=0,$D32<=0),1000000,ABS($D32-$B$15)/$D32*100) -> 1000000 | AM32: =IF(OR($B$16="",$B$16<=0,$D32<=0),1000000,ABS($D32-$B$16)/$D32*100) -> 1000000
A33: 15 | B33: =固有振動数!$R$20 -> 面内伸縮 1次 | C33: =固有振動数!$I$20 -> 23228.407 | D33: =C33*$C$4 -> 23228.407 | E33: =IF(AND(D33>=$C$3,D33<=$F$3),"○ 帯域内","− 帯域外") -> − 帯域外 | F33: =MIN(L33:AB33) -> 13.278929 | G33: =MIN(AD33:AM33) -> 59.532308 | H33: =IF(E33="− 帯域外","− 対象外",IF(OR(F33<$I$3,G33<$I$3),"🔴 高リスク",IF(OR(F33<$I$3*2,G33<$I$3*2),"🟡 中リスク","🟢 低リスク"))) -> − 対象外 | I33: =IF(E33="○ 帯域内",F33,1000000) -> 1000000 | J33: =IF(E33="○ 帯域内",G33,1000000) -> 1000000 | L33: =IF(OR(0=14,$D33<=0,$D$19<=0),1000000,ABS($D33-$D$19)/$D33*100) -> 90.728556 | M33: =IF(OR(1=14,$D33<=0,$D$20<=0),1000000,ABS($D33-$D$20)/$D33*100) -> 74.786523 | N33: =IF(OR(2=14,$D33<=0,$D$21<=0),1000000,ABS($D33-$D$21)/$D33*100) -> 51.537318 | O33: =IF(OR(3=14,$D33<=0,$D$22<=0),1000000,ABS($D33-$D$22)/$D33*100) -> 21.878336 | P33: =IF(OR(4=14,$D33<=0,$D$23<=0),1000000,ABS($D33-$D$23)/$D33*100) -> 13.278929 | Q33: =IF(OR(5=14,$D33<=0,$D$24<=0),1000000,ABS($D33-$D$24)/$D33*100) -> 53.00105 | R33: =IF(OR(6=14,$D33<=0,$D$25<=0),1000000,ABS($D33-$D$25)/$D33*100) -> 81.717245 | S33: =IF(OR(7=14,$D33<=0,$D$26<=0),1000000,ABS($D33-$D$26)/$D33*100) -> 63.434491 | T33: =IF(OR(8=14,$D33<=0,$D$27<=0),1000000,ABS($D33-$D$27)/$D33*100) -> 45.151736 | U33: =IF(OR(9=14,$D33<=0,$D$28<=0),1000000,ABS($D33-$D$28)/$D33*100) -> 26.868982 | V33: =IF(OR(10=14,$D33<=0,$D$29<=0),1000000,ABS($D33-$D$29)/$D33*100) -> 35.701887 | W33: =IF(OR(11=14,$D33<=0,$D$30<=0),1000000,ABS($D33-$D$30)/$D33*100) -> 36.461636 | X33: =IF(OR(12=14,$D33<=0,$D$31<=0),1000000,ABS($D33-$D$31)/$D33*100) -> 110.59045 | Y33: =IF(OR(13=14,$D33<=0,$D$32<=0),1000000,ABS($D33-$D$32)/$D33*100) -> 183.5772 | Z33: =IF(OR(14=14,$D33<=0,$D$33<=0),1000000,ABS($D33-$D$33)/$D33*100) -> 1000000 | AA33: =IF(OR(15=14,$D33<=0,$D$34<=0),1000000,ABS($D33-$D$34)/$D33*100) -> 100 | AB33: =IF(OR(16=14,$D33<=0,$D$35<=0),1000000,ABS($D33-$D$35)/$D33*100) -> 200 | AD33: =IF(OR($B$7="",$B$7<=0,$D33<=0),1000000,ABS($D33-$B$7)/$D33*100) -> 92.250868 | AE33: =IF(OR($B$8="",$B$8<=0,$D33<=0),1000000,ABS($D33-$B$8)/$D33*100) -> 86.223765 | AF33: =IF(OR($B$9="",$B$9<=0,$D33<=0),1000000,ABS($D33-$B$9)/$D33*100) -> 78.474632 | AG33: =IF(OR($B$10="",$B$10<=0,$D33<=0),1000000,ABS($D33-$B$10)/$D33*100) -> 69.433978 | AH33: =IF(OR($B$11="",$B$11<=0,$D33<=0),1000000,ABS($D33-$B$11)/$D33*100) -> 59.532308 | AI33: =IF(OR($B$12="",$B$12<=0,$D33<=0),1000000,ABS($D33-$B$12)/$D33*100) -> 1000000 | AJ33: =IF(OR($B$13="",$B$13<=0,$D33<=0),1000000,ABS($D33-$B$13)/$D33*100) -> 1000000 | AK33: =IF(OR($B$14="",$B$14<=0,$D33<=0),1000000,ABS($D33-$B$14)/$D33*100) -> 1000000 | AL33: =IF(OR($B$15="",$B$15<=0,$D33<=0),1000000,ABS($D33-$B$15)/$D33*100) -> 1000000 | AM33: =IF(OR($B$16="",$B$16<=0,$D33<=0),1000000,ABS($D33-$B$16)/$D33*100) -> 1000000
A34: 16 | B34: =固有振動数!$R$21 -> 面内伸縮 2次 | C34: =固有振動数!$I$21 -> 46456.813 | D34: =C34*$C$4 -> 46456.813 | E34: =IF(AND(D34>=$C$3,D34<=$F$3),"○ 帯域内","− 帯域外") -> − 帯域外 | F34: =MIN(L34:AB34) -> 5.2952252 | G34: =MIN(AD34:AM34) -> 79.766154 | H34: =IF(E34="− 帯域外","− 対象外",IF(OR(F34<$I$3,G34<$I$3),"🔴 高リスク",IF(OR(F34<$I$3*2,G34<$I$3*2),"🟡 中リスク","🟢 低リスク"))) -> − 対象外 | I34: =IF(E34="○ 帯域内",F34,1000000) -> 1000000 | J34: =IF(E34="○ 帯域内",G34,1000000) -> 1000000 | L34: =IF(OR(0=15,$D34<=0,$D$19<=0),1000000,ABS($D34-$D$19)/$D34*100) -> 95.364278 | M34: =IF(OR(1=15,$D34<=0,$D$20<=0),1000000,ABS($D34-$D$20)/$D34*100) -> 87.393262 | N34: =IF(OR(2=15,$D34<=0,$D$21<=0),1000000,ABS($D34-$D$21)/$D34*100) -> 75.768659 | O34: =IF(OR(3=15,$D34<=0,$D$22<=0),1000000,ABS($D34-$D$22)/$D34*100) -> 60.939168 | P34: =IF(OR(4=15,$D34<=0,$D$23<=0),1000000,ABS($D34-$D$23)/$D34*100) -> 43.360536 | Q34: =IF(OR(5=15,$D34<=0,$D$24<=0),1000000,ABS($D34-$D$24)/$D34*100) -> 23.499475 | R34: =IF(OR(6=15,$D34<=0,$D$25<=0),1000000,ABS($D34-$D$25)/$D34*100) -> 90.858623 | S34: =IF(OR(7=15,$D34<=0,$D$26<=0),1000000,ABS($D34-$D$26)/$D34*100) -> 81.717245 | T34: =IF(OR(8=15,$D34<=0,$D$27<=0),1000000,ABS($D34-$D$27)/$D34*100) -> 72.575868 | U34: =IF(OR(9=15,$D34<=0,$D$28<=0),1000000,ABS($D34-$D$28)/$D34*100) -> 63.434491 | V34: =IF(OR(10=15,$D34<=0,$D$29<=0),1000000,ABS($D34-$D$29)/$D34*100) -> 67.850943 | W34: =IF(OR(11=15,$D34<=0,$D$30<=0),1000000,ABS($D34-$D$30)/$D34*100) -> 31.769182 | X34: =IF(OR(12=15,$D34<=0,$D$31<=0),1000000,ABS($D34-$D$31)/$D34*100) -> 5.2952252 | Y34: =IF(OR(13=15,$D34<=0,$D$32<=0),1000000,ABS($D34-$D$32)/$D34*100) -> 41.788599 | Z34: =IF(OR(14=15,$D34<=0,$D$33<=0),1000000,ABS($D34-$D$33)/$D34*100) -> 50 | AA34: =IF(OR(15=15,$D34<=0,$D$34<=0),1000000,ABS($D34-$D$34)/$D34*100) -> 1000000 | AB34: =IF(OR(16=15,$D34<=0,$D$35<=0),1000000,ABS($D34-$D$35)/$D34*100) -> 50 | AD34: =IF(OR($B$7="",$B$7<=0,$D34<=0),1000000,ABS($D34-$B$7)/$D34*100) -> 96.125434 | AE34: =IF(OR($B$8="",$B$8<=0,$D34<=0),1000000,ABS($D34-$B$8)/$D34*100) -> 93.111882 | AF34: =IF(OR($B$9="",$B$9<=0,$D34<=0),1000000,ABS($D34-$B$9)/$D34*100) -> 89.237316 | AG34: =IF(OR($B$10="",$B$10<=0,$D34<=0),1000000,ABS($D34-$B$10)/$D34*100) -> 84.716989 | AH34: =IF(OR($B$11="",$B$11<=0,$D34<=0),1000000,ABS($D34-$B$11)/$D34*100) -> 79.766154 | AI34: =IF(OR($B$12="",$B$12<=0,$D34<=0),1000000,ABS($D34-$B$12)/$D34*100) -> 1000000 | AJ34: =IF(OR($B$13="",$B$13<=0,$D34<=0),1000000,ABS($D34-$B$13)/$D34*100) -> 1000000 | AK34: =IF(OR($B$14="",$B$14<=0,$D34<=0),1000000,ABS($D34-$B$14)/$D34*100) -> 1000000 | AL34: =IF(OR($B$15="",$B$15<=0,$D34<=0),1000000,ABS($D34-$B$15)/$D34*100) -> 1000000 | AM34: =IF(OR($B$16="",$B$16<=0,$D34<=0),1000000,ABS($D34-$B$16)/$D34*100) -> 1000000
A35: 17 | B35: =固有振動数!$R$22 -> 面内伸縮 3次 | C35: =固有振動数!$I$22 -> 69685.22 | D35: =C35*$C$4 -> 69685.22 | E35: =IF(AND(D35>=$C$3,D35<=$F$3),"○ 帯域内","− 帯域外") -> − 帯域外 | F35: =MIN(L35:AB35) -> 5.4742671 | G35: =MIN(AD35:AM35) -> 86.510769 | H35: =IF(E35="− 帯域外","− 対象外",IF(OR(F35<$I$3,G35<$I$3),"🔴 高リスク",IF(OR(F35<$I$3*2,G35<$I$3*2),"🟡 中リスク","🟢 低リスク"))) -> − 対象外 | I35: =IF(E35="○ 帯域内",F35,1000000) -> 1000000 | J35: =IF(E35="○ 帯域内",G35,1000000) -> 1000000 | L35: =IF(OR(0=16,$D35<=0,$D$19<=0),1000000,ABS($D35-$D$19)/$D35*100) -> 96.909519 | M35: =IF(OR(1=16,$D35<=0,$D$20<=0),1000000,ABS($D35-$D$20)/$D35*100) -> 91.595508 | N35: =IF(OR(2=16,$D35<=0,$D$21<=0),1000000,ABS($D35-$D$21)/$D35*100) -> 83.845773 | O35: =IF(OR(3=16,$D35<=0,$D$22<=0),1000000,ABS($D35-$D$22)/$D35*100) -> 73.959445 | P35: =IF(OR(4=16,$D35<=0,$D$23<=0),1000000,ABS($D35-$D$23)/$D35*100) -> 62.240357 | Q35: =IF(OR(5=16,$D35<=0,$D$24<=0),1000000,ABS($D35-$D$24)/$D35*100) -> 48.99965 | R35: =IF(OR(6=16,$D35<=0,$D$25<=0),1000000,ABS($D35-$D$25)/$D35*100) -> 93.905748 | S35: =IF(OR(7=16,$D35<=0,$D$26<=0),1000000,ABS($D35-$D$26)/$D35*100) -> 87.811497 | T35: =IF(OR(8=16,$D35<=0,$D$27<=0),1000000,ABS($D35-$D$27)/$D35*100) -> 81.717245 | U35: =IF(OR(9=16,$D35<=0,$D$28<=0),1000000,ABS($D35-$D$28)/$D35*100) -> 75.622994 | V35: =IF(OR(10=16,$D35<=0,$D$29<=0),1000000,ABS($D35-$D$29)/$D35*100) -> 78.567296 | W35: =IF(OR(11=16,$D35<=0,$D$30<=0),1000000,ABS($D35-$D$30)/$D35*100) -> 54.512788 | X35: =IF(OR(12=16,$D35<=0,$D$31<=0),1000000,ABS($D35-$D$31)/$D35*100) -> 29.803183 | Y35: =IF(OR(13=16,$D35<=0,$D$32<=0),1000000,ABS($D35-$D$32)/$D35*100) -> 5.4742671 | Z35: =IF(OR(14=16,$D35<=0,$D$33<=0),1000000,ABS($D35-$D$33)/$D35*100) -> 66.666667 | AA35: =IF(OR(15=16,$D35<=0,$D$34<=0),1000000,ABS($D35-$D$34)/$D35*100) -> 33.333333 | AB35: =IF(OR(16=16,$D35<=0,$D$35<=0),1000000,ABS($D35-$D$35)/$D35*100) -> 1000000 | AD35: =IF(OR($B$7="",$B$7<=0,$D35<=0),1000000,ABS($D35-$B$7)/$D35*100) -> 97.416956 | AE35: =IF(OR($B$8="",$B$8<=0,$D35<=0),1000000,ABS($D35-$B$8)/$D35*100) -> 95.407922 | AF35: =IF(OR($B$9="",$B$9<=0,$D35<=0),1000000,ABS($D35-$B$9)/$D35*100) -> 92.824877 | AG35: =IF(OR($B$10="",$B$10<=0,$D35<=0),1000000,ABS($D35-$B$10)/$D35*100) -> 89.811326 | AH35: =IF(OR($B$11="",$B$11<=0,$D35<=0),1000000,ABS($D35-$B$11)/$D35*100) -> 86.510769 | AI35: =IF(OR($B$12="",$B$12<=0,$D35<=0),1000000,ABS($D35-$B$12)/$D35*100) -> 1000000 | AJ35: =IF(OR($B$13="",$B$13<=0,$D35<=0),1000000,ABS($D35-$B$13)/$D35*100) -> 1000000 | AK35: =IF(OR($B$14="",$B$14<=0,$D35<=0),1000000,ABS($D35-$B$14)/$D35*100) -> 1000000 | AL35: =IF(OR($B$15="",$B$15<=0,$D35<=0),1000000,ABS($D35-$B$15)/$D35*100) -> 1000000 | AM35: =IF(OR($B$16="",$B$16<=0,$D35<=0),1000000,ABS($D35-$B$16)/$D35*100) -> 1000000
A37: ■ 総合スコア
A38: 帯域内モード数 | C38: =COUNTIF($E$19:$E$35,"○ 帯域内") -> 7 | D38: 多いほど鳴きの機会が増える
A39: モード密度 [個/kHz] | C39: =IF($F$3-$C$3<=0,0,$C$38/(($F$3-$C$3)/1000)) -> 0.47457627 | D39: 1kHzあたりのモード数
A40: 高リスクモード数 | C40: =COUNTIF($H$19:$H$35,"🔴 高リスク") -> 0 | D40: モード同士 or ディスクと接近しているモード
A41: 中リスクモード数 | C41: =COUNTIF($H$19:$H$35,"🟡 中リスク") -> 0
A42: 最小モード間隔 [%]（帯域内のみ） | C42: =IF($C$38=0,100,MIN(MIN($I$19:$I$35),100)) -> 11.642269 | D42: 小さいほど連成（れんせい）＝2つのモードが手を組んで不安定になりやすい
A43: ディスク最小一致差 [%]（帯域内のみ） | C43: =IF($C$38=0,100,MIN(MIN($J$19:$J$35),100)) -> 10.671758 | D43: 0に近いほど共振（きょうしん）しやすい
A44: 総合スコア（0-100） | C44: =MAX(0,MIN(100,ROUND(12*$C$40+5*$C$41+MAX(0,15-3*$C$42)+MAX(0,15-3*$C$43)+MIN(15,$C$39*3),0))) -> 1 | D44: 12×高リスク数 +5×中リスク数 +(15−3×最小間隔%) +(15−3×ディスク差%) +(3×密度)。高いほど鳴きやすい 🟡
A45: ランク | C45: =IF($C$44>=70,"🔴 A：鳴きやすい設計",IF($C$44>=40,"🟡 B：条件次第で鳴く","🟢 C：比較的おとなしい")) -> 🟢 C：比較的おとなしい
A47: ■ 判定の根拠（なぜこの条件だと鳴くのか）
A48: ① 帯域：SAE J2521 は 1.25〜16 kHz を鳴き（squeal）の評価帯域としています。この外の共振は「鳴き」として扱われません。
A49: ② モード連成（mode coupling）：ブレーキ鳴きの主流説は「2つの固有振動数が近づき、摩擦力で結ばれて1つにロックインし、減衰が負になる」というものです。
A50: ③ だから、2つのモードの差が数%以内だと危険。差が十分あればロックインしにくい。← F列とG列がこれを見ています。
A51: ④ ディスクとの一致：パッドとローターの固有振動数が揃うと、エネルギーが行き来しやすくなります。
A52: ⑤ モード密度が高い＝偶然近づくペアが増える。だからスコアに入れています。
A53: ⑥ 曲げモードとねじりモードの差が 300 Hz 以上あると相互作用が起きにくい、という設計知見もあります（🟡 出典は特許・文献ベース）。
A54: ⚠ これは「素通し検査」です。実際の不安定性は 摩擦係数μ・接触剛性・キャリパ剛性 に依存し、複素固有値解析（CEA）でないと判定できません。
A55: ⚠ このシートは「金属部だけ」の値です。摩擦材を貼ると質量が増えて周波数は下がります。完成品の判定は摩擦材込みブックで行ってください。
A56: ⚠ 減衰（シム）の効果はスコアに入っていません。シムを貼るとηが上がり、同じモード配置でも鳴かなくなることがあります。
A58: ■ 対策の引き出し（このスコアが悪かったらどうするか）
A59: ① 周波数を「ずらす」：裏板の厚さを 0.2〜0.5mm 変える。f ∝ t なので数%単位で動きます。いちばん確実で安い手。
... A64: ⑥ 最後に：どの対策も「実測 → モデル更新 → CEA」で確認するのが本筋です。ここは当たり付けの道具です。

Sheet 逆算
A1: ⑥ 逆算 — 実測ピークから 裏板の実効（じっこう）ヤング率 と 形状補正係数 を求める
A2: 2層モデル（シム＋裏板）で 面外曲げ1次の実測周波数に合うように E を二分法（にぶんほう）で探す 🟢手順／🟡モデル
A3: ■ STEP 1：実測ピークを入れる（面外曲げモードだけ）
A4: 次数 n | B4: (βL) | C4: (βL)² | D4: 実測 f [Hz] | E4: f_n/f_1 実測 | F4: f_n/f_1 理論 | G4: ずれ [%] | H4: 診断
A5: 1 | B5: 4.730041 | C5: =B5^2 -> 22.373288 | D5: 2150 | E5: =IF(OR($D$5="",$D$5=0,D5=""),"",D5/$D$5) -> 1 | F5: =C5/$C$5 -> 1 | G5: =IF(E5="","",(E5/F5-1)*100) -> 0 | H5: =IF(G5="","",IF(ABS(G5)<5,"🟢 曲げモードで整合",IF(ABS(G5)<15,"🟡 せん断/形状の影響","🔴 別種のモードの可能性"))) -> 🟢 曲げモードで整合
A6: 2 | B6: 7.853205 | C6: =B6^2 -> 61.672829 | D6: 5930 | E6: =IF(OR($D$5="",$D$5=0,D6=""),"",D6/$D$5) -> 2.7581395 | F6: =C6/$C$5 -> 2.7565385 | G6: =IF(E6="","",(E6/F6-1)*100) -> 0.058082312 | H6: =IF(G6="","",IF(ABS(G6)<5,"🟢 曲げモードで整合",IF(ABS(G6)<15,"🟡 せん断/形状の影響","🔴 別種のモードの可能性"))) -> 🟢 曲げモードで整合
A7: 3 | B7: 10.995608 | C7: =B7^2 -> 120.9034 | D7: 11600 | E7: =IF(OR($D$5="",$D$5=0,D7=""),"",D7/$D$5) -> 5.3953488 | F7: =C7/$C$5 -> 5.4039172 | G7: =IF(E7="","",(E7/F7-1)*100) -> -0.15855853 | H7: =IF(G7="","",IF(ABS(G7)<5,"🟢 曲げモードで整合",IF(ABS(G7)<15,"🟡 せん断/形状の影響","🔴 別種のモードの可能性"))) -> 🟢 曲げモードで整合
A8: 4 | B8: 14.137165 | C8: =B8^2 -> 199.85943 | E8: =IF(OR($D$5="",$D$5=0,D8=""),"",D8/$D$5) | F8: =C8/$C$5 -> 8.9329488 | G8: =IF(E8="","",(E8/F8-1)*100) | H8: =IF(G8="","",IF(ABS(G8)<5,"🟢 曲げモードで整合",IF(ABS(G8)<15,"🟡 せん断/形状の影響","🔴 別種のモードの可能性")))
A9: 5 | B9: 17.27876 | C9: =B9^2 -> 298.55555 | E9: =IF(OR($D$5="",$D$5=0,D9=""),"",D9/$D$5) | F9: =C9/$C$5 -> 13.344286 | G9: =IF(E9="","",(E9/F9-1)*100) | H9: =IF(G9="","",IF(ABS(G9)<5,"🟢 曲げモードで整合",IF(ABS(G9)<15,"🟡 せん断/形状の影響","🔴 別種のモードの可能性")))
A11: ※ 上の実測値は「例」です（🔴 必ず自分の測定値に入れ替える）。空欄の次数は無視されます。
A12: ※ f₁ は「いちばん低い面外曲げ」です。ねじり1次と近接することがあるので、モード形（ODS）で確認してから入れてください。
A14: ■ STEP 2：既知の寸法・材料（形状／断面シートから自動で拾います）
A15: 長さ L [mm] | C15: =形状!$B$71 -> 110 | D15: 形状シートの採用L。上書きしたければ直接数値を打つ
A16: 幅 w [mm]（正味） | C16: =形状!$B$72 -> 31.807274 | D16: 形状シートの採用w（穴を引いた等価幅）
A17: シム 使用1/0 | C17: =断面!$B$10 -> 0 | D17: 断面シートと連動
A18: シム 厚さ ts [mm] | C18: =断面!$D$10 -> 0.8 | D18: 同上
A19: シム E [GPa] | C19: =断面!$E$10 -> 205 | D19: 同上（既知として扱う）
A20: シム ρ [kg/m³] | C20: =断面!$F$10 -> 7850 | D20: 同上
A21: 裏板 厚さ t1 [mm] | C21: =断面!$D$11 -> 5 | D21: ★ここの実測精度が最重要。EI ∝ t1³
A22: 裏板 ρ1 [kg/m³] | C22: =断面!$F$11 -> 7850 | D22: 鋼なら 7850。質量チェックが合っていれば信用してよい
A23: 現在設定の 裏板 E [GPa] | C23: =断面!$E$11 -> 205 | D23: 材料DBの値。この値を逆算で置き換えます
A25: ■ STEP 3：実測 f₁ から 必要な曲げ剛性 EI を求める
A26: L [m] | C26: =$C$15/1000 -> 0.11
A27: w [m] | C27: =$C$16/1000 -> 0.031807274
A28: ts [m] | C28: =IF($C$17=1,$C$18/1000,0) -> 0 | D28: シムを使わないなら 0
A29: t1 [m] | C29: =$C$21/1000 -> 0.005
A30: h [m]（＝ts+t1） | C30: =$C$28+$C$29 -> 0.005
A31: ρA [kg/m]（既知） | C31: =$C$20*$C$27*$C$28+$C$22*$C$27*$C$29 -> 1.2484355 | D31: ρs·w·ts + ρ1·w·t1 🟢
A32: せん断補正 使う=1 / 使わない=0 | C32: 1 | D32: ★ 固有振動数シート I3 と必ず同じ設定にする
A33: ポアソン比 ν | C33: 0.3 | D33: 鋼が支配的なので 0.30 でよい
A34: 回転半径 r [m] ＝ h/√12 | C34: =$C$30/SQRT(12) -> 0.0014433757
A35: 補正係数 K₁ | C35: =1+$C$5*($C$34/$C$26)^2*(1+2*(1+$C$33)/(5/6)) -> 1.0158709 | D35: K＝1+(βL)²(r/L)²(1+E/(κG)) 🟡
A36: Euler換算した f₁ [Hz] | C36: =IF(OR($D$5="",$D$5=0),0,$D$5*IF($C$32=1,SQRT($C$35),1)) -> 2166.994 | D36: せん断で下がった分を戻して、Euler式で扱えるようにする
A37: S ＝ EI/ρA [m⁴/s²] | C37: =IF($C$36=0,0,(2*PI()*$C$36*$C$26^2/$C$5)^2) -> 54.223342 | D37: S＝(2π f₁ L²/(βL)₁²)² ← 曲げ式の逆解き 🟢
A38: 必要な EI [N·m²] | C38: =$C$37*$C$31 -> 67.694345 | D38: S × ρA
A39: シムだけの EI [N·m²] | C39: =IF($C$28=0,0,$C$19*1000000000*$C$27*$C$28^3/12) -> 0 | D39: これより必要EIが小さいと解なし
A40: 解の有無 | C40: =IF($C$38<$C$39,"🔴 解なし：f1が低すぎ or 寸法/密度を疑う","🟢 解あり") -> 🟢 解あり
A42: ■ STEP 4：二分法で 裏板ヤング率 E₁ を探す（40回・自動／マクロ不要）
A43: 回 | B43: 下限 lo [GPa] | C43: 上限 hi [GPa] | D43: 中点 mid [GPa] | E43: Es·As [N] | F43: E1·A1 [N] | G43: 中立軸 ȳ [m] | H43: EI(mid) [N·m²] | I43: EI(mid)−必要EI
A44: 1 | B44: 1 | C44: 500 | D44: =($B44+$C44)/2 -> 250.5 | E44: =$C$19*1000000000*$C$27*$C$28 -> 0 | F44: =$D44*1000000000*$C$27*$C$29 -> 39838611 | G44: =IF($E44+$F44=0,0,($E44*($C$28/2)+$F44*($C$28+$C$29/2))/($E44+$F44)) -> 0.0025 | H44: =$C$19*1000000000*$C$27*($C$28^3/12+$C$28*($C$28/2-$G44)^2)+$D44*1000000000*$C$27*($C$29^3/12+$C$29*($C$28+$C$29/2-$G44)^2) -> 82.997106 | I44: =$H44-$C$38 -> 15.302761
A45: 2 | B45: =IF($I44<0,$D44,$B44) -> 1 | C45: =IF($I44<0,$C44,$D44) -> 250.5 | D45: =($B45+$C45)/2 -> 125.75 | E45: =$C$19*1000000000*$C$27*$C$28 -> 0 | F45: =$D45*1000000000*$C$27*$C$29 -> 19998824 | G45: =IF($E45+$F45=0,0,($E45*($C$28/2)+$F45*($C$28+$C$29/2))/($E45+$F45)) -> 0.0025 | H45: =$C$19*1000000000*$C$27*($C$28^3/12+$C$28*($C$28/2-$G45)^2)+$D45*1000000000*$C$27*($C$29^3/12+$C$29*($C$28+$C$29/2-$G45)^2) -> 41.664216 | I45: =$H45-$C$38 -> -26.030129
A46: 3 | B46: =IF($I45<0,$D45,$B45) -> 125.75 | C46: =IF($I45<0,$C45,$D45) -> 250.5 | D46: =($B46+$C46)/2 -> 188.125 | E46: =$C$19*1000000000*$C$27*$C$28 -> 0 | F46: =$D46*1000000000*$C$27*$C$29 -> 29918717 | G46: =IF($E46+$F46=0,0,($E46*($C$28/2)+$F46*($C$28+$C$29/2))/($E46+$F46)) -> 0.0025 | H46: =$C$19*1000000000*$C$27*($C$28^3/12+$C$28*($C$28/2-$G46)^2)+$D46*1000000000*$C$27*($C$29^3/12+$C$29*($C$28+$C$29/2-$G46)^2) -> 62.330661 | I46: =$H46-$C$38 -> -5.3636843
A47: 4 | B47: =IF($I46<0,$D46,$B46) -> 188.125 | C47: =IF($I46<0,$C46,$D46) -> 250.5 | D47: =($B47+$C47)/2 -> 219.3125 | E47: =$C$19*1000000000*$C$27*$C$28 -> 0 | F47: =$D47*1000000000*$C$27*$C$29 -> 34878664 | G47: =IF($E47+$F47=0,0,($E47*($C$28/2)+$F47*($C$28+$C$29/2))/($E47+$F47)) -> 0.0025 | H47: =$C$19*1000000000*$C$27*($C$28^3/12+$C$28*($C$28/2-$G47)^2)+$D47*1000000000*$C$27*($C$29^3/12+$C$29*($C$28+$C$29/2-$G47)^2) -> 72.663884 | I47: =$H47-$C$38 -> 4.9695383
A48: 5 | B48: =IF($I47<0,$D47,$B47) -> 188.125 | C48: =IF($I47<0,$C47,$D47) -> 219.3125 | D48: =($B48+$C48)/2 -> 203.71875 | E48: =$C$19*1000000000*$C$27*$C$28 -> 0 | F48: =$D48*1000000000*$C$27*$C$29 -> 32398691 | G48: =IF($E48+$F48=0,0,($E48*($C$28/2)+$F48*($C$28+$C$29/2))/($E48+$F48)) -> 0.0025 | H48: =$C$19*1000000000*$C$27*($C$28^3/12+$C$28*($C$28/2-$G48)^2)+$D48*1000000000*$C$27*($C$29^3/12+$C$29*($C$28+$C$29/2-$G48)^2) -> 67.497272 | I48: =$H48-$C$38 -> -0.19707301
A49: 6 | B49: =IF($I48<0,$D48,$B48) -> 203.71875 | C49: =IF($I48<0,$C48,$D48) -> 219.3125 | D49: =($B49+$C49)/2 -> 211.51562 | E49: =$C$19*1000000000*$C$27*$C$28 -> 0 | F49: =$D49*1000000000*$C$27*$C$29 -> 33638677 | G49: =IF($E49+$F49=0,0,($E49*($C$28/2)+$F49*($C$28+$C$29/2))/($E49+$F49)) -> 0.0025 | H49: =$C$19*1000000000*$C$27*($C$28^3/12+$C$28*($C$28/2-$G49)^2)+$D49*1000000000*$C$27*($C$29^3/12+$C$29*($C$28+$C$29/2-$G49)^2) -> 70.080578 | I49: =$H49-$C$38 -> 2.3862326
A50: 7 | B50: =IF($I49<0,$D49,$B49) -> 203.71875 | C50: =IF($I49<0,$C49,$D49) -> 211.51562 | D50: =($B50+$C50)/2 -> 207.61719 | E50: =$C$19*1000000000*$C$27*$C$28 -> 0 | F50: =$D50*1000000000*$C$27*$C$29 -> 33018684 | G50: =IF($E50+$F50=0,0,($E50*($C$28/2)+$F50*($C$28+$C$29/2))/($E50+$F50)) -> 0.0025 | H50: =$C$19*1000000000*$C$27*($C$28^3/12+$C$28*($C$28/2-$G50)^2)+$D50*1000000000*$C$27*($C$29^3/12+$C$29*($C$28+$C$29/2-$G50)^2) -> 68.788925 | I50: =$H50-$C$38 -> 1.0945798
A51: 8 | B51: =IF($I50<0,$D50,$B50) -> 203.71875 | C51: =IF($I50<0,$C50,$D50) -> 207.61719 | D51: =($B51+$C51)/2 -> 205.66797 | E51: =$C$19*1000000000*$C$27*$C$28 -> 0 | F51: =$D51*1000000000*$C$27*$C$29 -> 32708687 | G51: =IF($E51+$F51=0,0,($E51*($C$28/2)+$F51*($C$28+$C$29/2))/($E51+$F51)) -> 0.0025 | H51: =$C$19*1000000000*$C$27*($C$28^3/12+$C$28*($C$28/2-$G51)^2)+$D51*1000000000*$C$27*($C$29^3/12+$C$29*($C$28+$C$29/2-$G51)^2) -> 68.143099 | I51: =$H51-$C$38 -> 0.4487534
A52: 9 | B52: =IF($I51<0,$D51,$B51) -> 203.71875 | C52: =IF($I51<0,$C51,$D51) -> 205.66797 | D52: =($B52+$C52)/2 -> 204.69336 | E52: =$C$19*1000000000*$C$27*$C$28 -> 0 | F52: =$D52*1000000000*$C$27*$C$29 -> 32553689 | G52: =IF($E52+$F52=0,0,($E52*($C$28/2)+$F52*($C$28+$C$29/2))/($E52+$F52)) -> 0.0025 | H52: =$C$19*1000000000*$C$27*($C$28^3/12+$C$28*($C$28/2-$G52)^2)+$D52*1000000000*$C$27*($C$29^3/12+$C$29*($C$28+$C$29/2-$G52)^2) -> 67.820186 | I52: =$H52-$C$38 -> 0.1258402
A53: 10 | B53: =IF($I52<0,$D52,$B52) -> 203.71875 | C53: =IF($I52<0,$C52,$D52) -> 204.69336 | D53: =($B53+$C53)/2 -> 204.20605 | E53: =$C$19*1000000000*$C$27*$C$28 -> 0 | F53: =$D53*1000000000*$C$27*$C$29 -> 32476190 | G53: =IF($E53+$F53=0,0,($E53*($C$28/2)+$F53*($C$28+$C$29/2))/($E53+$F53)) -> 0.0025 | H53: =$C$19*1000000000*$C$27*($C$28^3/12+$C$28*($C$28/2-$G53)^2)+$D53*1000000000*$C$27*($C$29^3/12+$C$29*($C$28+$C$29/2-$G53)^2) -> 67.658729 | I53: =$H53-$C$38 -> -0.035616405
A54: 11 | B54: =IF($I53<0,$D53,$B53) -> 204.20605 | C54: =IF($I53<0,$C53,$D53) -> 204.69336 | D54: =($B54+$C54)/2 -> 204.44971 | E54: =$C$19*1000000000*$C$27*$C$28 -> 0 | F54: =$D54*1000000000*$C$27*$C$29 -> 32514939 | G54: =IF($E54+$F54=0,0,($E54*($C$28/2)+$F54*($C$28+$C$29/2))/($E54+$F54)) -> 0.0025 | H54: =$C$19*1000000000*$C$27*($C$28^3/12+$C$28*($C$28/2-$G54)^2)+$D54*1000000000*$C$27*($C$29^3/12+$C$29*($C$28+$C$29/2-$G54)^2) -> 67.739457 | I54: =$H54-$C$38 -> 0.045111896
A55: 12 | B55: =IF($I54<0,$D54,$B54) -> 204.20605 | C55: =IF($I54<0,$C54,$D54) -> 204.44971 | D55: =($B55+$C55)/2 -> 204.32788 | E55: =$C$19*1000000000*$C$27*$C$28 -> 0 | F55: =$D55*1000000000*$C$27*$C$29 -> 32495565 | G55: =IF($E55+$F55=0,0,($E55*($C$28/2)+$F55*($C$28+$C$29/2))/($E55+$F55)) -> 0.0025 | H55: =$C$19*1000000000*$C$27*($C$28^3/12+$C$28*($C$28/2-$G55)^2)+$D55*1000000000*$C$27*($C$29^3/12+$C$29*($C$28+$C$29/2-$G55)^2) -> 67.699093 | I55: =$H55-$C$38 -> 0.0047477456
A56: 13 | B56: =IF($I55<0,$D55,$B55) -> 204.20605 | C56: =IF($I55<0,$C55,$D55) -> 204.32788 | D56: =($B56+$C56)/2 -> 204.26697 | E56: =$C$19*1000000000*$C$27*$C$28 -> 0 | F56: =$D56*1000000000*$C$27*$C$29 -> 32485877 | G56: =IF($E56+$F56=0,0,($E56*($C$28/2)+$F56*($C$28+$C$29/2))/($E56+$F56)) -> 0.0025 | H56: =$C$19*1000000000*$C$27*($C$28^3/12+$C$28*($C$28/2-$G56)^2)+$D56*1000000000*$C$27*($C$29^3/12+$C$29*($C$28+$C$29/2-$G56)^2) -> 67.678911 | I56: =$H56-$C$38 -> -0.01543433
... A83: 40 | B83: =IF($I82<0,$D82,$B82) -> 204.31355 | C83: =IF($I82<0,$C82,$D82) -> 204.31355 | D83: =($B83+$C83)/2 -> 204.31355 | E83: =$C$19*1000000000*$C$27*$C$28 -> 0 | F83: =$D83*1000000000*$C$27*$C$29 -> 32493286 | G83: =IF($E83+$F83=0,0,($E83*($C$28/2)+$F83*($C$28+$C$29/2))/($E83+$F83)) -> 0.0025 | H83: =$C$19*1000000000*$C$27*($C$28^3/12+$C$28*($C$28/2-$G83)^2)+$D83*1000000000*$C$27*($C$29^3/12+$C$29*($C$28+$C$29/2-$G83)^2) -> 67.694345 | I83: =$H83-$C$38 -> -1.476792e-10
A85: ■ STEP 5：結果
A86: ★ 逆算された 裏板 E₁ [GPa] | C86: =$D$83 -> 204.31355 | D86: これが答え。材料DBに登録して順算に使う
A87: 収束チェック 残差 [N·m²] | C87: =ABS($I$83) -> 1.476792e-10 | D87: 0に十分近ければOK
A88: 収束チェック 相対 [%] | C88: =IF($C$38=0,0,ABS($I$83)/$C$38*100) -> 2.1815589e-10 | D88: 0.001%未満なら収束
A89: 収束 判定 | C89: =IF($C$88<0.01,"🟢 収束","🔴 未収束：lo/hiの範囲外／寸法・密度が不整合") -> 🟢 収束
A90: 直接式による E_eq [GPa]（シム無しなら厳密） | C90: =IF(OR($C$30=0,$C$27=0),0,12*$C$37*($C$31/($C$27*$C$30))/$C$30^2/1000000000) -> 204.31355 | D90: E＝12·S·ρ/h²。二分法の答え合わせに使う 🟢
A91: 参考：√(E/ρ) [m/s] | C91: =IF($C$30=0,0,SQRT(MAX(12*$C$37/$C$30^2,0))) -> 5101.6864 | D91: 棒の中の音速に相当。鋼なら約5100 m/s
A92: 検算：この E₁ での f₁ [Hz] | C92: =IF($C$31=0,0,$C$5/(2*PI()*$C$26^2)*SQRT($H$83/$C$31)/IF($C$32=1,SQRT($C$35),1)) -> 2150 | D92: 実測 f₁ と一致するはず
A93: 検算：f₁ の誤差 [%] | C93: =IF(OR($D$5="",$D$5=0),0,($C$92/$D$5-1)*100) -> -1.0905721e-10 | D93: ±0.01%以内なら成功
A94: 検算：この E₁ での f₂ [Hz] | C94: =IF($C$31=0,0,$C$6/(2*PI()*$C$26^2)*SQRT($H$83/$C$31)/IF($C$32=1,SQRT(1+$C$6*($C$34/$C$26)^2*(1+2*(1+$C$33)/(5/6))),1)) -> 5846.875 | D94: 実測f₂と比べる（合わなければモデルの限界）
A95: f₂ の誤差 [%] | C95: =IF(OR($D$6="",$D$6=0),0,($C$94/$D$6-1)*100) -> -1.4017705 | D95: ±10%以内なら実用上OK 🟡
A97: ■ STEP 6：形状補正係数 α（モデルを現物に合わせ込む・実務ではこれが本命）
A98: はり近似では耳・爪・穴の効果を出し切れません。そこで「予測に掛ければ実測になる係数 α」を各モードで出し、平均を取って以後の予測に掛けます。
A99: モード | B99: 予測 f [Hz] | C99: 実測 f [Hz] | D99: α ＝ 実測 ÷ 予測
A100: 面外曲げ 1次 | B100: =固有振動数!$I$6 -> 2153.6087 | C100: =IF($D$5="","",$D$5) -> 2150 | D100: =IF(OR(C100="",C100=0,B100=0),"",C100/B100) -> 0.99832433
A101: 面外曲げ 2次 | B101: =固有振動数!$I$7 -> 5856.6889 | C101: =IF($D$6="","",$D$6) -> 5930 | D101: =IF(OR(C101="",C101=0,B101=0),"",C101/B101) -> 1.0125175
A102: 面外曲げ 3次 | B102: =固有振動数!$I$8 -> 11257.109 | C102: =IF($D$7="","",$D$7) -> 11600 | D102: =IF(OR(C102="",C102=0,B102=0),"",C102/B102) -> 1.03046
A103: 面外曲げ 4次 | B103: =固有振動数!$I$9 -> 18146.418 | C103: =IF($D$8="","",$D$8) | D103: =IF(OR(C103="",C103=0,B103=0),"",C103/B103)
A104: 面外曲げ 5次 | B104: =固有振動数!$I$10 -> 26312.89 | C104: =IF($D$9="","",$D$9) | D104: =IF(OR(C104="",C104=0,B104=0),"",C104/B104)
A106: 平均 α | D106: =IFERROR(AVERAGE($D$100:$D$104),"") -> 1.0137673
A107: α のばらつき（標準偏差÷平均） | D107: =IFERROR(STDEV($D$100:$D$104)/$D$106,"") -> 0.015885533
A108: 判定 | D108: =IF(NOT(ISNUMBER($D$107)),"← 実測を2点以上入れてください",IF($D$107<0.03,"🟢 全モード同じ係数で合う＝形状効果は一定",IF($D$107<0.1,"🟡 次数で効き方が違う（せん断補正を疑う）","🔴 はり近似の限界。FEMへ"))) -> 🟢 全モード同じ係数で合う＝形状効果は一定
A110: ■ 逆算のコツ・よくあるミス
A111: ① まず STEP1 の「ずれ[%]」を見る。5%以内でなければ、その実測ピークは面外曲げではありません（ねじり・面内が混ざっている）。
A112: ② 裏板の厚さ t1 の誤差が一番効く。EI ∝ t1³ なので t1 が 2% ずれると EI は 6% ずれ、E の逆算値も 6% ずれます。
A113: ③ 密度 ρ1 は鋼なら 7850 でよいが、質量チェック（断面シート）が合っていることを先に確認する。
A114: ④ 逆算で E が 190〜210 GPa の範囲に入れば、寸法入力が正しい証拠です。150 や 300 が出たら寸法か形状座標を疑ってください。
A115: ⑤ 逆算 E が低く出る主因：耳・爪・穴のせいで実際の剛性が長方形近似より低い → これは STEP6 の α で吸収するのが正解です。
A116: ⑥ せん断補正の ON/OFF は「固有振動数」シートと必ず揃えること。片方だけ ON だと辻褄が合いません。
A117: ⑦ ハンマ打撃＋指数窓のピークは減衰が過大になりますが、周波数自体はほぼ正しいのでここでは使えます。
A118: ⑧ f₁ で合わせて f₂ が外れる場合は、せん断補正か形状効果（2次モードの節が穴の位置に来る等）が原因です。

Sheet 実測比較
A1: ⑦ 実測比較（ハンマリング試験・PSV-400 スキャン試験の結果を記録）
A2: 予測ピークの一覧に、実測した周波数[Hz]をアンバー色のセルへ入力すると、ズレ(%)と判定が自動で出ます 🟢
A4: # | B4: モード種別 | C4: n | D4: 予測 f [Hz] | E4: 実測 f [Hz]（入力） | F4: ズレ [%] | G4: 判定 | H4: 半値幅 Δf [Hz]（任意） | I4: 損失係数 η＝Δf/f | J4: コヒーレンス γ² | K4: メモ（加振点・窓・平均回数など） | L4: |ズレ| [%]
A5: 1 | B5: 面外曲げ | C5: 1 | D5: =固有振動数!$I$6 -> 2153.6087 | F5: =IF(OR(E5="",D5=0),"",(E5-D5)/D5*100) | G5: =IF(F5="","",IF(ABS(F5)<=5,"🟢 良く一致",IF(ABS(F5)<=15,"🟡 まずまず","🔴 要確認(モード誤同定/寸法/E値)"))) | I5: =IF(OR(H5="",E5="",E5=0),"",H5/E5) | L5: =IF(ISNUMBER(F5),ABS(F5),"")
A6: 2 | B6: 面外曲げ | C6: 2 | D6: =固有振動数!$I$7 -> 5856.6889 | F6: =IF(OR(E6="",D6=0),"",(E6-D6)/D6*100) | G6: =IF(F6="","",IF(ABS(F6)<=5,"🟢 良く一致",IF(ABS(F6)<=15,"🟡 まずまず","🔴 要確認(モード誤同定/寸法/E値)"))) | I6: =IF(OR(H6="",E6="",E6=0),"",H6/E6) | L6: =IF(ISNUMBER(F6),ABS(F6),"")
A7: 3 | B7: 面外曲げ | C7: 3 | D7: =固有振動数!$I$8 -> 11257.109 | F7: =IF(OR(E7="",D7=0),"",(E7-D7)/D7*100) | G7: =IF(F7="","",IF(ABS(F7)<=5,"🟢 良く一致",IF(ABS(F7)<=15,"🟡 まずまず","🔴 要確認(モード誤同定/寸法/E値)"))) | I7: =IF(OR(H7="",E7="",E7=0),"",H7/E7) | L7: =IF(ISNUMBER(F7),ABS(F7),"")
A8: 4 | B8: 面外曲げ | C8: 4 | D8: =固有振動数!$I$9 -> 18146.418 | F8: =IF(OR(E8="",D8=0),"",(E8-D8)/D8*100) | G8: =IF(F8="","",IF(ABS(F8)<=5,"🟢 良く一致",IF(ABS(F8)<=15,"🟡 まずまず","🔴 要確認(モード誤同定/寸法/E値)"))) | I8: =IF(OR(H8="",E8="",E8=0),"",H8/E8) | L8: =IF(ISNUMBER(F8),ABS(F8),"")
A9: 5 | B9: 面外曲げ | C9: 5 | D9: =固有振動数!$I$10 -> 26312.89 | F9: =IF(OR(E9="",D9=0),"",(E9-D9)/D9*100) | G9: =IF(F9="","",IF(ABS(F9)<=5,"🟢 良く一致",IF(ABS(F9)<=15,"🟡 まずまず","🔴 要確認(モード誤同定/寸法/E値)"))) | I9: =IF(OR(H9="",E9="",E9=0),"",H9/E9) | L9: =IF(ISNUMBER(F9),ABS(F9),"")
A10: 6 | B10: 面外曲げ | C10: 6 | D10: =固有振動数!$I$11 -> 35539.706 | F10: =IF(OR(E10="",D10=0),"",(E10-D10)/D10*100) | G10: =IF(F10="","",IF(ABS(F10)<=5,"🟢 良く一致",IF(ABS(F10)<=15,"🟡 まずまず","🔴 要確認(モード誤同定/寸法/E値)"))) | I10: =IF(OR(H10="",E10="",E10=0),"",H10/E10) | L10: =IF(ISNUMBER(F10),ABS(F10),"")
A11: 7 | B11: ねじり | C11: 1 | D11: =固有振動数!$I$12 -> 4246.7926 | F11: =IF(OR(E11="",D11=0),"",(E11-D11)/D11*100) | G11: =IF(F11="","",IF(ABS(F11)<=5,"🟢 良く一致",IF(ABS(F11)<=15,"🟡 まずまず","🔴 要確認(モード誤同定/寸法/E値)"))) | I11: =IF(OR(H11="",E11="",E11=0),"",H11/E11) | L11: =IF(ISNUMBER(F11),ABS(F11),"")
A12: 8 | B12: ねじり | C12: 2 | D12: =固有振動数!$I$13 -> 8493.5852 | F12: =IF(OR(E12="",D12=0),"",(E12-D12)/D12*100) | G12: =IF(F12="","",IF(ABS(F12)<=5,"🟢 良く一致",IF(ABS(F12)<=15,"🟡 まずまず","🔴 要確認(モード誤同定/寸法/E値)"))) | I12: =IF(OR(H12="",E12="",E12=0),"",H12/E12) | L12: =IF(ISNUMBER(F12),ABS(F12),"")
A13: 9 | B13: ねじり | C13: 3 | D13: =固有振動数!$I$14 -> 12740.378 | F13: =IF(OR(E13="",D13=0),"",(E13-D13)/D13*100) | G13: =IF(F13="","",IF(ABS(F13)<=5,"🟢 良く一致",IF(ABS(F13)<=15,"🟡 まずまず","🔴 要確認(モード誤同定/寸法/E値)"))) | I13: =IF(OR(H13="",E13="",E13=0),"",H13/E13) | L13: =IF(ISNUMBER(F13),ABS(F13),"")
A14: 10 | B14: ねじり | C14: 4 | D14: =固有振動数!$I$15 -> 16987.17 | F14: =IF(OR(E14="",D14=0),"",(E14-D14)/D14*100) | G14: =IF(F14="","",IF(ABS(F14)<=5,"🟢 良く一致",IF(ABS(F14)<=15,"🟡 まずまず","🔴 要確認(モード誤同定/寸法/E値)"))) | I14: =IF(OR(H14="",E14="",E14=0),"",H14/E14) | L14: =IF(ISNUMBER(F14),ABS(F14),"")
A15: 11 | B15: 面内曲げ | C15: 1 | D15: =固有振動数!$I$16 -> 14935.427 | F15: =IF(OR(E15="",D15=0),"",(E15-D15)/D15*100) | G15: =IF(F15="","",IF(ABS(F15)<=5,"🟢 良く一致",IF(ABS(F15)<=15,"🟡 まずまず","🔴 要確認(モード誤同定/寸法/E値)"))) | I15: =IF(OR(H15="",E15="",E15=0),"",H15/E15) | L15: =IF(ISNUMBER(F15),ABS(F15),"")
A16: 12 | B16: 面内曲げ | C16: 2 | D16: =固有振動数!$I$17 -> 31697.864 | F16: =IF(OR(E16="",D16=0),"",(E16-D16)/D16*100) | G16: =IF(F16="","",IF(ABS(F16)<=5,"🟢 良く一致",IF(ABS(F16)<=15,"🟡 まずまず","🔴 要確認(モード誤同定/寸法/E値)"))) | I16: =IF(OR(H16="",E16="",E16=0),"",H16/E16) | L16: =IF(ISNUMBER(F16),ABS(F16),"")
A17: 13 | B17: 面内曲げ | C17: 3 | D17: =固有振動数!$I$18 -> 48916.806 | F17: =IF(OR(E17="",D17=0),"",(E17-D17)/D17*100) | G17: =IF(F17="","",IF(ABS(F17)<=5,"🟢 良く一致",IF(ABS(F17)<=15,"🟡 まずまず","🔴 要確認(モード誤同定/寸法/E値)"))) | I17: =IF(OR(H17="",E17="",E17=0),"",H17/E17) | L17: =IF(ISNUMBER(F17),ABS(F17),"")
A18: 14 | B18: 面内曲げ | C18: 4 | D18: =固有振動数!$I$19 -> 65870.465 | F18: =IF(OR(E18="",D18=0),"",(E18-D18)/D18*100) | G18: =IF(F18="","",IF(ABS(F18)<=5,"🟢 良く一致",IF(ABS(F18)<=15,"🟡 まずまず","🔴 要確認(モード誤同定/寸法/E値)"))) | I18: =IF(OR(H18="",E18="",E18=0),"",H18/E18) | L18: =IF(ISNUMBER(F18),ABS(F18),"")
A19: 15 | B19: 面内伸縮 | C19: 1 | D19: =固有振動数!$I$20 -> 23228.407 | F19: =IF(OR(E19="",D19=0),"",(E19-D19)/D19*100) | G19: =IF(F19="","",IF(ABS(F19)<=5,"🟢 良く一致",IF(ABS(F19)<=15,"🟡 まずまず","🔴 要確認(モード誤同定/寸法/E値)"))) | I19: =IF(OR(H19="",E19="",E19=0),"",H19/E19) | L19: =IF(ISNUMBER(F19),ABS(F19),"")
A20: 16 | B20: 面内伸縮 | C20: 2 | D20: =固有振動数!$I$21 -> 46456.813 | F20: =IF(OR(E20="",D20=0),"",(E20-D20)/D20*100) | G20: =IF(F20="","",IF(ABS(F20)<=5,"🟢 良く一致",IF(ABS(F20)<=15,"🟡 まずまず","🔴 要確認(モード誤同定/寸法/E値)"))) | I20: =IF(OR(H20="",E20="",E20=0),"",H20/E20) | L20: =IF(ISNUMBER(F20),ABS(F20),"")
A21: 17 | B21: 面内伸縮 | C21: 3 | D21: =固有振動数!$I$22 -> 69685.22 | F21: =IF(OR(E21="",D21=0),"",(E21-D21)/D21*100) | G21: =IF(F21="","",IF(ABS(F21)<=5,"🟢 良く一致",IF(ABS(F21)<=15,"🟡 まずまず","🔴 要確認(モード誤同定/寸法/E値)"))) | I21: =IF(OR(H21="",E21="",E21=0),"",H21/E21) | L21: =IF(ISNUMBER(F21),ABS(F21),"")
A23: ■ 全体の一致度
A24: 入力した実測点数 | D24: =COUNT($E$5:$E$21) -> 0
A25: 平均ズレ [%] | D25: =IFERROR(AVERAGE($F$5:$F$21),"")
A26: ズレの絶対値 平均 [%] | D26: =IFERROR(AVERAGE($L$5:$L$21),"")
A27: 最大ズレ [%] | D27: =IFERROR(MAX($L$5:$L$21),"") -> 0
A28: 🟢 の数 | D28: =COUNTIF($G$5:$G$21,"🟢*") -> 0
A29: 🔴 の数 | D29: =COUNTIF($G$5:$G$21,"🔴*") -> 0
A31: ■ ズレたときの見方（原因の切り分け）
A32: 全モードが同じ方向に同じくらいズレている → 寸法（L・t）か材料（E・ρ）が一律にずれています。逆算シートで E か L を合わせ込む。
A33: 低次は合うが高次だけ大きくズレる → せん断補正（Timoshenko）の効き方の問題。固有振動数シート I3 の ON/OFF を切り替えて比べる。
A34: 1つだけ飛び抜けてズレる → そのピークはモード誤同定の可能性大。ODS（モード形）をアニメーションで見て種別を確認。
A35: 予測にあるのに実測に無い → 加振点がそのモードの節（ふし）に乗っています。叩く場所を数cm動かして測り直す。
A36: 実測にあるのに予測に無い → 面内モード、または板としての2次元モード（はり近似では出ない形）です。FEM の出番。
A37: 半値幅 Δf を入れると損失係数 η が出ます。金属だけなら η は 0.0005 以下のはず。もっと大きければ吊り・接触・窓の影響が混入しています。
A38: コヒーレンス γ² は 0.9 以上をピーク近傍で確認。ただし γ² が良くても減衰や近接モードが正しい保証にはなりません。

Sheet 測定計画
A1: ⑧ 測定計画 — FFTの設定・吊り方・叩き方を数字で決める
A2: 「測ってから考える」のではなく「設定を先に計算してから測る」ためのシート。ハンマリング／PSV-400 の両方に使えます。
A3: ■ A. FFT の設定（RION SA-01A4 / PSV-400 どちらでも同じ考え方）
A4: 見たい最高周波数 fmax [Hz] | C4: 40000 | E4: 金属部だけなら 40k 欲しい。摩擦材付きなら 20k で足りる
A5: アンチエイリアス係数 | C5: 2.56 | E5: 一般的な安全係数。2.56 は業界標準
A6: 必要サンプリング周波数 fs [Hz] | C6: =$C$4*$C$5 -> 102400 | E6: ＝fmax × 2.56
A7: FFT ライン数（分解能ライン） | C7: 6400 | E7: 400 / 800 / 1600 / 3200 / 6400 から選ぶ
A8: 周波数分解能 Δf [Hz] | C8: =IF($C$7=0,0,$C$4/$C$7) -> 6.25 | E8: Δf＝fmax ÷ ライン数
A9: 1レコードの取得時間 T [s] | C9: =IF($C$8=0,0,1/$C$8) -> 0.16 | E9: T＝1/Δf。これより短く窓を切ると漏れ（リーケージ）が出る
A10: 時系列点数 N | C10: =$C$7*2.56 -> 16384 | E10: ＝ライン数 × 2.56
A11: 分離したい最小の周波数差 δf [Hz] | C11: 20 | E11: 近接する2つのピークをどれだけ分けたいか
A12: Δf は δf の何分の1か | C12: =IF($C$8=0,0,$C$11/$C$8) -> 3.2 | E12: 3以上あれば分離できる
A13: 分解能 判定 | C13: =IF($C$12>=5,"🟢 十分",IF($C$12>=3,"🟡 ぎりぎり","🔴 ライン数を増やす")) -> 🟡 ぎりぎり | E13: 近接モード（縮退ペア）を見るならここが命
A15: ■ B. 吊り（つり）の設計 — ピアノ線の太さと長さを決める
A16: 吊り線の本数 n | C16: 2 | E16: 1本吊りか2本吊りか
A17: 吊り線の直径 d [mm] | C17: 0.4 | E17: ピアノ線 SWP-A φ0.3〜0.5 が定番
A18: 吊り線のヤング率 E [GPa] | C18: 205 | E18: ピアノ線・ステンレス線とも約205
A19: 吊り線の自由長 L [mm] | C19: 300 | E19: 長いほど柔らかく、バウンスモードが下がる
A20: 試験体の質量 m [g] | C20: =断面!$D$32 -> 137.32791 | E20: 断面シートの予測質量（実測があればそちらを手入力）
A21: 線1本の断面積 A [m²] | C21: =PI()*($C$17/1000)^2/4 -> 1.2566371e-07 | E21: A＝πd²/4
A22: 縦（バウンス）剛性 k [N/m] | C22: =IF($C$19=0,0,$C$16*$C$18*1000000000*$C$21/($C$19/1000)) -> 171740.4 | E22: k＝n·E·A/L
A23: バウンスモード f_b [Hz] | C23: =IF($C$20=0,0,1/(2*PI())*SQRT($C$22/($C$20/1000))) -> 177.98236 | E23: 上下にピョコピョコ跳ねる剛体モード
A24: 振り子モード f_p [Hz] | C24: =IF($C$19=0,0,1/(2*PI())*SQRT(9.80665/($C$19/1000))) -> 0.90995485 | E24: 前後にブランコする剛体モード
A25: 1次面外曲げ f₁ [Hz] | C25: =固有振動数!$I$6 -> 2153.6087 | E25: 弾性モードのいちばん下
A26: f₁ ÷ f_b（1:10 ルール） | C26: =IF($C$23=0,0,$C$25/$C$23) -> 12.100125 | E26: 10以上なら吊りの影響は無視できる
A27: 吊り 判定 | C27: =IF($C$26>=10,"🟢 OK（自由−自由とみなせる）",IF($C$26>=5,"🟡 やや影響あり（線を細く/長く）","🔴 NG：線を細くするか長くする")) -> 🟢 OK（自由−自由とみなせる） | E27: 🟢 検証済みの実務ルール
A28: ※ Δf を細かくしたいのに ライン数が足りないときは、周波数レンジ（スパン）を狭める＝ズーム測定が正解です。0〜40kHz を一気に細かく見るのは無理があります。
A29: ※ 吊り位置は「そのモードの節（ふし）」に近い場所を選ぶ。逆に叩く場所は「腹（はら）」を選ぶ。＝正反対の要求です。
A30: ■ C. ハンマー（インパクト）の設計
A31: 狙う上限周波数 fmax [Hz] | C31: =$C$4 -> 40000 | E31: Aで決めた値
A32: 必要なパルス幅 τ [s]（目安） | C32: =IF($C$31=0,0,1/(2*$C$31)) -> 1.25e-05 | E32: τ ≒ 1/(2·fmax)。これより長いと高周波に力が入らない
A33: 必要なパルス幅 τ [μs] | C33: =$C$32*1000000 -> 12.5 | E33: 40kHz なら約12.5μs＝きわめて硬いチップが必要
A34: チップの目安 | C34: =IF($C$31<=2000,"ゴム（軟）",IF($C$31<=6000,"プラスチック（中）",IF($C$31<=15000,"硬質プラ/アルミ","スチール（最硬）＋小型ハンマー"))) -> スチール（最硬）＋小型ハンマー | E34: 硬いほど高周波まで入るが、二度打ちしやすくなる 🟡
A36: ・裏板は軽いので、大きいハンマーだと質量負荷と過大入力になります。小型（数十g）を選ぶ。
A37: ・二度打ち（ダブルヒット）は力スペクトルを壊します。時間波形を必ず見て、山が2つ出ていないか確認。
A38: ・力信号には短い矩形窓（フォースウィンドウ）、応答には指数窓。ただし指数窓は減衰を人工的に足すので、
A39: 損失係数を測りたいときは periodic chirp か burst random（加振器）に切り替えるのが正解です。
A40: ・金属だけは減衰が非常に小さく、長く鳴り続けます。取得時間 T が短いとリーケージが出て周波数もわずかにずれます。
A42: ■ D. 測定点（グリッド）の設計
A43: 長手方向の点数 Nx | C43: 25 | E43: 最高次モードの半波長あたり3点以上が目安
A44: 半径方向の点数 Ny | C44: 5 | E44: ★2以上必須。1列だとねじりモードが見えません
A45: 総点数 | C45: =$C$43*$C$44 -> 125 | E45: PSV-400 のスキャン点数
A46: 見たい最高次の波長 λmin [mm] | C46: =MIN(固有振動数!$J$6:$J$22) -> 33.846154 | E46: 固有振動数シートの波長の最小値
A47: 1波長あたりの点数 | C47: =IF(形状!$B$71=0,0,$C$46/(形状!$B$71/$C$43)) -> 7.6923078 | E47: 6以上あればモード形がきれいに出る
A48: グリッド 判定 | C48: =IF($C$47>=6,"🟢 十分",IF($C$47>=3,"🟡 形がカクカクする","🔴 点数を増やす（エイリアシング）")) -> 🟢 十分 | E48: 空間サンプリング定理。時間軸と同じ話です
A49: 平均回数 | C49: 8 | E49: ハンマリングは5〜10回、加振器なら20回以上でも可
A50: 1点あたりのオーバーヘッド [s] | C50: 1 | E50: ミラー移動・整定・オートフォーカスの時間
A51: 1点あたりの測定時間 [s] | C51: =$C$9*$C$49+$C$50 -> 2.28 | E51: 取得時間×平均回数＋オーバーヘッド
A52: 総測定時間の目安 [分] | C52: =$C$45*$C$51/60 -> 4.75 | E52: セットアップ・アライメント・休憩は別途（実際はこの2〜3倍みておく）
A54: ・グリッド点を「穴の上」に置かないこと。レーザーが抜けてドロップアウトし、そのスパイクを構造のピークと誤認します。
A55: ・中心線（長手軸）の上だけに点を置くと、ねじりモードは節線上なので完全に見えません。必ず軸から外した列を入れる。
A56: ・角（かど）は多くのモードで腹になるので、加振点として第一候補です。
A59: ■ E. 品質チェック（測定中に必ず見る）
A60: コヒーレンス γ² | B60: 🟢 | C60: ピーク近傍で 0.9 以上。谷（反共振）で下がるのは正常
A61: 駆動点FRF | B61: 🟢 | C61: 共振と反共振が交互に並んでいるか。抜けがあれば加振点が節に乗っている
A62: 線形性チェック | B62: 🟢 | C62: 叩く強さを2倍にしてFRFが変わらないか。変わるなら非線形（接触・ガタ）
A63: 相反性チェック | B63: 🟢 | C63: 点Aを叩いて点Bで受ける／逆にする。同じFRFになれば健全
A64: オーバーロード | B64: 🟢 | C64: 1回でも赤ランプが出た平均は捨てる
A65: 吊りの影響 | B65: 🟡 | C65: 吊ったまま vs 手で持って軽く叩く で周波数が動かないか
A68: ■ F. 当日の手順（この順で迷わない）
A69: ① 電子天秤で質量を測り、断面シート D33 に入力 → 質量チェックが🟢になることを確認
A70: ② ノギスで L・w・板厚・穴径を測り直し、形状／断面シートを最終確定
A71: ③ このシートAで Δf とライン数を決め、RION / PSV に設定
A72: ④ このシートBで吊り線を選び、判定が🟢になる長さで吊る
A73: ⑤ ハンマーで角（かど）を叩き、まず周波数サーベイ（どこに山があるか）
A74: ⑥ 予測ピーク（固有振動数シート）と見比べ、明らかな山を実測比較シートに記入
A75: ⑦ PSV-400 でスキャン。ODS を再生して曲げ／ねじり／面内を分類
A76: ⑧ 逆算シートで E と α を求め、モデルを現物に合わせ込む
A77: ⑨ 合わせ込んだモデルで鳴きリスクを再評価

Sheet 式一覧
A1: ⑨ 計算式一覧（コピペ用）
A2: A〜F列をそのまま選択コピーすると TSV としてどこにでも貼れます。Excel式はセル参照を自分の配置に読み替えてください。
A4: 分類 | B4: 項目 | C4: 数式（数学表記） | D4: Excel の書き方（このブック内の実際の式） | E4: 単位 | F4: 信頼度
A5: 形状 | B5: 多角形の面積（シューレース公式） | C5: A = ½·|Σ(xᵢ·yᵢ₊₁ − xᵢ₊₁·yᵢ)| | D5: '=ABS(0.5*SUM(I5:I28)) | E5: mm² | F5: 🟢
A6: 形状 | B6: 重心X | C6: Cx = 1/(6A)·Σ(xᵢ+xᵢ₊₁)(xᵢyᵢ₊₁−xᵢ₊₁yᵢ) | D6: '=SUM(N5:N28)/(6*B31) | E6: mm | F6: 🟢
A7: 形状 | B7: 頂点の内角 | C7: θ = atan2(−s·(v1×v2), v1·v2) | D7: '=MOD(DEGREES(ATAN2(P5,-$F$3*Q5)),360) | E7: ° | F7: 🟢
A8: 形状 | B8: 凹凸判定 | C8: 内角>180° なら入隅（凹） | D8: '=IF(R5>180,"入隅(凹)","出隅(凸)") | E8: - | F8: 🟢
A9: 形状 | B9: 内角の合計（検算） | C9: Σθ = (N−2)×180 | D9: '=($F$2-2)*180 | E9: ° | F9: 🟢
A10: 形状 | B10: 断面二次モーメント Ixx | C10: Ixx = 1/12·Σ(yᵢ²+yᵢyᵢ₊₁+yᵢ₊₁²)·cᵢ − A·Cy² | D10: '=$F$3*SUM(K5:K28)/12-$B$32*$B$35^2 | E10: mm⁴ | F10: 🟢
A11: ★穴 | B11: 円の面積 | C11: A_h = π·d²/4 | D11: '=PI()*$E55^2/4 | E11: mm² | F11: 🟢
A12: ★穴 | B12: 円の断面二次モーメント（自身の重心まわり） | C12: I_h = π·d⁴/64 | D12: '=PI()*$E55^4/64 | E12: mm⁴ | F12: 🟢
A13: ★穴 | B13: 平行軸の定理（穴を重心からずらす） | C13: I = I_h + A_h·e² | D13: '=PI()*$E55^4/64+$F55*($D55-$B$64)^2 | E13: mm⁴ | F13: 🟢
A14: ★穴 | B14: 穴を引いた正味面積 | C14: A_net = A_gross − ΣA_h | D14: '=$B$32-$B$61 | E14: mm² | F14: 🟢
A15: ★穴 | B15: 穴を引いた正味重心 | C15: Cy_net = (A_g·Cy_g − ΣA_h·y_h)/A_net | D15: '=($B$32*$B$35-SUMPRODUCT($F$55:$F$58,$D$55:$D$58))/$B$62 | E15: mm | F15: 🟢
... A60: ★測定 | B60: 損失係数（半値幅法） | C60: η = Δf₋₃dB / f | D60: '=H5/E5 | E60: - | F60: 🟢
A62: ■ Excelに貼るときの最小サンプル（例：1+1=2）
A63: セル A1 に 1
A64: セル B1 に 1
A65: セル C1 に =A1+B1 → 2 が出る
A67: 同じ要領で、固有振動数は次の5セルだけで出せます：
A68: A1 に (βL)² … 1次なら 22.3733（＝4.730041²）
A69: B1 に L [m] … 例 0.110
A70: C1 に EI [N·m²]
A71: D1 に ρA [kg/m]
A72: E1 に =A1/(2*PI()*B1^2)*SQRT(C1/D1) → 固有振動数 [Hz]
A74: 穴を1つ引くのも3セルでできます：
A75: A3 に 直径 d [mm] … 例 14.67
... A77: C3 に =PI()*A3^4/64 → 穴の断面二次モーメント [mm⁴]
