Workbook

Sheet 使い方
A1: ブレーキパッド 固有振動数予測ブック
A2: 材質・寸法 → 固有振動数・スペクトル・鳴きリスク／実測ピーク → 材質の逆算 | Ver 1.0
A5: ■ このブックで何ができるか
A6: ① 順算（じゅんざん） | B6: 材質と寸法を入れる → 固有振動数を予測 | C6: シート：形状 → 断面 → 固有振動数
A7: ② スペクトル | B7: 予測した山（ピーク）を並べて、FFT画面そっくりのグラフを作る | C7: シート：スペクトル
A8: ③ 鳴きリスク判定 | B8: その寸法だと鳴きやすいかを点数化 | C8: シート：鳴きリスク
A9: ④ 逆算 | B9: 実測したピーク周波数 → 摩擦材のヤング率を逆に求める | C9: シート：逆算
A11: ■ 触るセルの色分け
A12: アンバー（茶色）のセル | B12: あなたが入力するところ。ここだけ触ればOK | C12: 入力
A13: グリーンのセル | B13: 自動計算の結果。触ると壊れます | C13: 出力
A14: グレーのセル | B14: 計算の途中。見なくてよい | C14: 中間
A16: ■ 使う順番（この順で必ず動きます）
A17: STEP 1 | B17: 「材料DB」で使う材料を確認（無ければ行を追加）
A18: STEP 2 | B18: 「形状」に パッド外形の頂点座標（X,Y）を 12/14/16 点まで入力 | C18: 右のプリセットをコピペでもOK
A19: STEP 3 | B19: 「断面」で 層（シム／裏板／接着／摩擦材）の材料と厚さを入力
A20: STEP 4 | B20: 「固有振動数」を見る → 予測ピーク一覧が出る
A21: STEP 5 | B21: 「スペクトル」でグラフ確認。A〜E列をコピーすれば他ソフトに貼れる
A22: STEP 6 | B22: 「鳴きリスク」でディスク（ローター）の固有振動数を入れて判定
A23: STEP 7 | B23: 実測値があれば「逆算」で摩擦材のヤング率を求める
A25: ■ 信頼度マーク
A26: 🟢 検証済み | B26: 教科書・規格に載っている確立した式。そのまま信じてよい
A27: 🟡 推定 | B27: 妥当だが近似。実測で校正してから使う
A28: 🔴 要確認 | B28: 値のばらつきが大きい。必ず自分で測る
A30: ■ 重要な前提（ここを外すと全部ずれます）
A31: 自由−自由（free-free） | B31: ピアノ線で吊った状態＝どこも固定していない状態を仮定 | C31: 🟢
A32: はり（梁）近似 | B32: パッドを「円周方向に長い1本の棒」とみなす。曲率は無視 | C32: 🟡
A33: 摩擦材のヤング率 | B33: 配合で 0.5〜35 GPa と 70倍以上ばらつく。ここが最大の誤差源 | C33: 🔴
A34: この予測は CEA ではない | B34: 鳴きリスクは「素通し検査」。本番の不安定性判定は複素固有値解析(CEA)で | C34: 🟡

Sheet 材料DB
A1: 材料データベース
A2: E=ヤング率（かたさ）／ρ=密度（重さ）／ν=ポアソン比／η=損失係数（振動の減りやすさ）
A4: 材料名 | B4: E [GPa] | C4: ρ [kg/m³] | D4: ν | E4: η(目安) | F4: 分類 | G4: 信頼度 | H4: 出典・備考
A5: 鋼 SPCC(裏板) | B5: 205 | C5: 7850 | D5: 0.3 | E5: 0.0002 | F5: 金属 | G5: 🟢 | H5: JIS一般値 / 鋼のEは190-210GPa
A6: 鋼 SS400 | B6: 205 | C6: 7850 | D6: 0.3 | E6: 0.0002 | F6: 金属 | G6: 🟢 | H6: JIS一般値
A7: 鋼 S45C | B7: 205 | C7: 7850 | D7: 0.3 | E7: 0.0002 | F7: 金属 | G7: 🟢 | H7: JIS一般値
A8: ステンレス SUS304 | B8: 193 | C8: 7930 | D8: 0.3 | E8: 0.0005 | F8: 金属 | G8: 🟢 | H8: JIS一般値
A9: ばね鋼 SUP9 | B9: 206 | C9: 7850 | D9: 0.3 | E9: 0.0002 | F9: 金属 | G9: 🟢 | H9: JIS一般値
A10: ねずみ鋳鉄 FC250 | B10: 105 | C10: 7200 | D10: 0.26 | E10: 0.0015 | F10: 金属 | G10: 🟡 | H10: 90-120GPaの幅あり。黒鉛量で変化
A11: アルミ A5052 | B11: 70 | C11: 2680 | D11: 0.33 | E11: 0.0001 | F11: 金属 | G11: 🟢 | H11: JIS一般値
A12: アルミ A6061-T6 | B12: 69 | C12: 2700 | D12: 0.33 | E12: 0.0001 | F12: 金属 | G12: 🟢 | H12: JIS一般値
A13: チタン Ti-6Al-4V | B13: 114 | C13: 4430 | D13: 0.34 | E13: 0.0002 | F13: 金属 | G13: 🟢 | H13: ASTM Grade5
A14: 銅 C1100 | B14: 117 | C14: 8940 | D14: 0.34 | E14: 0.002 | F14: 金属 | G14: 🟢 | H14: JIS一般値
A15: 黄銅 C2600 | B15: 103 | C15: 8530 | D15: 0.35 | E15: 0.001 | F15: 金属 | G15: 🟢 | H15: JIS一般値
A16: 摩擦材 NAO(軟) | B16: 0.5 | C16: 2400 | D16: 0.25 | E16: 0.05 | F16: 摩擦材 | G16: 🟡 | H16: 文献値0.5-1.5GPa (Belhocine 2016系)
... A27: (未使用) | B27: 0 | C27: 1 | D27: 0 | E27: 0 | F27: - | G27: - | H27: 空欄行。使わない層に指定する
A29: ※ 行を追加するときは 40行目までに書けば全シートが自動で拾います。
A30: ※ 摩擦材のEは配合で 0.5〜35 GPa（70倍）変わる。予測精度を決める最大要因なので「逆算」シートで自分の材料を同定してください。

Sheet 形状
A1: ① 形状入力（パッド外形を多角形で入力）
A2: X=円周方向（長手）、Y=半径方向。単位はすべて mm。頂点は最大16点。反時計回り・時計回りどちらでもOK | E2: 頂点数 N | F2: =COUNT($B$5:$B$20) -> 14
E3: 向き s (+1=反時計/-1=時計) | F3: =IF(SUM($I$5:$I$20)>=0,1,-1) -> 1
A4: No | B4: X [mm] | C4: Y [mm] | D4: 使用 | E4: 次X | F4: 次Y | G4: 前X | H4: 前Y | I4: 外積項 | J4: 辺長 | K4: Ixx項 | L4: Iyy項 | M4: Ixy項 | N4: Cx項 | O4: Cy項 | P4: 内積 | Q4: 外積 | R4: 内角 [°] | S4: 外角 [°] | T4: 出隅/入隅 | V4: ■ プリセット（コピーして B5:C20 に貼る）
A5: 1 | B5: -37.42 | C5: -25.95 | D5: =IF(ROW()-4<=$F$2,1,0) -> 1 | E5: =IF($D5=0,0,INDEX($B$5:$B$20,IF(ROW()-4=$F$2,1,ROW()-4+1))) -> -25.36 | F5: =IF($D5=0,0,INDEX($C$5:$C$20,IF(ROW()-4=$F$2,1,ROW()-4+1))) -> -21.56 | G5: =IF($D5=0,0,INDEX($B$5:$B$20,IF(ROW()-4=1,$F$2,ROW()-4-1))) -> -57.76 | H5: =IF($D5=0,0,INDEX($C$5:$C$20,IF(ROW()-4=1,$F$2,ROW()-4-1))) -> 19.72 | I5: =IF($D5=0,0,B5*F5-E5*C5) -> 148.6832 | J5: =IF($D5=0,0,SQRT((E5-B5)^2+(F5-C5)^2)) -> 12.834161 | K5: =IF($D5=0,0,(C5^2+C5*F5+F5^2)*I5) -> 252422.16 | L5: =IF($D5=0,0,(B5^2+B5*E5+E5^2)*I5) -> 444913.24 | M5: =IF($D5=0,0,(B5*F5+2*B5*C5+2*E5*F5+E5*C5)*I5) -> 669147.02 | N5: =IF($D5=0,0,(B5+E5)*I5) -> -9334.3313 | O5: =IF($D5=0,0,(C5+F5)*I5) -> -7063.9388 | P5: =IF($D5=0,0,(G5-B5)*(E5-B5)+(H5-C5)*(F5-C5)) -> -44.8091 | Q5: =IF($D5=0,0,(G5-B5)*(F5-C5)-(H5-C5)*(E5-B5)) -> -640.0728 | R5: =IF($D5=0,"",IFERROR(MOD(DEGREES(ATAN2(P5,-$F$3*Q5)),360),"")) -> 94.00453 | S5: =IF($D5=0,"",180-R5) -> 85.99547 | T5: =IF($D5=0,"",IF(R5>180,"入隅(凹)","出隅(凸)")) -> 出隅(凸) | V5: 12点(スリット無) | X5: 14点(スリット無) | Z5: 16点(スリット有→入隅2)
A6: 2 | B6: -25.36 | C6: -21.56 | D6: =IF(ROW()-4<=$F$2,1,0) -> 1 | E6: =IF($D6=0,0,INDEX($B$5:$B$20,IF(ROW()-4=$F$2,1,ROW()-4+1))) -> -12.8 | F6: =IF($D6=0,0,INDEX($C$5:$C$20,IF(ROW()-4=$F$2,1,ROW()-4+1))) -> -18.9 | G6: =IF($D6=0,0,INDEX($B$5:$B$20,IF(ROW()-4=1,$F$2,ROW()-4-1))) -> -37.42 | H6: =IF($D6=0,0,INDEX($C$5:$C$20,IF(ROW()-4=1,$F$2,ROW()-4-1))) -> -25.95 | I6: =IF($D6=0,0,B6*F6-E6*C6) -> 203.336 | J6: =IF($D6=0,0,SQRT((E6-B6)^2+(F6-C6)^2)) -> 12.838582 | K6: =IF($D6=0,0,(C6^2+C6*F6+F6^2)*I6) -> 250007.22 | L6: =IF($D6=0,0,(B6^2+B6*E6+E6^2)*I6) -> 230090.46 | M6: =IF($D6=0,0,(B6*F6+2*B6*C6+2*E6*F6+E6*C6)*I6) -> 474308.71 | N6: =IF($D6=0,0,(B6+E6)*I6) -> -7759.3018 | O6: =IF($D6=0,0,(C6+F6)*I6) -> -8226.9746 | P6: =IF($D6=0,0,(G6-B6)*(E6-B6)+(H6-C6)*(F6-C6)) -> -163.151 | Q6: =IF($D6=0,0,(G6-B6)*(F6-C6)-(H6-C6)*(E6-B6)) -> 23.0588 | R6: =IF($D6=0,"",IFERROR(MOD(DEGREES(ATAN2(P6,-$F$3*Q6)),360),"")) -> 188.04457 | S6: =IF($D6=0,"",180-R6) -> -8.0445656 | T6: =IF($D6=0,"",IF(R6>180,"入隅(凹)","出隅(凸)")) -> 入隅(凹) | V6: X | W6: Y | X6: X | Y6: Y | Z6: X | AA6: Y
A7: 3 | B7: -12.8 | C7: -18.9 | D7: =IF(ROW()-4<=$F$2,1,0) -> 1 | E7: =IF($D7=0,0,INDEX($B$5:$B$20,IF(ROW()-4=$F$2,1,ROW()-4+1))) -> 0 | F7: =IF($D7=0,0,INDEX($C$5:$C$20,IF(ROW()-4=$F$2,1,ROW()-4+1))) -> -18 | G7: =IF($D7=0,0,INDEX($B$5:$B$20,IF(ROW()-4=1,$F$2,ROW()-4-1))) -> -25.36 | H7: =IF($D7=0,0,INDEX($C$5:$C$20,IF(ROW()-4=1,$F$2,ROW()-4-1))) -> -21.56 | I7: =IF($D7=0,0,B7*F7-E7*C7) -> 230.4 | J7: =IF($D7=0,0,SQRT((E7-B7)^2+(F7-C7)^2)) -> 12.831602 | K7: =IF($D7=0,0,(C7^2+C7*F7+F7^2)*I7) -> 235332.86 | L7: =IF($D7=0,0,(B7^2+B7*E7+E7^2)*I7) -> 37748.736 | M7: =IF($D7=0,0,(B7*F7+2*B7*C7+2*E7*F7+E7*C7)*I7) -> 164560.9 | N7: =IF($D7=0,0,(B7+E7)*I7) -> -2949.12 | O7: =IF($D7=0,0,(C7+F7)*I7) -> -8501.76 | P7: =IF($D7=0,0,(G7-B7)*(E7-B7)+(H7-C7)*(F7-C7)) -> -163.162 | Q7: =IF($D7=0,0,(G7-B7)*(F7-C7)-(H7-C7)*(E7-B7)) -> 22.744 | R7: =IF($D7=0,"",IFERROR(MOD(DEGREES(ATAN2(P7,-$F$3*Q7)),360),"")) -> 187.93562 | S7: =IF($D7=0,"",180-R7) -> -7.9356214 | T7: =IF($D7=0,"",IF(R7>180,"入隅(凹)","出隅(凸)")) -> 入隅(凹) | V7: -37.42 | W7: -25.95 | X7: -37.42 | Y7: -25.95 | Z7: -37.42 | AA7: -25.95
A8: 4 | B8: 0 | C8: -18 | D8: =IF(ROW()-4<=$F$2,1,0) -> 1 | E8: =IF($D8=0,0,INDEX($B$5:$B$20,IF(ROW()-4=$F$2,1,ROW()-4+1))) -> 12.8 | F8: =IF($D8=0,0,INDEX($C$5:$C$20,IF(ROW()-4=$F$2,1,ROW()-4+1))) -> -18.9 | G8: =IF($D8=0,0,INDEX($B$5:$B$20,IF(ROW()-4=1,$F$2,ROW()-4-1))) -> -12.8 | H8: =IF($D8=0,0,INDEX($C$5:$C$20,IF(ROW()-4=1,$F$2,ROW()-4-1))) -> -18.9 | I8: =IF($D8=0,0,B8*F8-E8*C8) -> 230.4 | J8: =IF($D8=0,0,SQRT((E8-B8)^2+(F8-C8)^2)) -> 12.831602 | K8: =IF($D8=0,0,(C8^2+C8*F8+F8^2)*I8) -> 235332.86 | L8: =IF($D8=0,0,(B8^2+B8*E8+E8^2)*I8) -> 37748.736 | M8: =IF($D8=0,0,(B8*F8+2*B8*C8+2*E8*F8+E8*C8)*I8) -> -164560.9 | N8: =IF($D8=0,0,(B8+E8)*I8) -> 2949.12 | O8: =IF($D8=0,0,(C8+F8)*I8) -> -8501.76 | P8: =IF($D8=0,0,(G8-B8)*(E8-B8)+(H8-C8)*(F8-C8)) -> -163.03 | Q8: =IF($D8=0,0,(G8-B8)*(F8-C8)-(H8-C8)*(E8-B8)) -> 23.04 | R8: =IF($D8=0,"",IFERROR(MOD(DEGREES(ATAN2(P8,-$F$3*Q8)),360),"")) -> 188.04398 | S8: =IF($D8=0,"",180-R8) -> -8.0439804 | T8: =IF($D8=0,"",IF(R8>180,"入隅(凹)","出隅(凸)")) -> 入隅(凹) | V8: -22.88 | W8: -20.89 | X8: -25.36 | Y8: -21.56 | Z8: -27.12 | AA8: -22.09
A9: 5 | B9: 12.8 | C9: -18.9 | D9: =IF(ROW()-4<=$F$2,1,0) -> 1 | E9: =IF($D9=0,0,INDEX($B$5:$B$20,IF(ROW()-4=$F$2,1,ROW()-4+1))) -> 25.36 | F9: =IF($D9=0,0,INDEX($C$5:$C$20,IF(ROW()-4=$F$2,1,ROW()-4+1))) -> -21.56 | G9: =IF($D9=0,0,INDEX($B$5:$B$20,IF(ROW()-4=1,$F$2,ROW()-4-1))) -> 0 | H9: =IF($D9=0,0,INDEX($C$5:$C$20,IF(ROW()-4=1,$F$2,ROW()-4-1))) -> -18 | I9: =IF($D9=0,0,B9*F9-E9*C9) -> 203.336 | J9: =IF($D9=0,0,SQRT((E9-B9)^2+(F9-C9)^2)) -> 12.838582 | K9: =IF($D9=0,0,(C9^2+C9*F9+F9^2)*I9) -> 250007.22 | L9: =IF($D9=0,0,(B9^2+B9*E9+E9^2)*I9) -> 230090.46 | M9: =IF($D9=0,0,(B9*F9+2*B9*C9+2*E9*F9+E9*C9)*I9) -> -474308.71 | N9: =IF($D9=0,0,(B9+E9)*I9) -> 7759.3018 | O9: =IF($D9=0,0,(C9+F9)*I9) -> -8226.9746 | P9: =IF($D9=0,0,(G9-B9)*(E9-B9)+(H9-C9)*(F9-C9)) -> -163.162 | Q9: =IF($D9=0,0,(G9-B9)*(F9-C9)-(H9-C9)*(E9-B9)) -> 22.744 | R9: =IF($D9=0,"",IFERROR(MOD(DEGREES(ATAN2(P9,-$F$3*Q9)),360),"")) -> 187.93562 | S9: =IF($D9=0,"",180-R9) -> -7.9356214 | T9: =IF($D9=0,"",IF(R9>180,"入隅(凹)","出隅(凸)")) -> 入隅(凹) | V9: -7.7 | W9: -18.32 | X9: -12.8 | Y9: -18.9 | Z9: -16.43 | AA9: -19.48
A10: 6 | B10: 25.36 | C10: -21.56 | D10: =IF(ROW()-4<=$F$2,1,0) -> 1 | E10: =IF($D10=0,0,INDEX($B$5:$B$20,IF(ROW()-4=$F$2,1,ROW()-4+1))) -> 37.42 | F10: =IF($D10=0,0,INDEX($C$5:$C$20,IF(ROW()-4=$F$2,1,ROW()-4+1))) -> -25.95 | G10: =IF($D10=0,0,INDEX($B$5:$B$20,IF(ROW()-4=1,$F$2,ROW()-4-1))) -> 12.8 | H10: =IF($D10=0,0,INDEX($C$5:$C$20,IF(ROW()-4=1,$F$2,ROW()-4-1))) -> -18.9 | I10: =IF($D10=0,0,B10*F10-E10*C10) -> 148.6832 | J10: =IF($D10=0,0,SQRT((E10-B10)^2+(F10-C10)^2)) -> 12.834161 | K10: =IF($D10=0,0,(C10^2+C10*F10+F10^2)*I10) -> 252422.16 | L10: =IF($D10=0,0,(B10^2+B10*E10+E10^2)*I10) -> 444913.24 | M10: =IF($D10=0,0,(B10*F10+2*B10*C10+2*E10*F10+E10*C10)*I10) -> -669147.02 | N10: =IF($D10=0,0,(B10+E10)*I10) -> 9334.3313 | O10: =IF($D10=0,0,(C10+F10)*I10) -> -7063.9388 | P10: =IF($D10=0,0,(G10-B10)*(E10-B10)+(H10-C10)*(F10-C10)) -> -163.151 | Q10: =IF($D10=0,0,(G10-B10)*(F10-C10)-(H10-C10)*(E10-B10)) -> 23.0588 | R10: =IF($D10=0,"",IFERROR(MOD(DEGREES(ATAN2(P10,-$F$3*Q10)),360),"")) -> 188.04457 | S10: =IF($D10=0,"",180-R10) -> -8.0445656 | T10: =IF($D10=0,"",IF(R10>180,"入隅(凹)","出隅(凸)")) -> 入隅(凹) | V10: 7.7 | W10: -18.32 | X10: 0 | Y10: -18 | Z10: -5.5 | AA10: -18.16
A11: 7 | B11: 37.42 | C11: -25.95 | D11: =IF(ROW()-4<=$F$2,1,0) -> 1 | E11: =IF($D11=0,0,INDEX($B$5:$B$20,IF(ROW()-4=$F$2,1,ROW()-4+1))) -> 57.76 | F11: =IF($D11=0,0,INDEX($C$5:$C$20,IF(ROW()-4=$F$2,1,ROW()-4+1))) -> 19.72 | G11: =IF($D11=0,0,INDEX($B$5:$B$20,IF(ROW()-4=1,$F$2,ROW()-4-1))) -> 25.36 | H11: =IF($D11=0,0,INDEX($C$5:$C$20,IF(ROW()-4=1,$F$2,ROW()-4-1))) -> -21.56 | I11: =IF($D11=0,0,B11*F11-E11*C11) -> 2236.7944 | J11: =IF($D11=0,0,SQRT((E11-B11)^2+(F11-C11)^2)) -> 49.994645 | K11: =IF($D11=0,0,(C11^2+C11*F11+F11^2)*I11) -> 1231460.2 | L11: =IF($D11=0,0,(B11^2+B11*E11+E11^2)*I11) -> 15429079 | M11: =IF($D11=0,0,(B11*F11+2*B11*C11+2*E11*F11+E11*C11)*I11) -> -950622.41 | N11: =IF($D11=0,0,(B11+E11)*I11) -> 212898.09 | O11: =IF($D11=0,0,(C11+F11)*I11) -> -13935.229 | P11: =IF($D11=0,0,(G11-B11)*(E11-B11)+(H11-C11)*(F11-C11)) -> -44.8091 | Q11: =IF($D11=0,0,(G11-B11)*(F11-C11)-(H11-C11)*(E11-B11)) -> -640.0728 | R11: =IF($D11=0,"",IFERROR(MOD(DEGREES(ATAN2(P11,-$F$3*Q11)),360),"")) -> 94.00453 | S11: =IF($D11=0,"",180-R11) -> 85.99547 | T11: =IF($D11=0,"",IF(R11>180,"入隅(凹)","出隅(凸)")) -> 出隅(凸) | V11: 22.88 | W11: -20.89 | X11: 12.8 | Y11: -18.9 | Z11: 5.5 | AA11: -18.16
A12: 8 | B12: 57.76 | C12: 19.72 | D12: =IF(ROW()-4<=$F$2,1,0) -> 1 | E12: =IF($D12=0,0,INDEX($B$5:$B$20,IF(ROW()-4=$F$2,1,ROW()-4+1))) -> 39.14 | F12: =IF($D12=0,0,INDEX($C$5:$C$20,IF(ROW()-4=$F$2,1,ROW()-4+1))) -> 26.5 | G12: =IF($D12=0,0,INDEX($B$5:$B$20,IF(ROW()-4=1,$F$2,ROW()-4-1))) -> 37.42 | H12: =IF($D12=0,0,INDEX($C$5:$C$20,IF(ROW()-4=1,$F$2,ROW()-4-1))) -> -25.95 | I12: =IF($D12=0,0,B12*F12-E12*C12) -> 758.7992 | J12: =IF($D12=0,0,SQRT((E12-B12)^2+(F12-C12)^2)) -> 19.815973 | K12: =IF($D12=0,0,(C12^2+C12*F12+F12^2)*I12) -> 1224480.6 | L12: =IF($D12=0,0,(B12^2+B12*E12+E12^2)*I12) -> 5409391.2 | M12: =IF($D12=0,0,(B12*F12+2*B12*C12+2*E12*F12+E12*C12)*I12) -> 5049774.7 | N12: =IF($D12=0,0,(B12+E12)*I12) -> 73527.642 | O12: =IF($D12=0,0,(C12+F12)*I12) -> 35071.699 | P12: =IF($D12=0,0,(G12-B12)*(E12-B12)+(H12-C12)*(F12-C12)) -> 69.0882 | Q12: =IF($D12=0,0,(G12-B12)*(F12-C12)-(H12-C12)*(E12-B12)) -> -988.2806 | R12: =IF($D12=0,"",IFERROR(MOD(DEGREES(ATAN2(P12,-$F$3*Q12)),360),"")) -> 86.001103 | S12: =IF($D12=0,"",180-R12) -> 93.998897 | T12: =IF($D12=0,"",IF(R12>180,"入隅(凹)","出隅(凸)")) -> 出隅(凸) | V12: 37.42 | W12: -25.95 | X12: 25.36 | Y12: -21.56 | Z12: 16.43 | AA12: -19.48
A13: 9 | B13: 39.14 | C13: 26.5 | D13: =IF(ROW()-4<=$F$2,1,0) -> 1 | E13: =IF($D13=0,0,INDEX($B$5:$B$20,IF(ROW()-4=$F$2,1,ROW()-4+1))) -> 19.76 | F13: =IF($D13=0,0,INDEX($C$5:$C$20,IF(ROW()-4=$F$2,1,ROW()-4+1))) -> 30.62 | G13: =IF($D13=0,0,INDEX($B$5:$B$20,IF(ROW()-4=1,$F$2,ROW()-4-1))) -> 57.76 | H13: =IF($D13=0,0,INDEX($C$5:$C$20,IF(ROW()-4=1,$F$2,ROW()-4-1))) -> 19.72 | I13: =IF($D13=0,0,B13*F13-E13*C13) -> 674.8268 | J13: =IF($D13=0,0,SQRT((E13-B13)^2+(F13-C13)^2)) -> 19.813097 | K13: =IF($D13=0,0,(C13^2+C13*F13+F13^2)*I13) -> 1654178.9 | L13: =IF($D13=0,0,(B13^2+B13*E13+E13^2)*I13) -> 1819200.5 | M13: =IF($D13=0,0,(B13*F13+2*B13*C13+2*E13*F13+E13*C13)*I13) -> 3378607.6 | N13: =IF($D13=0,0,(B13+E13)*I13) -> 39747.299 | O13: =IF($D13=0,0,(C13+F13)*I13) -> 38546.107 | P13: =IF($D13=0,0,(G13-B13)*(E13-B13)+(H13-C13)*(F13-C13)) -> -388.7892 | Q13: =IF($D13=0,0,(G13-B13)*(F13-C13)-(H13-C13)*(E13-B13)) -> -54.682 | R13: =IF($D13=0,"",IFERROR(MOD(DEGREES(ATAN2(P13,-$F$3*Q13)),360),"")) -> 171.99404 | S13: =IF($D13=0,"",180-R13) -> 8.0059599 | T13: =IF($D13=0,"",IF(R13>180,"入隅(凹)","出隅(凸)")) -> 出隅(凸) | V13: 57.76 | W13: 19.72 | X13: 37.42 | Y13: -25.95 | Z13: 27.12 | AA13: -22.09
A14: 10 | B14: 19.76 | C14: 30.62 | D14: =IF(ROW()-4<=$F$2,1,0) -> 1 | E14: =IF($D14=0,0,INDEX($B$5:$B$20,IF(ROW()-4=$F$2,1,ROW()-4+1))) -> 0 | F14: =IF($D14=0,0,INDEX($C$5:$C$20,IF(ROW()-4=$F$2,1,ROW()-4+1))) -> 32 | G14: =IF($D14=0,0,INDEX($B$5:$B$20,IF(ROW()-4=1,$F$2,ROW()-4-1))) -> 39.14 | H14: =IF($D14=0,0,INDEX($C$5:$C$20,IF(ROW()-4=1,$F$2,ROW()-4-1))) -> 26.5 | I14: =IF($D14=0,0,B14*F14-E14*C14) -> 632.32 | J14: =IF($D14=0,0,SQRT((E14-B14)^2+(F14-C14)^2)) -> 19.80813 | K14: =IF($D14=0,0,(C14^2+C14*F14+F14^2)*I14) -> 1859921.5 | L14: =IF($D14=0,0,(B14^2+B14*E14+E14^2)*I14) -> 246894.15 | M14: =IF($D14=0,0,(B14*F14+2*B14*C14+2*E14*F14+E14*C14)*I14) -> 1165000.5 | N14: =IF($D14=0,0,(B14+E14)*I14) -> 12494.643 | O14: =IF($D14=0,0,(C14+F14)*I14) -> 39595.878 | P14: =IF($D14=0,0,(G14-B14)*(E14-B14)+(H14-C14)*(F14-C14)) -> -388.6344 | Q14: =IF($D14=0,0,(G14-B14)*(F14-C14)-(H14-C14)*(E14-B14)) -> -54.6668 | R14: =IF($D14=0,"",IFERROR(MOD(DEGREES(ATAN2(P14,-$F$3*Q14)),360),"")) -> 171.99309 | S14: =IF($D14=0,"",180-R14) -> 8.00691 | T14: =IF($D14=0,"",IF(R14>180,"入隅(凹)","出隅(凸)")) -> 出隅(凸) | V14: 35.31 | W14: 27.54 | X14: 57.76 | Y14: 19.72 | Z14: 37.42 | AA14: -25.95
A15: 11 | B15: 0 | C15: 32 | D15: =IF(ROW()-4<=$F$2,1,0) -> 1 | E15: =IF($D15=0,0,INDEX($B$5:$B$20,IF(ROW()-4=$F$2,1,ROW()-4+1))) -> -19.76 | F15: =IF($D15=0,0,INDEX($C$5:$C$20,IF(ROW()-4=$F$2,1,ROW()-4+1))) -> 30.62 | G15: =IF($D15=0,0,INDEX($B$5:$B$20,IF(ROW()-4=1,$F$2,ROW()-4-1))) -> 19.76 | H15: =IF($D15=0,0,INDEX($C$5:$C$20,IF(ROW()-4=1,$F$2,ROW()-4-1))) -> 30.62 | I15: =IF($D15=0,0,B15*F15-E15*C15) -> 632.32 | J15: =IF($D15=0,0,SQRT((E15-B15)^2+(F15-C15)^2)) -> 19.80813 | K15: =IF($D15=0,0,(C15^2+C15*F15+F15^2)*I15) -> 1859921.5 | L15: =IF($D15=0,0,(B15^2+B15*E15+E15^2)*I15) -> 246894.15 | M15: =IF($D15=0,0,(B15*F15+2*B15*C15+2*E15*F15+E15*C15)*I15) -> -1165000.5 | N15: =IF($D15=0,0,(B15+E15)*I15) -> -12494.643 | O15: =IF($D15=0,0,(C15+F15)*I15) -> 39595.878 | P15: =IF($D15=0,0,(G15-B15)*(E15-B15)+(H15-C15)*(F15-C15)) -> -388.5532 | Q15: =IF($D15=0,0,(G15-B15)*(F15-C15)-(H15-C15)*(E15-B15)) -> -54.5376 | R15: =IF($D15=0,"",IFERROR(MOD(DEGREES(ATAN2(P15,-$F$3*Q15)),360),"")) -> 172.01012 | S15: =IF($D15=0,"",180-R15) -> 7.9898788 | T15: =IF($D15=0,"",IF(R15>180,"入隅(凹)","出隅(凸)")) -> 出隅(凸) | V15: 11.88 | W15: 31.5 | X15: 39.14 | Y15: 26.5 | Z15: 57.76 | AA15: 19.72
A16: 12 | B16: -19.76 | C16: 30.62 | D16: =IF(ROW()-4<=$F$2,1,0) -> 1 | E16: =IF($D16=0,0,INDEX($B$5:$B$20,IF(ROW()-4=$F$2,1,ROW()-4+1))) -> -39.14 | F16: =IF($D16=0,0,INDEX($C$5:$C$20,IF(ROW()-4=$F$2,1,ROW()-4+1))) -> 26.5 | G16: =IF($D16=0,0,INDEX($B$5:$B$20,IF(ROW()-4=1,$F$2,ROW()-4-1))) -> 0 | H16: =IF($D16=0,0,INDEX($C$5:$C$20,IF(ROW()-4=1,$F$2,ROW()-4-1))) -> 32 | I16: =IF($D16=0,0,B16*F16-E16*C16) -> 674.8268 | J16: =IF($D16=0,0,SQRT((E16-B16)^2+(F16-C16)^2)) -> 19.813097 | K16: =IF($D16=0,0,(C16^2+C16*F16+F16^2)*I16) -> 1654178.9 | L16: =IF($D16=0,0,(B16^2+B16*E16+E16^2)*I16) -> 1819200.5 | M16: =IF($D16=0,0,(B16*F16+2*B16*C16+2*E16*F16+E16*C16)*I16) -> -3378607.6 | N16: =IF($D16=0,0,(B16+E16)*I16) -> -39747.299 | O16: =IF($D16=0,0,(C16+F16)*I16) -> 38546.107 | P16: =IF($D16=0,0,(G16-B16)*(E16-B16)+(H16-C16)*(F16-C16)) -> -388.6344 | Q16: =IF($D16=0,0,(G16-B16)*(F16-C16)-(H16-C16)*(E16-B16)) -> -54.6668 | R16: =IF($D16=0,"",IFERROR(MOD(DEGREES(ATAN2(P16,-$F$3*Q16)),360),"")) -> 171.99309 | S16: =IF($D16=0,"",180-R16) -> 8.00691 | T16: =IF($D16=0,"",IF(R16>180,"入隅(凹)","出隅(凸)")) -> 出隅(凸) | V16: -11.88 | W16: 31.5 | X16: 19.76 | Y16: 30.62 | Z16: 29.52 | AA16: 28.9
A17: 13 | B17: -39.14 | C17: 26.5 | D17: =IF(ROW()-4<=$F$2,1,0) -> 1 | E17: =IF($D17=0,0,INDEX($B$5:$B$20,IF(ROW()-4=$F$2,1,ROW()-4+1))) -> -57.76 | F17: =IF($D17=0,0,INDEX($C$5:$C$20,IF(ROW()-4=$F$2,1,ROW()-4+1))) -> 19.72 | G17: =IF($D17=0,0,INDEX($B$5:$B$20,IF(ROW()-4=1,$F$2,ROW()-4-1))) -> -19.76 | H17: =IF($D17=0,0,INDEX($C$5:$C$20,IF(ROW()-4=1,$F$2,ROW()-4-1))) -> 30.62 | I17: =IF($D17=0,0,B17*F17-E17*C17) -> 758.7992 | J17: =IF($D17=0,0,SQRT((E17-B17)^2+(F17-C17)^2)) -> 19.815973 | K17: =IF($D17=0,0,(C17^2+C17*F17+F17^2)*I17) -> 1224480.6 | L17: =IF($D17=0,0,(B17^2+B17*E17+E17^2)*I17) -> 5409391.2 | M17: =IF($D17=0,0,(B17*F17+2*B17*C17+2*E17*F17+E17*C17)*I17) -> -5049774.7 | N17: =IF($D17=0,0,(B17+E17)*I17) -> -73527.642 | O17: =IF($D17=0,0,(C17+F17)*I17) -> 35071.699 | P17: =IF($D17=0,0,(G17-B17)*(E17-B17)+(H17-C17)*(F17-C17)) -> -388.7892 | Q17: =IF($D17=0,0,(G17-B17)*(F17-C17)-(H17-C17)*(E17-B17)) -> -54.682 | R17: =IF($D17=0,"",IFERROR(MOD(DEGREES(ATAN2(P17,-$F$3*Q17)),360),"")) -> 171.99404 | S17: =IF($D17=0,"",180-R17) -> 8.0059599 | T17: =IF($D17=0,"",IF(R17>180,"入隅(凹)","出隅(凸)")) -> 出隅(凸) | V17: -35.31 | W17: 27.54 | X17: 0 | Y17: 32 | Z17: 9.91 | AA17: 31.65
A18: 14 | B18: -57.76 | C18: 19.72 | D18: =IF(ROW()-4<=$F$2,1,0) -> 1 | E18: =IF($D18=0,0,INDEX($B$5:$B$20,IF(ROW()-4=$F$2,1,ROW()-4+1))) -> -37.42 | F18: =IF($D18=0,0,INDEX($C$5:$C$20,IF(ROW()-4=$F$2,1,ROW()-4+1))) -> -25.95 | G18: =IF($D18=0,0,INDEX($B$5:$B$20,IF(ROW()-4=1,$F$2,ROW()-4-1))) -> -39.14 | H18: =IF($D18=0,0,INDEX($C$5:$C$20,IF(ROW()-4=1,$F$2,ROW()-4-1))) -> 26.5 | I18: =IF($D18=0,0,B18*F18-E18*C18) -> 2236.7944 | J18: =IF($D18=0,0,SQRT((E18-B18)^2+(F18-C18)^2)) -> 49.994645 | K18: =IF($D18=0,0,(C18^2+C18*F18+F18^2)*I18) -> 1231460.2 | L18: =IF($D18=0,0,(B18^2+B18*E18+E18^2)*I18) -> 15429079 | M18: =IF($D18=0,0,(B18*F18+2*B18*C18+2*E18*F18+E18*C18)*I18) -> 950622.41 | N18: =IF($D18=0,0,(B18+E18)*I18) -> -212898.09 | O18: =IF($D18=0,0,(C18+F18)*I18) -> -13935.229 | P18: =IF($D18=0,0,(G18-B18)*(E18-B18)+(H18-C18)*(F18-C18)) -> 69.0882 | Q18: =IF($D18=0,0,(G18-B18)*(F18-C18)-(H18-C18)*(E18-B18)) -> -988.2806 | R18: =IF($D18=0,"",IFERROR(MOD(DEGREES(ATAN2(P18,-$F$3*Q18)),360),"")) -> 86.001103 | S18: =IF($D18=0,"",180-R18) -> 93.998897 | T18: =IF($D18=0,"",IF(R18>180,"入隅(凹)","出隅(凸)")) -> 出隅(凸) | V18: -57.76 | W18: 19.72 | X18: -19.76 | Y18: 30.62 | Z18: 8.02 | AA18: 4.72
A19: 15 | D19: =IF(ROW()-4<=$F$2,1,0) -> 0 | E19: =IF($D19=0,0,INDEX($B$5:$B$20,IF(ROW()-4=$F$2,1,ROW()-4+1))) -> 0 | F19: =IF($D19=0,0,INDEX($C$5:$C$20,IF(ROW()-4=$F$2,1,ROW()-4+1))) -> 0 | G19: =IF($D19=0,0,INDEX($B$5:$B$20,IF(ROW()-4=1,$F$2,ROW()-4-1))) -> 0 | H19: =IF($D19=0,0,INDEX($C$5:$C$20,IF(ROW()-4=1,$F$2,ROW()-4-1))) -> 0 | I19: =IF($D19=0,0,B19*F19-E19*C19) -> 0 | J19: =IF($D19=0,0,SQRT((E19-B19)^2+(F19-C19)^2)) -> 0 | K19: =IF($D19=0,0,(C19^2+C19*F19+F19^2)*I19) -> 0 | L19: =IF($D19=0,0,(B19^2+B19*E19+E19^2)*I19) -> 0 | M19: =IF($D19=0,0,(B19*F19+2*B19*C19+2*E19*F19+E19*C19)*I19) -> 0 | N19: =IF($D19=0,0,(B19+E19)*I19) -> 0 | O19: =IF($D19=0,0,(C19+F19)*I19) -> 0 | P19: =IF($D19=0,0,(G19-B19)*(E19-B19)+(H19-C19)*(F19-C19)) -> 0 | Q19: =IF($D19=0,0,(G19-B19)*(F19-C19)-(H19-C19)*(E19-B19)) -> 0 | R19: =IF($D19=0,"",IFERROR(MOD(DEGREES(ATAN2(P19,-$F$3*Q19)),360),"")) | S19: =IF($D19=0,"",180-R19) | T19: =IF($D19=0,"",IF(R19>180,"入隅(凹)","出隅(凸)")) | X19: -39.14 | Y19: 26.5 | Z19: -8.02 | AA19: 4.72
A20: 16 | D20: =IF(ROW()-4<=$F$2,1,0) -> 0 | E20: =IF($D20=0,0,INDEX($B$5:$B$20,IF(ROW()-4=$F$2,1,ROW()-4+1))) -> 0 | F20: =IF($D20=0,0,INDEX($C$5:$C$20,IF(ROW()-4=$F$2,1,ROW()-4+1))) -> 0 | G20: =IF($D20=0,0,INDEX($B$5:$B$20,IF(ROW()-4=1,$F$2,ROW()-4-1))) -> 0 | H20: =IF($D20=0,0,INDEX($C$5:$C$20,IF(ROW()-4=1,$F$2,ROW()-4-1))) -> 0 | I20: =IF($D20=0,0,B20*F20-E20*C20) -> 0 | J20: =IF($D20=0,0,SQRT((E20-B20)^2+(F20-C20)^2)) -> 0 | K20: =IF($D20=0,0,(C20^2+C20*F20+F20^2)*I20) -> 0 | L20: =IF($D20=0,0,(B20^2+B20*E20+E20^2)*I20) -> 0 | M20: =IF($D20=0,0,(B20*F20+2*B20*C20+2*E20*F20+E20*C20)*I20) -> 0 | N20: =IF($D20=0,0,(B20+E20)*I20) -> 0 | O20: =IF($D20=0,0,(C20+F20)*I20) -> 0 | P20: =IF($D20=0,0,(G20-B20)*(E20-B20)+(H20-C20)*(F20-C20)) -> 0 | Q20: =IF($D20=0,0,(G20-B20)*(F20-C20)-(H20-C20)*(E20-B20)) -> 0 | R20: =IF($D20=0,"",IFERROR(MOD(DEGREES(ATAN2(P20,-$F$3*Q20)),360),"")) | S20: =IF($D20=0,"",180-R20) | T20: =IF($D20=0,"",IF(R20>180,"入隅(凹)","出隅(凸)")) | X20: -57.76 | Y20: 19.72 | Z20: -9.91 | AA20: 31.65
Z21: -29.52 | AA21: 28.9
A22: ■ 形状の計算結果 | Z22: -57.76 | AA22: 19.72
A23: 符号付き面積 [mm²] | B23: =0.5*SUM(I5:I20) -> 4885.1596 | C23: 多角形の向き判定に使う（＋なら反時計回り）
A24: 面積 A [mm²] | B24: =ABS(B23) -> 4885.1596 | C24: シューレース公式 A=½|Σ(xᵢyᵢ₊₁−xᵢ₊₁yᵢ)| 🟢
A25: 周長 [mm] | B25: =SUM(J5:J20) -> 295.87238 | C25: 各辺の長さの合計
A26: 重心 Cx [mm] | B26: =IF(B23=0,0,SUM(N5:N20)/(6*B23)) -> 0 | C26: 図心のX座標 🟢
A27: 重心 Cy [mm] | B27: =IF(B23=0,0,SUM(O5:O20)/(6*B23)) -> 5.1506868 | C27: 図心のY座標 🟢
A28: Ixx (重心まわり) [mm⁴] | B28: =$F$3*SUM(K5:K20)/12-$B$24*$B$27^2 -> 988366.04 | C28: X軸まわり断面二次モーメント 🟢
A29: Iyy (重心まわり) [mm⁴] | B29: =$F$3*SUM(L5:L20)/12-$B$24*$B$26^2 -> 3936219.6 | C29: Y軸まわり 🟢
A30: Ixy (重心まわり) [mm⁴] | B30: =$F$3*SUM(M5:M20)/24-$B$24*$B$26*$B$27 -> 0 | C30: 相乗モーメント 🟢
A31: Imin [mm⁴] | B31: =($B$28+$B$29)/2-SQRT((($B$28-$B$29)/2)^2+$B$30^2) -> 988366.04 | C31: 主（しゅ）断面二次モーメント 最小
A32: Imax [mm⁴] | B32: =($B$28+$B$29)/2+SQRT((($B$28-$B$29)/2)^2+$B$30^2) -> 3936219.6 | C32: 主断面二次モーメント 最大
A33: 主軸角 θp [°] | B33: =DEGREES(0.5*ATAN2($B$28-$B$29,-2*$B$30)) -> -90 | C33: tan2θ=−2Ixy/(Ixx−Iyy) 🟢
A34: θpでのI [mm⁴] | B34: =($B$28+$B$29)/2+($B$28-$B$29)/2*COS(2*RADIANS($B$33))-$B$30*SIN(2*RADIANS($B$33)) -> 3936219.6 | C34: 判定用の中間値
A35: 長手方向の角度 [°] | B35: =IF(ABS($B$34-$B$31)<ABS($B$34-$B$32),$B$33,$B$33+90) -> 0 | C35: 0°に近いほど X軸＝長手。大きくずれたら座標を回して入れ直す
A36: Xmin [mm] | B36: =MIN($B$5:$B$20) -> -57.76
A37: Xmax [mm] | B37: =MAX($B$5:$B$20) -> 57.76
A38: Ymin [mm] | B38: =MIN($C$5:$C$20) -> -25.95
A39: Ymax [mm] | B39: =MAX($C$5:$C$20) -> 32
A40: X方向の長さ [mm] | B40: =$B$37-$B$36 -> 115.52
A41: Y方向の長さ [mm] | B41: =$B$39-$B$38 -> 57.95
A42: 推奨 L（長手長さ）[mm] | B42: =MAX($B$40,$B$41) -> 115.52 | C42: はり（梁）の長さとして使う値
A43: 推奨 w（等価幅）[mm] | B43: =IF($B$42=0,0,$B$24/$B$42) -> 42.288431 | C43: 面積 ÷ 長さ ＝ 平均の幅（凸凹をならした幅）
A44: ■ 実際に使う寸法（手入力で上書きしたい場合は D 列に書く／空欄なら推奨値を自動採用）
A45: 採用 L（長手長さ）[mm] | B45: =IF($D$45="",$B$42,$D$45) -> 115.52 | C45: ← 手入力で上書き:
A46: 採用 w（幅）[mm] | B46: =IF($D$46="",$B$43,$D$46) -> 42.288431 | C46: ← 手入力で上書き:
A48: ■ 頂点数チェック
A49: 入隅（凹み）の数 | B49: =COUNTIF($T$5:$T$20,"入隅(凹)") -> 5 | C49: スリット・面取りがあると入隅ができる。0なら完全な凸多角形
A50: 内角の合計 [°] | B50: =SUM($R$5:$R$20) -> 2160 | C50: 理論値 =(N−2)×180。ここが合えば入力ミスなし 🟢
A51: 内角合計の理論値 [°] | B51: =($F$2-2)*180 -> 2160
A52: 入力チェック | B52: =IF(ABS($B$50-$B$51)<0.5,"OK","NG:座標の順番を確認") -> OK | C52: NGなら頂点を「外周に沿った順番」に並べ直す（飛び飛びはダメ）

Sheet 断面
A1: ② 断面（積層）— シム＋裏板＋接着＋摩擦材 を1本の「はり」に合成
A2: 変換断面法（transformed section）で 曲げ剛性EI・単位長さ質量ρA・中立軸を求める 🟢
A3: 幅 b [m]（＝形状シートの採用w） | D3: =形状!$B$46/1000 -> 0.042288431
A4: 長さ L [m]（＝形状シートの採用L） | D4: =形状!$B$45/1000 -> 0.11552
A5: 投影面積 [m²] | D5: =形状!$B$24/1000000 -> 0.0048851596
A7: 層（下から順） | B7: 使用1/0 | C7: 材料名（材料DBと同じ文字） | D7: 厚さ t [mm] | E7: E [GPa] | F7: ρ [kg/m³] | G7: ν | H7: η | I7: t [m] | J7: 下端y [m] | K7: 中心y [m] | L7: E·A [N] | M7: E·A·y | N7: ρ·A [kg/m] | O7: EI項(面外) | P7: EI項(面内) | Q7: E·A(軸) | R7: η·EI項
A8: 1: シム | B8: 0 | C8: シム鋼板 SPCC | D8: 0.8 | E8: =IFERROR(INDEX(材料DB!$B$5:$B$45,MATCH($C8,材料DB!$A$5:$A$45,0)),0) -> 205 | F8: =IFERROR(INDEX(材料DB!$C$5:$C$45,MATCH($C8,材料DB!$A$5:$A$45,0)),0) -> 7850 | G8: =IFERROR(INDEX(材料DB!$D$5:$D$45,MATCH($C8,材料DB!$A$5:$A$45,0)),0) -> 0.3 | H8: =IFERROR(INDEX(材料DB!$E$5:$E$45,MATCH($C8,材料DB!$A$5:$A$45,0)),0) -> 0.0002 | I8: =IF($B8=1,$D8/1000,0) -> 0 | J8: =0 -> 0 | K8: =J8+I8/2 -> 0 | L8: =E8*1000000000*$D$3*I8 -> 0 | M8: =L8*K8 -> 0 | N8: =F8*$D$3*I8 -> 0 | O8: =E8*1000000000*$D$3*(I8^3/12+I8*(K8-$D$15)^2) -> 0 | P8: =E8*1000000000*(I8*$D$3^3/12) -> 0 | Q8: =L8 -> 0 | R8: =H8*O8 -> 0
A9: 2: 裏板 | B9: 1 | C9: 鋼 SPCC(裏板) | D9: 5 | E9: =IFERROR(INDEX(材料DB!$B$5:$B$45,MATCH($C9,材料DB!$A$5:$A$45,0)),0) -> 205 | F9: =IFERROR(INDEX(材料DB!$C$5:$C$45,MATCH($C9,材料DB!$A$5:$A$45,0)),0) -> 7850 | G9: =IFERROR(INDEX(材料DB!$D$5:$D$45,MATCH($C9,材料DB!$A$5:$A$45,0)),0) -> 0.3 | H9: =IFERROR(INDEX(材料DB!$E$5:$E$45,MATCH($C9,材料DB!$A$5:$A$45,0)),0) -> 0.0002 | I9: =IF($B9=1,$D9/1000,0) -> 0.005 | J9: =J8+I8 -> 0 | K9: =J9+I9/2 -> 0.0025 | L9: =E9*1000000000*$D$3*I9 -> 43345642 | M9: =L9*K9 -> 108364.11 | N9: =F9*$D$3*I9 -> 1.6598209 | O9: =E9*1000000000*$D$3*(I9^3/12+I9*(K9-$D$15)^2) -> 94.156529 | P9: =E9*1000000000*(I9*$D$3^3/12) -> 6459.6256 | Q9: =L9 -> 43345642 | R9: =H9*O9 -> 0.018831306
A10: 3: 接着層 | B10: 1 | C10: 接着層 フェノール | D10: 0.2 | E10: =IFERROR(INDEX(材料DB!$B$5:$B$45,MATCH($C10,材料DB!$A$5:$A$45,0)),0) -> 3 | F10: =IFERROR(INDEX(材料DB!$C$5:$C$45,MATCH($C10,材料DB!$A$5:$A$45,0)),0) -> 1300 | G10: =IFERROR(INDEX(材料DB!$D$5:$D$45,MATCH($C10,材料DB!$A$5:$A$45,0)),0) -> 0.35 | H10: =IFERROR(INDEX(材料DB!$E$5:$E$45,MATCH($C10,材料DB!$A$5:$A$45,0)),0) -> 0.08 | I10: =IF($B10=1,$D10/1000,0) -> 0.0002 | J10: =J9+I9 -> 0.005 | K10: =J10+I10/2 -> 0.0051 | L10: =E10*1000000000*$D$3*I10 -> 25373.059 | M10: =L10*K10 -> 129.4026 | N10: =F10*$D$3*I10 -> 0.010994992 | O10: =E10*1000000000*$D$3*(I10^3/12+I10*(K10-$D$15)^2) -> 0.13452423 | P10: =E10*1000000000*(I10*$D$3^3/12) -> 3.7812443 | Q10: =L10 -> 25373.059 | R10: =H10*O10 -> 0.010761938
A11: 4: 摩擦材 | B11: 1 | C11: 摩擦材 一般(圧縮) | D11: 11 | E11: =IFERROR(INDEX(材料DB!$B$5:$B$45,MATCH($C11,材料DB!$A$5:$A$45,0)),0) -> 3.5 | F11: =IFERROR(INDEX(材料DB!$C$5:$C$45,MATCH($C11,材料DB!$A$5:$A$45,0)),0) -> 2600 | G11: =IFERROR(INDEX(材料DB!$D$5:$D$45,MATCH($C11,材料DB!$A$5:$A$45,0)),0) -> 0.25 | H11: =IFERROR(INDEX(材料DB!$E$5:$E$45,MATCH($C11,材料DB!$A$5:$A$45,0)),0) -> 0.04 | I11: =IF($B11=1,$D11/1000,0) -> 0.011 | J11: =J10+I10 -> 0.0052 | K11: =J11+I11/2 -> 0.0107 | L11: =E11*1000000000*$D$3*I11 -> 1628104.6 | M11: =L11*K11 -> 17420.719 | N11: =F11*$D$3*I11 -> 1.2094491 | O11: =E11*1000000000*$D$3*(I11^3/12+I11*(K11-$D$15)^2) -> 118.07436 | P11: =E11*1000000000*(I11*$D$3^3/12) -> 242.62984 | Q11: =L11 -> 1628104.6 | R11: =H11*O11 -> 4.7229744
A13: ■ 合成結果
A14: ΣE·A [N] | D14: =SUM(L8:L11) -> 44999120 | E14: 各層の 弾性率×断面積 の合計
A15: 中立軸 ȳ [m] | D15: =IF($D$14=0,0,SUM(M8:M11)/$D$14) -> 0.0027981487 | E15: 曲げても伸び縮みしない高さ。下端からの距離 🟢
A16: EI 面外曲げ [N·m²] | D16: =SUM(O8:O11) -> 212.36541 | E16: 厚み方向にたわむ剛性。パッドの主モードはこれ 🟢
A17: EI 面内曲げ [N·m²] | D17: =SUM(P8:P11) -> 6706.0367 | E17: 面内（半径方向）にたわむ剛性。高周波側 🟢
A18: EA 軸 [N] | D18: =SUM(Q8:Q11) -> 44999120 | E18: 伸び縮みの剛性 🟢
A19: ρA 単位長さ質量 [kg/m] | D19: =SUM(N8:N11) -> 2.8802651 | E19: 1mあたりの重さ 🟢
A20: 総厚 h [m] | D20: =SUM(I8:I11) -> 0.0162 | E20: 使用する層の厚さ合計
A21: 等価ヤング率 E_eq(面外) [GPa] | D21: =IF($D$20=0,0,$D$16/($D$3*$D$20^3/12)/1000000000) -> 14.174195 | E21: 1枚板とみなしたときの見かけのE
A22: 等価密度 ρ_eq [kg/m³] | D22: =IF($D$20=0,0,$D$19/($D$3*$D$20)) -> 4204.321 | E22: 1枚板とみなしたときの見かけのρ
A23: 等価ポアソン比 ν_eq | D23: =IF($D$14=0,0.3,SUMPRODUCT(G8:G11,L8:L11)/$D$14) -> 0.29821915 | E23: E·Aで重み付け平均
A24: 等価せん断弾性率 G_eq [Pa] | D24: =$D$21*1000000000/(2*(1+$D$23)) -> 5.4590919e+09 | E24: G=E/(2(1+ν)) 🟢
A25: ねじり係数 β | D25: =IF($D$3<=0,0,(1/3)*(1-0.63*($D$20/$D$3)+0.052*($D$20/$D$3)^5)) -> 0.2530288 | E25: 長方形断面のねじり定数 J=β·b·h³ 🟢 Roark近似
A26: GJ ねじり剛性 [N·m²] | D26: =$D$24*$D$25*$D$3*$D$20^3 -> 248.3459 | E26: ねじりにくさ 🟡(積層は近似)
A27: ρIp 単位長さ極慣性 [kg·m] | D27: =$D$19*($D$3^2+$D$20^2)/12 -> 0.00049222564 | E27: ねじりの回りにくさ 🟡
A28: 合成損失係数 η_eq | D28: =IF($D$16=0,0,SUM(R8:R11)/$D$16) -> 0.022379198 | E28: EI重み付け平均（RKU法の簡易版）🟡
A29: パッド質量 [g] | D29: =SUMPRODUCT(F8:F11,I8:I11)*$D$5*1000 -> 332.72822 | E29: 実測して合っていれば密度入力は正しい
A32: ■ 中立軸の意味（ここが一番の勘どころ）
A33: 曲げると、上側は縮み・下側は伸びる。その境目で「伸びも縮みもしない面」が中立軸（ちゅうりつじく）です。
A34: 鋼の裏板（E=205GPa）と摩擦材（E=3.5GPa）では硬さが約60倍違うので、中立軸はほぼ裏板の中に寄ります。
A35: つまり ⇒ 摩擦材の厚さを変えても剛性はあまり増えず、重さだけ増える ⇒ 固有振動数は下がる。
A36: 逆に裏板を 5.0mm → 6.0mm にすると EI は約 (6/5)³＝1.73倍になり、周波数は約√1.73＝1.32倍に上がります。

Sheet 固有振動数
A1: ③ 固有振動数の予測（自由−自由：ピアノ線で吊った状態）
A2: 4系統：①面外曲げ ②ねじり ③面内曲げ ④面内伸縮。せん断変形（Timoshenko）補正つき。単位は Hz
A3: 損失係数 η（空欄→断面シートの合成値） | E3: =IF($D$3="",断面!$D$28,$D$3) -> 0.022379198 | F3: せん断補正 使う=1 / 使わない=0 | I3: 1 | J3: κ(長方形=5/6) | K3: =5/6 -> 0.83333333
A4: 回転半径 r_out [m] = h/√12 | D4: =断面!$D$20/SQRT(12) -> 0.0046765372 | E4: r_in = w/√12 | F4: =断面!$D$3/SQRT(12) -> 0.012207619 | G4: 1+E/(κG) | H4: =1+2*(1+断面!$D$23)/$K$3 -> 4.115726
A5: # | B5: モード種別 | C5: n | D5: 係数 (βL) or n | E5: (βL)² | F5: f Euler [Hz] | G5: せん断補正係数 | H5: f 補正後 [Hz] | I5: ★採用 f [Hz] | J5: 波長 λ [mm] | K5: λ/断面寸法 | L5: 妥当性 | M5: 備考 | O5: f [Hz] | P5: η | Q5: 振幅 A | R5: モード名
A6: 1 | B6: 面外曲げ | C6: 1 | D6: 4.730041 | E6: =D6^2 -> 22.373288 | F6: =IFERROR(E6/(2*PI()*断面!$D$4^2)*SQRT(断面!$D$16/断面!$D$19),0) -> 2291.1907 | G6: =IFERROR(1/SQRT(1+E6*($D$4/断面!$D$4)^2*$H$4),1) -> 0.93213711 | H6: =F6*G6 -> 2135.7039 | I6: =IF($I$3=1,H6,F6) -> 2135.7039 | J6: =IFERROR(2*PI()*断面!$D$4/D6*1000,0) -> 153.45186 | K6: =IFERROR(J6/(断面!$D$20*1000),0) -> 9.4723367 | L6: =IF(K6>=6,"🟢 良",IF(K6>=3,"🟡 誤差±10%程度","🔴 参考値のみ")) -> 🟢 良 | M6: 板が反（そ）るように曲がる。鳴きの主役 🟢 | O6: =IF(I6<=0,1000000000,I6) -> 2135.7039 | P6: =$E$3 -> 0.022379198 | Q6: 1 | R6: =B6&" "&C6&"次" -> 面外曲げ 1次
A7: 2 | B7: 面外曲げ | C7: 2 | D7: 7.853205 | E7: =D7^2 -> 61.672829 | F7: =IFERROR(E7/(2*PI()*断面!$D$4^2)*SQRT(断面!$D$16/断面!$D$19),0) -> 6315.7554 | G7: =IFERROR(1/SQRT(1+E7*($D$4/断面!$D$4)^2*$H$4),1) -> 0.84037109 | H7: =F7*G7 -> 5307.5783 | I7: =IF($I$3=1,H7,F7) -> 5307.5783 | J7: =IFERROR(2*PI()*断面!$D$4/D7*1000,0) -> 92.425139 | K7: =IFERROR(J7/(断面!$D$20*1000),0) -> 5.7052555 | L7: =IF(K7>=6,"🟢 良",IF(K7>=3,"🟡 誤差±10%程度","🔴 参考値のみ")) -> 🟡 誤差±10%程度 | M7: 板が反（そ）るように曲がる。鳴きの主役 🟢 | O7: =IF(I7<=0,1000000000,I7) -> 5307.5783 | P7: =$E$3 -> 0.022379198 | Q7: 1 | R7: =B7&" "&C7&"次" -> 面外曲げ 2次
A8: 3 | B8: 面外曲げ | C8: 3 | D8: 10.995608 | E8: =D8^2 -> 120.9034 | F8: =IFERROR(E8/(2*PI()*断面!$D$4^2)*SQRT(断面!$D$16/断面!$D$19),0) -> 12381.405 | G8: =IFERROR(1/SQRT(1+E8*($D$4/断面!$D$4)^2*$H$4),1) -> 0.74216916 | H8: =F8*G8 -> 9189.0971 | I8: =IF($I$3=1,H8,F8) -> 9189.0971 | J8: =IFERROR(2*PI()*断面!$D$4/D8*1000,0) -> 66.011226 | K8: =IFERROR(J8/(断面!$D$20*1000),0) -> 4.074767 | L8: =IF(K8>=6,"🟢 良",IF(K8>=3,"🟡 誤差±10%程度","🔴 参考値のみ")) -> 🟡 誤差±10%程度 | M8: 板が反（そ）るように曲がる。鳴きの主役 🟢 | O8: =IF(I8<=0,1000000000,I8) -> 9189.0971 | P8: =$E$3 -> 0.022379198 | Q8: 1 | R8: =B8&" "&C8&"次" -> 面外曲げ 3次
A9: 4 | B9: 面外曲げ | C9: 4 | D9: 14.137165 | E9: =D9^2 -> 199.85943 | F9: =IFERROR(E9/(2*PI()*断面!$D$4^2)*SQRT(断面!$D$16/断面!$D$19),0) -> 20467.09 | G9: =IFERROR(1/SQRT(1+E9*($D$4/断面!$D$4)^2*$H$4),1) -> 0.65259909 | H9: =F9*G9 -> 13356.804 | I9: =IF($I$3=1,H9,F9) -> 13356.804 | J9: =IFERROR(2*PI()*断面!$D$4/D9*1000,0) -> 51.342229 | K9: =IFERROR(J9/(断面!$D$20*1000),0) -> 3.1692734 | L9: =IF(K9>=6,"🟢 良",IF(K9>=3,"🟡 誤差±10%程度","🔴 参考値のみ")) -> 🟡 誤差±10%程度 | M9: 板が反（そ）るように曲がる。鳴きの主役 🟢 | O9: =IF(I9<=0,1000000000,I9) -> 13356.804 | P9: =$E$3 -> 0.022379198 | Q9: 1 | R9: =B9&" "&C9&"次" -> 面外曲げ 4次
A10: 5 | B10: 面外曲げ | C10: 5 | D10: 17.27876 | E10: =D10^2 -> 298.55555 | F10: =IFERROR(E10/(2*PI()*断面!$D$4^2)*SQRT(断面!$D$16/断面!$D$19),0) -> 30574.304 | G10: =IFERROR(1/SQRT(1+E10*($D$4/断面!$D$4)^2*$H$4),1) -> 0.5760315 | H10: =F10*G10 -> 17611.762 | I10: =IF($I$3=1,H10,F10) -> 17611.762 | J10: =IFERROR(2*PI()*断面!$D$4/D10*1000,0) -> 42.007272 | K10: =IFERROR(J10/(断面!$D$20*1000),0) -> 2.5930415 | L10: =IF(K10>=6,"🟢 良",IF(K10>=3,"🟡 誤差±10%程度","🔴 参考値のみ")) -> 🔴 参考値のみ | M10: 板が反（そ）るように曲がる。鳴きの主役 🟢 | O10: =IF(I10<=0,1000000000,I10) -> 17611.762 | P10: =$E$3 -> 0.022379198 | Q10: 1 | R10: =B10&" "&C10&"次" -> 面外曲げ 5次
A11: 6 | B11: 面外曲げ | C11: 6 | D11: 20.420352 | E11: =D11^2 -> 416.99078 | F11: =IFERROR(E11/(2*PI()*断面!$D$4^2)*SQRT(断面!$D$16/断面!$D$19),0) -> 42702.951 | G11: =IFERROR(1/SQRT(1+E11*($D$4/断面!$D$4)^2*$H$4),1) -> 0.51214109 | H11: =F11*G11 -> 21869.936 | I11: =IF($I$3=1,H11,F11) -> 21869.936 | J11: =IFERROR(2*PI()*断面!$D$4/D11*1000,0) -> 35.544616 | K11: =IFERROR(J11/(断面!$D$20*1000),0) -> 2.1941121 | L11: =IF(K11>=6,"🟢 良",IF(K11>=3,"🟡 誤差±10%程度","🔴 参考値のみ")) -> 🔴 参考値のみ | M11: 板が反（そ）るように曲がる。鳴きの主役 🟢 | O11: =IF(I11<=0,1000000000,I11) -> 21869.936 | P11: =$E$3 -> 0.022379198 | Q11: 1 | R11: =B11&" "&C11&"次" -> 面外曲げ 6次
A12: 7 | B12: ねじり | C12: 1 | D12: 1 | E12: =D12^2 -> 1 | F12: =IFERROR(D12/(2*断面!$D$4)*SQRT(断面!$D$26/断面!$D$27),0) -> 3074.3917 | G12: =1 -> 1 | H12: =F12*G12 -> 3074.3917 | I12: =IF($I$3=1,H12,F12) -> 3074.3917 | J12: =IFERROR(2*断面!$D$4/D12*1000,0) -> 231.04 | K12: =IFERROR(J12/(MAX(断面!$D$3,断面!$D$20)*1000),0) -> 5.4634327 | L12: =IF(K12>=6,"🟢 良",IF(K12>=3,"🟡 誤差±10%程度","🔴 参考値のみ")) -> 🟡 誤差±10%程度 | M12: 板がねじれる。1次ねじりは1次曲げの近くに出やすい 🟡 | O12: =IF(I12<=0,1000000000,I12) -> 3074.3917 | P12: =$E$3 -> 0.022379198 | Q12: 1 | R12: =B12&" "&C12&"次" -> ねじり 1次
A13: 8 | B13: ねじり | C13: 2 | D13: 2 | E13: =D13^2 -> 4 | F13: =IFERROR(D13/(2*断面!$D$4)*SQRT(断面!$D$26/断面!$D$27),0) -> 6148.7834 | G13: =1 -> 1 | H13: =F13*G13 -> 6148.7834 | I13: =IF($I$3=1,H13,F13) -> 6148.7834 | J13: =IFERROR(2*断面!$D$4/D13*1000,0) -> 115.52 | K13: =IFERROR(J13/(MAX(断面!$D$3,断面!$D$20)*1000),0) -> 2.7317164 | L13: =IF(K13>=6,"🟢 良",IF(K13>=3,"🟡 誤差±10%程度","🔴 参考値のみ")) -> 🔴 参考値のみ | M13: 板がねじれる。1次ねじりは1次曲げの近くに出やすい 🟡 | O13: =IF(I13<=0,1000000000,I13) -> 6148.7834 | P13: =$E$3 -> 0.022379198 | Q13: 1 | R13: =B13&" "&C13&"次" -> ねじり 2次
A14: 9 | B14: ねじり | C14: 3 | D14: 3 | E14: =D14^2 -> 9 | F14: =IFERROR(D14/(2*断面!$D$4)*SQRT(断面!$D$26/断面!$D$27),0) -> 9223.1751 | G14: =1 -> 1 | H14: =F14*G14 -> 9223.1751 | I14: =IF($I$3=1,H14,F14) -> 9223.1751 | J14: =IFERROR(2*断面!$D$4/D14*1000,0) -> 77.013333 | K14: =IFERROR(J14/(MAX(断面!$D$3,断面!$D$20)*1000),0) -> 1.8211442 | L14: =IF(K14>=6,"🟢 良",IF(K14>=3,"🟡 誤差±10%程度","🔴 参考値のみ")) -> 🔴 参考値のみ | M14: 板がねじれる。1次ねじりは1次曲げの近くに出やすい 🟡 | O14: =IF(I14<=0,1000000000,I14) -> 9223.1751 | P14: =$E$3 -> 0.022379198 | Q14: 1 | R14: =B14&" "&C14&"次" -> ねじり 3次
A15: 10 | B15: ねじり | C15: 4 | D15: 4 | E15: =D15^2 -> 16 | F15: =IFERROR(D15/(2*断面!$D$4)*SQRT(断面!$D$26/断面!$D$27),0) -> 12297.567 | G15: =1 -> 1 | H15: =F15*G15 -> 12297.567 | I15: =IF($I$3=1,H15,F15) -> 12297.567 | J15: =IFERROR(2*断面!$D$4/D15*1000,0) -> 57.76 | K15: =IFERROR(J15/(MAX(断面!$D$3,断面!$D$20)*1000),0) -> 1.3658582 | L15: =IF(K15>=6,"🟢 良",IF(K15>=3,"🟡 誤差±10%程度","🔴 参考値のみ")) -> 🔴 参考値のみ | M15: 板がねじれる。1次ねじりは1次曲げの近くに出やすい 🟡 | O15: =IF(I15<=0,1000000000,I15) -> 12297.567 | P15: =$E$3 -> 0.022379198 | Q15: 1 | R15: =B15&" "&C15&"次" -> ねじり 4次
A16: 11 | B16: 面内曲げ | C16: 1 | D16: 4.730041 | E16: =D16^2 -> 22.373288 | F16: =IFERROR(E16/(2*PI()*断面!$D$4^2)*SQRT(断面!$D$17/断面!$D$19),0) -> 12875.151 | G16: =IFERROR(1/SQRT(1+E16*($F$4/断面!$D$4)^2*$H$4),1) -> 0.70215485 | H16: =F16*G16 -> 9040.3494 | I16: =IF($I$3=1,H16,F16) -> 9040.3494 | J16: =IFERROR(2*PI()*断面!$D$4/D16*1000,0) -> 153.45186 | K16: =IFERROR(J16/(断面!$D$3*1000),0) -> 3.6286958 | L16: =IF(K16>=6,"🟢 良",IF(K16>=3,"🟡 誤差±10%程度","🔴 参考値のみ")) -> 🟡 誤差±10%程度 | M16: 面の中で（半径方向に）波打つ。5kHz以上で効く 🟢 | O16: =IF(I16<=0,1000000000,I16) -> 9040.3494 | P16: =$E$3 -> 0.022379198 | Q16: 1 | R16: =B16&" "&C16&"次" -> 面内曲げ 1次
A17: 12 | B17: 面内曲げ | C17: 2 | D17: 7.853205 | E17: =D17^2 -> 61.672829 | F17: =IFERROR(E17/(2*PI()*断面!$D$4^2)*SQRT(断面!$D$17/断面!$D$19),0) -> 35490.848 | G17: =IFERROR(1/SQRT(1+E17*($F$4/断面!$D$4)^2*$H$4),1) -> 0.51067126 | H17: =F17*G17 -> 18124.156 | I17: =IF($I$3=1,H17,F17) -> 18124.156 | J17: =IFERROR(2*PI()*断面!$D$4/D17*1000,0) -> 92.425139 | K17: =IFERROR(J17/(断面!$D$3*1000),0) -> 2.1855892 | L17: =IF(K17>=6,"🟢 良",IF(K17>=3,"🟡 誤差±10%程度","🔴 参考値のみ")) -> 🔴 参考値のみ | M17: 面の中で（半径方向に）波打つ。5kHz以上で効く 🟢 | O17: =IF(I17<=0,1000000000,I17) -> 18124.156 | P17: =$E$3 -> 0.022379198 | Q17: 1 | R17: =B17&" "&C17&"次" -> 面内曲げ 2次
A18: 13 | B18: 面内曲げ | C18: 3 | D18: 10.995608 | E18: =D18^2 -> 120.9034 | F18: =IFERROR(E18/(2*PI()*断面!$D$4^2)*SQRT(断面!$D$17/断面!$D$19),0) -> 69576.248 | G18: =IFERROR(1/SQRT(1+E18*($F$4/断面!$D$4)^2*$H$4),1) -> 0.39052672 | H18: =F18*G18 -> 27171.384 | I18: =IF($I$3=1,H18,F18) -> 27171.384 | J18: =IFERROR(2*PI()*断面!$D$4/D18*1000,0) -> 66.011226 | K18: =IFERROR(J18/(断面!$D$3*1000),0) -> 1.560976 | L18: =IF(K18>=6,"🟢 良",IF(K18>=3,"🟡 誤差±10%程度","🔴 参考値のみ")) -> 🔴 参考値のみ | M18: 面の中で（半径方向に）波打つ。5kHz以上で効く 🟢 | O18: =IF(I18<=0,1000000000,I18) -> 27171.384 | P18: =$E$3 -> 0.022379198 | Q18: 1 | R18: =B18&" "&C18&"次" -> 面内曲げ 3次
A19: 14 | B19: 面内曲げ | C19: 4 | D19: 14.137165 | E19: =D19^2 -> 199.85943 | F19: =IFERROR(E19/(2*PI()*断面!$D$4^2)*SQRT(断面!$D$17/断面!$D$19),0) -> 115013.06 | G19: =IFERROR(1/SQRT(1+E19*($F$4/断面!$D$4)^2*$H$4),1) -> 0.31332978 | H19: =F19*G19 -> 36037.017 | I19: =IF($I$3=1,H19,F19) -> 36037.017 | J19: =IFERROR(2*PI()*断面!$D$4/D19*1000,0) -> 51.342229 | K19: =IFERROR(J19/(断面!$D$3*1000),0) -> 1.2140963 | L19: =IF(K19>=6,"🟢 良",IF(K19>=3,"🟡 誤差±10%程度","🔴 参考値のみ")) -> 🔴 参考値のみ | M19: 面の中で（半径方向に）波打つ。5kHz以上で効く 🟢 | O19: =IF(I19<=0,1000000000,I19) -> 36037.017 | P19: =$E$3 -> 0.022379198 | Q19: 1 | R19: =B19&" "&C19&"次" -> 面内曲げ 4次
A20: 15 | B20: 面内伸縮 | C20: 1 | D20: 1 | E20: =D20^2 -> 1 | F20: =IFERROR(D20/(2*断面!$D$4)*SQRT(断面!$D$18/断面!$D$19),0) -> 17107.975 | G20: =1 -> 1 | H20: =F20*G20 -> 17107.975 | I20: =IF($I$3=1,H20,F20) -> 17107.975 | J20: =IFERROR(2*断面!$D$4/D20*1000,0) -> 231.04 | K20: =IFERROR(J20/(MAX(断面!$D$3,断面!$D$20)*1000),0) -> 5.4634327 | L20: =IF(K20>=6,"🟢 良",IF(K20>=3,"🟡 誤差±10%程度","🔴 参考値のみ")) -> 🟡 誤差±10%程度 | M20: 円周方向に伸び縮み。10kHz超の高音鳴きに関与 🟢 | O20: =IF(I20<=0,1000000000,I20) -> 17107.975 | P20: =$E$3 -> 0.022379198 | Q20: 1 | R20: =B20&" "&C20&"次" -> 面内伸縮 1次
A21: 16 | B21: 面内伸縮 | C21: 2 | D21: 2 | E21: =D21^2 -> 4 | F21: =IFERROR(D21/(2*断面!$D$4)*SQRT(断面!$D$18/断面!$D$19),0) -> 34215.95 | G21: =1 -> 1 | H21: =F21*G21 -> 34215.95 | I21: =IF($I$3=1,H21,F21) -> 34215.95 | J21: =IFERROR(2*断面!$D$4/D21*1000,0) -> 115.52 | K21: =IFERROR(J21/(MAX(断面!$D$3,断面!$D$20)*1000),0) -> 2.7317164 | L21: =IF(K21>=6,"🟢 良",IF(K21>=3,"🟡 誤差±10%程度","🔴 参考値のみ")) -> 🔴 参考値のみ | M21: 円周方向に伸び縮み。10kHz超の高音鳴きに関与 🟢 | O21: =IF(I21<=0,1000000000,I21) -> 34215.95 | P21: =$E$3 -> 0.022379198 | Q21: 1 | R21: =B21&" "&C21&"次" -> 面内伸縮 2次
A22: 17 | B22: 面内伸縮 | C22: 3 | D22: 3 | E22: =D22^2 -> 9 | F22: =IFERROR(D22/(2*断面!$D$4)*SQRT(断面!$D$18/断面!$D$19),0) -> 51323.925 | G22: =1 -> 1 | H22: =F22*G22 -> 51323.925 | I22: =IF($I$3=1,H22,F22) -> 51323.925 | J22: =IFERROR(2*断面!$D$4/D22*1000,0) -> 77.013333 | K22: =IFERROR(J22/(MAX(断面!$D$3,断面!$D$20)*1000),0) -> 1.8211442 | L22: =IF(K22>=6,"🟢 良",IF(K22>=3,"🟡 誤差±10%程度","🔴 参考値のみ")) -> 🔴 参考値のみ | M22: 円周方向に伸び縮み。10kHz超の高音鳴きに関与 🟢 | O22: =IF(I22<=0,1000000000,I22) -> 51323.925 | P22: =$E$3 -> 0.022379198 | Q22: 1 | R22: =B22&" "&C22&"次" -> 面内伸縮 3次
A24: ■ 使っている式（🟢＝教科書どおり／🟡＝妥当な近似）
A25: 面外曲げ・面内曲げ | C25: f = (βL)² /(2π L²) × √(EI / ρA) | G25: 自由−自由はり（Euler-Bernoulli）。βL = 4.7300, 7.8532, 10.9956, 14.1372, 17.2788, 20.4204（cos(βL)cosh(βL)=1 の解） 🟢
A26: 周波数の比 | C26: f₁ : f₂ : f₃ : f₄ = 1 : 2.757 : 5.404 : 8.933 | G26: 実測がこの比から外れたら「曲げモードではない」or「せん断が効いている」 🟢
A27: せん断補正 | C27: f補正 = f / √(1 + (βL)²·(r/L)²·(1 + E/(κG))) | G27: Timoshenkoの一次近似。r=断面回転半径, κ=5/6。高次ほど大きく下がる。厚くて短いパッドでは必須 🟡
A28: ねじり | C28: f = n /(2L) × √(GJ / ρIp) | G28: 自由−自由ねじり棒。J=β·b·h³、β=(1/3)(1−0.630(h/b)+0.052(h/b)⁵) 🟢/🟡（積層のGJは近似）
A29: 面内伸縮 | C29: f = n /(2L) × √(EA / ρA) | G29: 自由−自由の縦振動。棒の中の音速 c=√(E/ρ) の半波長ずつ 🟢
A30: 波長 | C30: λ = 2πL/(βL)（曲げ）、λ = 2L/n（ねじり・伸縮） | G30: λ/断面寸法 が小さいほど1次元はり近似が苦しい。6以上あれば安心 🟢
A31: 最重要の性質 | C31: f ∝ h / L²（均質1枚板のとき） | G31: 厚さ2倍→周波数2倍。長さ2倍→周波数1/4。設計で一番効くのは L（長さ） 🟢
A33: ■ 感度（どこをいじると何Hz動くか）
A34: 長さ L を x 倍 → 面外曲げは 1/x² 倍。L が 5% 伸びるだけで周波数は約 9% 下がる（最も効く）
A35: 裏板の厚さ t1 を x 倍 → EI は x³、質量は x なので周波数はおよそ x 倍（摩擦材が乗っている分やや鈍る）
A36: 摩擦材のヤング率 E2 を x 倍 → 中立軸が裏板に寄っているため周波数はほとんど動かない
A37: 摩擦材の厚さ t2 を増やす → 重さだけ増えて剛性はあまり増えない ⇒ 周波数は下がる（摩耗すると鳴き周波数が上がる理由）
A38: ⚠ せん断補正を OFF にすると高次モードを 20〜50% 高く出します。実測と合わないときはまずここを疑う

Sheet スペクトル
A1: ④ スペクトル（FFT画面と同じ形のグラフ用データ）
A2: 各モードを1自由度系として複素数で足し合わせ、応答の大きさ |H(f)| を作る 🟢
A3: 開始周波数 [Hz] | C3: 0 | D3: 刻み Δf [Hz] | F3: 10 | G3: 点数 | H3: 2001 | I3: dB基準値 | K3: 1 | L3: ※ ピークを拡大したいときは 開始=4900, Δf=0.5 のように変える
A5: 周波数 f [Hz] | B5: 実部 Re | C5: 虚部 Im | D5: 応答 |H| | E5: レベル [dB]
A6: =$C$3 -> 0 | B6: =SUMPRODUCT(固有振動数!$Q$6:$Q$22*(1-($A6/固有振動数!$O$6:$O$22)^2)/((1-($A6/固有振動数!$O$6:$O$22)^2)^2+固有振動数!$P$6:$P$22^2)) -> 16.99149 | C6: =-SUMPRODUCT(固有振動数!$Q$6:$Q$22*固有振動数!$P$6:$P$22/((1-($A6/固有振動数!$O$6:$O$22)^2)^2+固有振動数!$P$6:$P$22^2)) -> -0.38025592 | D6: =SQRT(B6^2+C6^2) -> 16.995745 | E6: =20*LOG10(MAX(D6,0.000000000001)/$K$3) -> 24.606804
A7: =A6+$F$3 -> 10 | B7: =SUMPRODUCT(固有振動数!$Q$6:$Q$22*(1-($A7/固有振動数!$O$6:$O$22)^2)/((1-($A7/固有振動数!$O$6:$O$22)^2)^2+固有振動数!$P$6:$P$22^2)) -> 16.991535 | C7: =-SUMPRODUCT(固有振動数!$Q$6:$Q$22*固有振動数!$P$6:$P$22/((1-($A7/固有振動数!$O$6:$O$22)^2)^2+固有振動数!$P$6:$P$22^2)) -> -0.38025794 | D7: =SQRT(B7^2+C7^2) -> 16.99579 | E7: =20*LOG10(MAX(D7,0.000000000001)/$K$3) -> 24.606827
A8: =A7+$F$3 -> 20 | B8: =SUMPRODUCT(固有振動数!$Q$6:$Q$22*(1-($A8/固有振動数!$O$6:$O$22)^2)/((1-($A8/固有振動数!$O$6:$O$22)^2)^2+固有振動数!$P$6:$P$22^2)) -> 16.99167 | C8: =-SUMPRODUCT(固有振動数!$Q$6:$Q$22*固有振動数!$P$6:$P$22/((1-($A8/固有振動数!$O$6:$O$22)^2)^2+固有振動数!$P$6:$P$22^2)) -> -0.38026397 | D8: =SQRT(B8^2+C8^2) -> 16.995924 | E8: =20*LOG10(MAX(D8,0.000000000001)/$K$3) -> 24.606896
A9: =A8+$F$3 -> 30 | B9: =SUMPRODUCT(固有振動数!$Q$6:$Q$22*(1-($A9/固有振動数!$O$6:$O$22)^2)/((1-($A9/固有振動数!$O$6:$O$22)^2)^2+固有振動数!$P$6:$P$22^2)) -> 16.991895 | C9: =-SUMPRODUCT(固有振動数!$Q$6:$Q$22*固有振動数!$P$6:$P$22/((1-($A9/固有振動数!$O$6:$O$22)^2)^2+固有振動数!$P$6:$P$22^2)) -> -0.38027404 | D9: =SQRT(B9^2+C9^2) -> 16.996149 | E9: =20*LOG10(MAX(D9,0.000000000001)/$K$3) -> 24.607011
A10: =A9+$F$3 -> 40 | B10: =SUMPRODUCT(固有振動数!$Q$6:$Q$22*(1-($A10/固有振動数!$O$6:$O$22)^2)/((1-($A10/固有振動数!$O$6:$O$22)^2)^2+固有振動数!$P$6:$P$22^2)) -> 16.99221 | C10: =-SUMPRODUCT(固有振動数!$Q$6:$Q$22*固有振動数!$P$6:$P$22/((1-($A10/固有振動数!$O$6:$O$22)^2)^2+固有振動数!$P$6:$P$22^2)) -> -0.38028814 | D10: =SQRT(B10^2+C10^2) -> 16.996464 | E10: =20*LOG10(MAX(D10,0.000000000001)/$K$3) -> 24.607172
A11: =A10+$F$3 -> 50 | B11: =SUMPRODUCT(固有振動数!$Q$6:$Q$22*(1-($A11/固有振動数!$O$6:$O$22)^2)/((1-($A11/固有振動数!$O$6:$O$22)^2)^2+固有振動数!$P$6:$P$22^2)) -> 16.992614 | C11: =-SUMPRODUCT(固有振動数!$Q$6:$Q$22*固有振動数!$P$6:$P$22/((1-($A11/固有振動数!$O$6:$O$22)^2)^2+固有振動数!$P$6:$P$22^2)) -> -0.38030627 | D11: =SQRT(B11^2+C11^2) -> 16.99687 | E11: =20*LOG10(MAX(D11,0.000000000001)/$K$3) -> 24.607379
A12: =A11+$F$3 -> 60 | B12: =SUMPRODUCT(固有振動数!$Q$6:$Q$22*(1-($A12/固有振動数!$O$6:$O$22)^2)/((1-($A12/固有振動数!$O$6:$O$22)^2)^2+固有振動数!$P$6:$P$22^2)) -> 16.993109 | C12: =-SUMPRODUCT(固有振動数!$Q$6:$Q$22*固有振動数!$P$6:$P$22/((1-($A12/固有振動数!$O$6:$O$22)^2)^2+固有振動数!$P$6:$P$22^2)) -> -0.38032844 | D12: =SQRT(B12^2+C12^2) -> 16.997365 | E12: =20*LOG10(MAX(D12,0.000000000001)/$K$3) -> 24.607632
A13: =A12+$F$3 -> 70 | B13: =SUMPRODUCT(固有振動数!$Q$6:$Q$22*(1-($A13/固有振動数!$O$6:$O$22)^2)/((1-($A13/固有振動数!$O$6:$O$22)^2)^2+固有振動数!$P$6:$P$22^2)) -> 16.993694 | C13: =-SUMPRODUCT(固有振動数!$Q$6:$Q$22*固有振動数!$P$6:$P$22/((1-($A13/固有振動数!$O$6:$O$22)^2)^2+固有振動数!$P$6:$P$22^2)) -> -0.38035465 | D13: =SQRT(B13^2+C13^2) -> 16.99795 | E13: =20*LOG10(MAX(D13,0.000000000001)/$K$3) -> 24.607931
A14: =A13+$F$3 -> 80 | B14: =SUMPRODUCT(固有振動数!$Q$6:$Q$22*(1-($A14/固有振動数!$O$6:$O$22)^2)/((1-($A14/固有振動数!$O$6:$O$22)^2)^2+固有振動数!$P$6:$P$22^2)) -> 16.994369 | C14: =-SUMPRODUCT(固有振動数!$Q$6:$Q$22*固有振動数!$P$6:$P$22/((1-($A14/固有振動数!$O$6:$O$22)^2)^2+固有振動数!$P$6:$P$22^2)) -> -0.38038492 | D14: =SQRT(B14^2+C14^2) -> 16.998626 | E14: =20*LOG10(MAX(D14,0.000000000001)/$K$3) -> 24.608276
A15: =A14+$F$3 -> 90 | B15: =SUMPRODUCT(固有振動数!$Q$6:$Q$22*(1-($A15/固有振動数!$O$6:$O$22)^2)/((1-($A15/固有振動数!$O$6:$O$22)^2)^2+固有振動数!$P$6:$P$22^2)) -> 16.995135 | C15: =-SUMPRODUCT(固有振動数!$Q$6:$Q$22*固有振動数!$P$6:$P$22/((1-($A15/固有振動数!$O$6:$O$22)^2)^2+固有振動数!$P$6:$P$22^2)) -> -0.38041924 | D15: =SQRT(B15^2+C15^2) -> 16.999392 | E15: =20*LOG10(MAX(D15,0.000000000001)/$K$3) -> 24.608668
A16: =A15+$F$3 -> 100 | B16: =SUMPRODUCT(固有振動数!$Q$6:$Q$22*(1-($A16/固有振動数!$O$6:$O$22)^2)/((1-($A16/固有振動数!$O$6:$O$22)^2)^2+固有振動数!$P$6:$P$22^2)) -> 16.995991 | C16: =-SUMPRODUCT(固有振動数!$Q$6:$Q$22*固有振動数!$P$6:$P$22/((1-($A16/固有振動数!$O$6:$O$22)^2)^2+固有振動数!$P$6:$P$22^2)) -> -0.38045763 | D16: =SQRT(B16^2+C16^2) -> 17.000249 | E16: =20*LOG10(MAX(D16,0.000000000001)/$K$3) -> 24.609106
A17: =A16+$F$3 -> 110 | B17: =SUMPRODUCT(固有振動数!$Q$6:$Q$22*(1-($A17/固有振動数!$O$6:$O$22)^2)/((1-($A17/固有振動数!$O$6:$O$22)^2)^2+固有振動数!$P$6:$P$22^2)) -> 16.996938 | C17: =-SUMPRODUCT(固有振動数!$Q$6:$Q$22*固有振動数!$P$6:$P$22/((1-($A17/固有振動数!$O$6:$O$22)^2)^2+固有振動数!$P$6:$P$22^2)) -> -0.38050009 | D17: =SQRT(B17^2+C17^2) -> 17.001197 | E17: =20*LOG10(MAX(D17,0.000000000001)/$K$3) -> 24.60959
A18: =A17+$F$3 -> 120 | B18: =SUMPRODUCT(固有振動数!$Q$6:$Q$22*(1-($A18/固有振動数!$O$6:$O$22)^2)/((1-($A18/固有振動数!$O$6:$O$22)^2)^2+固有振動数!$P$6:$P$22^2)) -> 16.997976 | C18: =-SUMPRODUCT(固有振動数!$Q$6:$Q$22*固有振動数!$P$6:$P$22/((1-($A18/固有振動数!$O$6:$O$22)^2)^2+固有振動数!$P$6:$P$22^2)) -> -0.38054664 | D18: =SQRT(B18^2+C18^2) -> 17.002235 | E18: =20*LOG10(MAX(D18,0.000000000001)/$K$3) -> 24.61012
... A29: =A28+$F$3 -> 230 | B29: =SUMPRODUCT(固有振動数!$Q$6:$Q$22*(1-($A29/固有振動数!$O$6:$O$22)^2)/((1-($A29/固有振動数!$O$6:$O$22)^2)^2+固有振動数!$P$6:$P$22^2)) -> 17.015443 | C29: =-SUMPRODUCT(固有振動数!$Q$6:$Q$22*固有振動数!$P$6:$P$22/((1-($A29/固有振動数!$O$6:$O$22)^2)^2+固有振動数!$P$6:$P$22^2)) -> -0.38133248 | D29: =SQRT(B29^2+C29^2) -> 17.019715 | E29: =20*LOG10(MAX(D29,0.000000000001)/$K$3) -> 24.619046
A30: =A29+$F$3 -> 240 | B30: =SUMPRODUCT(固有振動数!$Q$6:$Q$22*(1-($A30/固有振動数!$O$6:$O$22)^2)/((1-($A30/固有振動数!$O$6:$O$22)^2)^2+固有振動数!$P$6:$P$22^2)) -> 17.017588 | C30: =-SUMPRODUCT(固有振動数!$Q$6:$Q$22*固有振動数!$P$6:$P$22/((1-($A30/固有振動数!$O$6:$O$22)^2)^2+固有振動数!$P$6:$P$22^2)) -> -0.38142928 | D30: =SQRT(B30^2+C30^2) -> 17.021862 | E30: =20*LOG10(MAX(D30,0.000000000001)/$K$3) -> 24.620141 | G30: ■ 使い方
A31: =A30+$F$3 -> 250 | B31: =SUMPRODUCT(固有振動数!$Q$6:$Q$22*(1-($A31/固有振動数!$O$6:$O$22)^2)/((1-($A31/固有振動数!$O$6:$O$22)^2)^2+固有振動数!$P$6:$P$22^2)) -> 17.019827 | C31: =-SUMPRODUCT(固有振動数!$Q$6:$Q$22*固有振動数!$P$6:$P$22/((1-($A31/固有振動数!$O$6:$O$22)^2)^2+固有振動数!$P$6:$P$22^2)) -> -0.3815304 | D31: =SQRT(B31^2+C31^2) -> 17.024103 | E31: =20*LOG10(MAX(D31,0.000000000001)/$K$3) -> 24.621285 | G31: A〜E列をそのままコピーすれば、gnuplot / Python / Origin / Excel の別グラフに貼れます。
A32: =A31+$F$3 -> 260 | B32: =SUMPRODUCT(固有振動数!$Q$6:$Q$22*(1-($A32/固有振動数!$O$6:$O$22)^2)/((1-($A32/固有振動数!$O$6:$O$22)^2)^2+固有振動数!$P$6:$P$22^2)) -> 17.022161 | C32: =-SUMPRODUCT(固有振動数!$Q$6:$Q$22*固有振動数!$P$6:$P$22/((1-($A32/固有振動数!$O$6:$O$22)^2)^2+固有振動数!$P$6:$P$22^2)) -> -0.38163588 | D32: =SQRT(B32^2+C32^2) -> 17.026439 | E32: =20*LOG10(MAX(D32,0.000000000001)/$K$3) -> 24.622476 | G32: CSVで欲しいときは A5:E2006 を選択 → 別シートに値貼り付け → 「CSVで保存」。
A33: =A32+$F$3 -> 270 | B33: =SUMPRODUCT(固有振動数!$Q$6:$Q$22*(1-($A33/固有振動数!$O$6:$O$22)^2)/((1-($A33/固有振動数!$O$6:$O$22)^2)^2+固有振動数!$P$6:$P$22^2)) -> 17.02459 | C33: =-SUMPRODUCT(固有振動数!$Q$6:$Q$22*固有振動数!$P$6:$P$22/((1-($A33/固有振動数!$O$6:$O$22)^2)^2+固有振動数!$P$6:$P$22^2)) -> -0.38174573 | D33: =SQRT(B33^2+C33^2) -> 17.02887 | E33: =20*LOG10(MAX(D33,0.000000000001)/$K$3) -> 24.623716 | G33: 縦軸dBは相対値です。絶対値が必要なら実測FRFの1点で K3（基準値）を合わせてください。
A34: =A33+$F$3 -> 280 | B34: =SUMPRODUCT(固有振動数!$Q$6:$Q$22*(1-($A34/固有振動数!$O$6:$O$22)^2)/((1-($A34/固有振動数!$O$6:$O$22)^2)^2+固有振動数!$P$6:$P$22^2)) -> 17.027115 | C34: =-SUMPRODUCT(固有振動数!$Q$6:$Q$22*固有振動数!$P$6:$P$22/((1-($A34/固有振動数!$O$6:$O$22)^2)^2+固有振動数!$P$6:$P$22^2)) -> -0.38185998 | D34: =SQRT(B34^2+C34^2) -> 17.031396 | E34: =20*LOG10(MAX(D34,0.000000000001)/$K$3) -> 24.625005 | G34: 山（ピーク）の高さは 1/η に比例します。η=0.01 なら山の高さは約100倍＝40dB。
A35: =A34+$F$3 -> 290 | B35: =SUMPRODUCT(固有振動数!$Q$6:$Q$22*(1-($A35/固有振動数!$O$6:$O$22)^2)/((1-($A35/固有振動数!$O$6:$O$22)^2)^2+固有振動数!$P$6:$P$22^2)) -> 17.029735 | C35: =-SUMPRODUCT(固有振動数!$Q$6:$Q$22*固有振動数!$P$6:$P$22/((1-($A35/固有振動数!$O$6:$O$22)^2)^2+固有振動数!$P$6:$P$22^2)) -> -0.38197867 | D35: =SQRT(B35^2+C35^2) -> 17.034019 | E35: =20*LOG10(MAX(D35,0.000000000001)/$K$3) -> 24.626342 | G35: 山の幅（半値幅）は Δf ≒ η × f です。η=0.01, f=5000Hz なら幅50Hz。
A36: =A35+$F$3 -> 300 | B36: =SUMPRODUCT(固有振動数!$Q$6:$Q$22*(1-($A36/固有振動数!$O$6:$O$22)^2)/((1-($A36/固有振動数!$O$6:$O$22)^2)^2+固有振動数!$P$6:$P$22^2)) -> 17.032452 | C36: =-SUMPRODUCT(固有振動数!$Q$6:$Q$22*固有振動数!$P$6:$P$22/((1-($A36/固有振動数!$O$6:$O$22)^2)^2+固有振動数!$P$6:$P$22^2)) -> -0.38210183 | D36: =SQRT(B36^2+C36^2) -> 17.036738 | E36: =20*LOG10(MAX(D36,0.000000000001)/$K$3) -> 24.627729 | G36: ⚠ Δf（刻み）が半値幅より粗いと、山が低く・細く描かれます。ηが小さいときは刻みを細かく。
A37: =A36+$F$3 -> 310 | B37: =SUMPRODUCT(固有振動数!$Q$6:$Q$22*(1-($A37/固有振動数!$O$6:$O$22)^2)/((1-($A37/固有振動数!$O$6:$O$22)^2)^2+固有振動数!$P$6:$P$22^2)) -> 17.035266 | C37: =-SUMPRODUCT(固有振動数!$Q$6:$Q$22*固有振動数!$P$6:$P$22/((1-($A37/固有振動数!$O$6:$O$22)^2)^2+固有振動数!$P$6:$P$22^2)) -> -0.38222949 | D37: =SQRT(B37^2+C37^2) -> 17.039554 | E37: =20*LOG10(MAX(D37,0.000000000001)/$K$3) -> 24.629164
A38: =A37+$F$3 -> 320 | B38: =SUMPRODUCT(固有振動数!$Q$6:$Q$22*(1-($A38/固有振動数!$O$6:$O$22)^2)/((1-($A38/固有振動数!$O$6:$O$22)^2)^2+固有振動数!$P$6:$P$22^2)) -> 17.038177 | C38: =-SUMPRODUCT(固有振動数!$Q$6:$Q$22*固有振動数!$P$6:$P$22/((1-($A38/固有振動数!$O$6:$O$22)^2)^2+固有振動数!$P$6:$P$22^2)) -> -0.38236168 | D38: =SQRT(B38^2+C38^2) -> 17.042467 | E38: =20*LOG10(MAX(D38,0.000000000001)/$K$3) -> 24.630649
A39: =A38+$F$3 -> 330 | B39: =SUMPRODUCT(固有振動数!$Q$6:$Q$22*(1-($A39/固有振動数!$O$6:$O$22)^2)/((1-($A39/固有振動数!$O$6:$O$22)^2)^2+固有振動数!$P$6:$P$22^2)) -> 17.041186 | C39: =-SUMPRODUCT(固有振動数!$Q$6:$Q$22*固有振動数!$P$6:$P$22/((1-($A39/固有振動数!$O$6:$O$22)^2)^2+固有振動数!$P$6:$P$22^2)) -> -0.38249844 | D39: =SQRT(B39^2+C39^2) -> 17.045478 | E39: =20*LOG10(MAX(D39,0.000000000001)/$K$3) -> 24.632184
A40: =A39+$F$3 -> 340 | B40: =SUMPRODUCT(固有振動数!$Q$6:$Q$22*(1-($A40/固有振動数!$O$6:$O$22)^2)/((1-($A40/固有振動数!$O$6:$O$22)^2)^2+固有振動数!$P$6:$P$22^2)) -> 17.044293 | C40: =-SUMPRODUCT(固有振動数!$Q$6:$Q$22*固有振動数!$P$6:$P$22/((1-($A40/固有振動数!$O$6:$O$22)^2)^2+固有振動数!$P$6:$P$22^2)) -> -0.38263981 | D40: =SQRT(B40^2+C40^2) -> 17.048588 | E40: =20*LOG10(MAX(D40,0.000000000001)/$K$3) -> 24.633768
A41: =A40+$F$3 -> 350 | B41: =SUMPRODUCT(固有振動数!$Q$6:$Q$22*(1-($A41/固有振動数!$O$6:$O$22)^2)/((1-($A41/固有振動数!$O$6:$O$22)^2)^2+固有振動数!$P$6:$P$22^2)) -> 17.0475 | C41: =-SUMPRODUCT(固有振動数!$Q$6:$Q$22*固有振動数!$P$6:$P$22/((1-($A41/固有振動数!$O$6:$O$22)^2)^2+固有振動数!$P$6:$P$22^2)) -> -0.38278582 | D41: =SQRT(B41^2+C41^2) -> 17.051797 | E41: =20*LOG10(MAX(D41,0.000000000001)/$K$3) -> 24.635403
A42: =A41+$F$3 -> 360 | B42: =SUMPRODUCT(固有振動数!$Q$6:$Q$22*(1-($A42/固有振動数!$O$6:$O$22)^2)/((1-($A42/固有振動数!$O$6:$O$22)^2)^2+固有振動数!$P$6:$P$22^2)) -> 17.050805 | C42: =-SUMPRODUCT(固有振動数!$Q$6:$Q$22*固有振動数!$P$6:$P$22/((1-($A42/固有振動数!$O$6:$O$22)^2)^2+固有振動数!$P$6:$P$22^2)) -> -0.38293652 | D42: =SQRT(B42^2+C42^2) -> 17.055105 | E42: =20*LOG10(MAX(D42,0.000000000001)/$K$3) -> 24.637088
A43: =A42+$F$3 -> 370 | B43: =SUMPRODUCT(固有振動数!$Q$6:$Q$22*(1-($A43/固有振動数!$O$6:$O$22)^2)/((1-($A43/固有振動数!$O$6:$O$22)^2)^2+固有振動数!$P$6:$P$22^2)) -> 17.054211 | C43: =-SUMPRODUCT(固有振動数!$Q$6:$Q$22*固有振動数!$P$6:$P$22/((1-($A43/固有振動数!$O$6:$O$22)^2)^2+固有振動数!$P$6:$P$22^2)) -> -0.38309194 | D43: =SQRT(B43^2+C43^2) -> 17.058513 | E43: =20*LOG10(MAX(D43,0.000000000001)/$K$3) -> 24.638824
A44: =A43+$F$3 -> 380 | B44: =SUMPRODUCT(固有振動数!$Q$6:$Q$22*(1-($A44/固有振動数!$O$6:$O$22)^2)/((1-($A44/固有振動数!$O$6:$O$22)^2)^2+固有振動数!$P$6:$P$22^2)) -> 17.057718 | C44: =-SUMPRODUCT(固有振動数!$Q$6:$Q$22*固有振動数!$P$6:$P$22/((1-($A44/固有振動数!$O$6:$O$22)^2)^2+固有振動数!$P$6:$P$22^2)) -> -0.38325213 | D44: =SQRT(B44^2+C44^2) -> 17.062023 | E44: =20*LOG10(MAX(D44,0.000000000001)/$K$3) -> 24.64061
A45: =A44+$F$3 -> 390 | B45: =SUMPRODUCT(固有振動数!$Q$6:$Q$22*(1-($A45/固有振動数!$O$6:$O$22)^2)/((1-($A45/固有振動数!$O$6:$O$22)^2)^2+固有振動数!$P$6:$P$22^2)) -> 17.061326 | C45: =-SUMPRODUCT(固有振動数!$Q$6:$Q$22*固有振動数!$P$6:$P$22/((1-($A45/固有振動数!$O$6:$O$22)^2)^2+固有振動数!$P$6:$P$22^2)) -> -0.38341714 | D45: =SQRT(B45^2+C45^2) -> 17.065633 | E45: =20*LOG10(MAX(D45,0.000000000001)/$K$3) -> 24.642448
A46: =A45+$F$3 -> 400 | B46: =SUMPRODUCT(固有振動数!$Q$6:$Q$22*(1-($A46/固有振動数!$O$6:$O$22)^2)/((1-($A46/固有振動数!$O$6:$O$22)^2)^2+固有振動数!$P$6:$P$22^2)) -> 17.065036 | C46: =-SUMPRODUCT(固有振動数!$Q$6:$Q$22*固有振動数!$P$6:$P$22/((1-($A46/固有振動数!$O$6:$O$22)^2)^2+固有振動数!$P$6:$P$22^2)) -> -0.383587 | D46: =SQRT(B46^2+C46^2) -> 17.069346 | E46: =20*LOG10(MAX(D46,0.000000000001)/$K$3) -> 24.644338
A47: =A46+$F$3 -> 410 | B47: =SUMPRODUCT(固有振動数!$Q$6:$Q$22*(1-($A47/固有振動数!$O$6:$O$22)^2)/((1-($A47/固有振動数!$O$6:$O$22)^2)^2+固有振動数!$P$6:$P$22^2)) -> 17.068848 | C47: =-SUMPRODUCT(固有振動数!$Q$6:$Q$22*固有振動数!$P$6:$P$22/((1-($A47/固有振動数!$O$6:$O$22)^2)^2+固有振動数!$P$6:$P$22^2)) -> -0.38376178 | D47: =SQRT(B47^2+C47^2) -> 17.073162 | E47: =20*LOG10(MAX(D47,0.000000000001)/$K$3) -> 24.646279
A48: =A47+$F$3 -> 420 | B48: =SUMPRODUCT(固有振動数!$Q$6:$Q$22*(1-($A48/固有振動数!$O$6:$O$22)^2)/((1-($A48/固有振動数!$O$6:$O$22)^2)^2+固有振動数!$P$6:$P$22^2)) -> 17.072764 | C48: =-SUMPRODUCT(固有振動数!$Q$6:$Q$22*固有振動数!$P$6:$P$22/((1-($A48/固有振動数!$O$6:$O$22)^2)^2+固有振動数!$P$6:$P$22^2)) -> -0.38394151 | D48: =SQRT(B48^2+C48^2) -> 17.077081 | E48: =20*LOG10(MAX(D48,0.000000000001)/$K$3) -> 24.648273
... A2006: =A2005+$F$3 -> 20000 | B2006: =SUMPRODUCT(固有振動数!$Q$6:$Q$22*(1-($A2006/固有振動数!$O$6:$O$22)^2)/((1-($A2006/固有振動数!$O$6:$O$22)^2)^2+固有振動数!$P$6:$P$22^2)) -> -0.80473207 | C2006: =-SUMPRODUCT(固有振動数!$Q$6:$Q$22*固有振動数!$P$6:$P$22/((1-($A2006/固有振動数!$O$6:$O$22)^2)^2+固有振動数!$P$6:$P$22^2)) -> -1.9817201 | D2006: =SQRT(B2006^2+C2006^2) -> 2.1388802 | E2006: =20*LOG10(MAX(D2006,0.000000000001)/$K$3) -> 6.6037291

Sheet 鳴きリスク
A1: ⑤ 鳴（な）きリスク スクリーニング
A2: SAE J2521 の対象帯域 1.25〜16 kHz を基準に、モード密集とディスクとの一致度を点数化 🟡（CEAの代わりにはなりません）
A3: 帯域 下限 [Hz] | C3: 1250 | D3: 帯域 上限 [Hz] | F3: 16000 | G3: 接近とみなす差 [%] | I3: 3
A5: ■ ディスク（ローター）の固有振動数 [Hz]（分かる範囲で入力／空欄可）
A6: D1 | B6: 1800 | C6: ← ここは「例」です。必ず自分のローターの実測値／FEM値に差し替えてください（🔴 要確認）
A7: D2 | B7: 3200
A8: D3 | B8: 5000
A9: D4 | B9: 7100
A10: D5 | B10: 9400
A11: D6
A12: D7
A13: D8
A14: D9
A15: D10
A17: # | B17: モード名 | C17: f [Hz] | D17: 帯域内? | E17: 最近接パッドモード差 [%] | F17: 最近接ディスクモード差 [%] | G17: 個別判定
A18: 1 | B18: =固有振動数!$R$6 -> 面外曲げ 1次 | C18: =固有振動数!$I$6 -> 2135.7039 | D18: =IF(AND(C18>=$C$3,C18<=$F$3),"○ 帯域内","− 帯域外") -> ○ 帯域内 | E18: =MIN(L18:AB18) -> 43.95215 | F18: =MIN(AD18:AM18) -> 15.718655 | G18: =IF(D18="− 帯域外","− 対象外",IF(OR(E18<$I$3,F18<$I$3),"🔴 高リスク",IF(OR(E18<$I$3*2,F18<$I$3*2),"🟡 中リスク","🟢 低リスク"))) -> 🟢 低リスク | L18: =IF(OR(0=0,$C18<=0,$C$18<=0),1000000,ABS($C18-$C$18)/$C18*100) -> 1000000 | M18: =IF(OR(1=0,$C18<=0,$C$19<=0),1000000,ABS($C18-$C$19)/$C18*100) -> 148.51658 | N18: =IF(OR(2=0,$C18<=0,$C$20<=0),1000000,ABS($C18-$C$20)/$C18*100) -> 330.26081 | O18: =IF(OR(3=0,$C18<=0,$C$21<=0),1000000,ABS($C18-$C$21)/$C18*100) -> 525.40523 | P18: =IF(OR(4=0,$C18<=0,$C$22<=0),1000000,ABS($C18-$C$22)/$C18*100) -> 724.63501 | Q18: =IF(OR(5=0,$C18<=0,$C$23<=0),1000000,ABS($C18-$C$23)/$C18*100) -> 924.01533 | R18: =IF(OR(6=0,$C18<=0,$C$24<=0),1000000,ABS($C18-$C$24)/$C18*100) -> 43.95215 | S18: =IF(OR(7=0,$C18<=0,$C$25<=0),1000000,ABS($C18-$C$25)/$C18*100) -> 187.9043 | T18: =IF(OR(8=0,$C18<=0,$C$26<=0),1000000,ABS($C18-$C$26)/$C18*100) -> 331.85645 | U18: =IF(OR(9=0,$C18<=0,$C$27<=0),1000000,ABS($C18-$C$27)/$C18*100) -> 475.8086 | V18: =IF(OR(10=0,$C18<=0,$C$28<=0),1000000,ABS($C18-$C$28)/$C18*100) -> 323.296 | W18: =IF(OR(11=0,$C18<=0,$C$29<=0),1000000,ABS($C18-$C$29)/$C18*100) -> 748.6268 | X18: =IF(OR(12=0,$C18<=0,$C$30<=0),1000000,ABS($C18-$C$30)/$C18*100) -> 1172.2449 | Y18: =IF(OR(13=0,$C18<=0,$C$31<=0),1000000,ABS($C18-$C$31)/$C18*100) -> 1587.3602 | Z18: =IF(OR(14=0,$C18<=0,$C$32<=0),1000000,ABS($C18-$C$32)/$C18*100) -> 701.04619 | AA18: =IF(OR(15=0,$C18<=0,$C$33<=0),1000000,ABS($C18-$C$33)/$C18*100) -> 1502.0924 | AB18: =IF(OR(16=0,$C18<=0,$C$34<=0),1000000,ABS($C18-$C$34)/$C18*100) -> 2303.1386 | AD18: =IF(OR($B$6="",$B$6<=0,$C18<=0),1000000,ABS($C18-$B$6)/$C18*100) -> 15.718655 | AE18: =IF(OR($B$7="",$B$7<=0,$C18<=0),1000000,ABS($C18-$B$7)/$C18*100) -> 49.833503 | AF18: =IF(OR($B$8="",$B$8<=0,$C18<=0),1000000,ABS($C18-$B$8)/$C18*100) -> 134.11485 | AG18: =IF(OR($B$9="",$B$9<=0,$C18<=0),1000000,ABS($C18-$B$9)/$C18*100) -> 232.44308 | AH18: =IF(OR($B$10="",$B$10<=0,$C18<=0),1000000,ABS($C18-$B$10)/$C18*100) -> 340.13591 | AI18: =IF(OR($B$11="",$B$11<=0,$C18<=0),1000000,ABS($C18-$B$11)/$C18*100) -> 1000000 | AJ18: =IF(OR($B$12="",$B$12<=0,$C18<=0),1000000,ABS($C18-$B$12)/$C18*100) -> 1000000 | AK18: =IF(OR($B$13="",$B$13<=0,$C18<=0),1000000,ABS($C18-$B$13)/$C18*100) -> 1000000 | AL18: =IF(OR($B$14="",$B$14<=0,$C18<=0),1000000,ABS($C18-$B$14)/$C18*100) -> 1000000 | AM18: =IF(OR($B$15="",$B$15<=0,$C18<=0),1000000,ABS($C18-$B$15)/$C18*100) -> 1000000
A19: 2 | B19: =固有振動数!$R$7 -> 面外曲げ 2次 | C19: =固有振動数!$I$7 -> 5307.5783 | D19: =IF(AND(C19>=$C$3,C19<=$F$3),"○ 帯域内","− 帯域外") -> ○ 帯域内 | E19: =MIN(L19:AB19) -> 15.849133 | F19: =MIN(AD19:AM19) -> 5.7950777 | G19: =IF(D19="− 帯域外","− 対象外",IF(OR(E19<$I$3,F19<$I$3),"🔴 高リスク",IF(OR(E19<$I$3*2,F19<$I$3*2),"🟡 中リスク","🟢 低リスク"))) -> 🟡 中リスク | L19: =IF(OR(0=1,$C19<=0,$C$18<=0),1000000,ABS($C19-$C$18)/$C19*100) -> 59.761236 | M19: =IF(OR(1=1,$C19<=0,$C$19<=0),1000000,ABS($C19-$C$19)/$C19*100) -> 1000000 | N19: =IF(OR(2=1,$C19<=0,$C$20<=0),1000000,ABS($C19-$C$20)/$C19*100) -> 73.131635 | O19: =IF(OR(3=1,$C19<=0,$C$21<=0),1000000,ABS($C19-$C$21)/$C19*100) -> 151.65534 | P19: =IF(OR(4=1,$C19<=0,$C$22<=0),1000000,ABS($C19-$C$22)/$C19*100) -> 231.82294 | Q19: =IF(OR(5=1,$C19<=0,$C$23<=0),1000000,ABS($C19-$C$23)/$C19*100) -> 312.05112 | R19: =IF(OR(6=1,$C19<=0,$C$24<=0),1000000,ABS($C19-$C$24)/$C19*100) -> 42.075434 | S19: =IF(OR(7=1,$C19<=0,$C$25<=0),1000000,ABS($C19-$C$25)/$C19*100) -> 15.849133 | T19: =IF(OR(8=1,$C19<=0,$C$26<=0),1000000,ABS($C19-$C$26)/$C19*100) -> 73.773699 | U19: =IF(OR(9=1,$C19<=0,$C$27<=0),1000000,ABS($C19-$C$27)/$C19*100) -> 131.69827 | V19: =IF(OR(10=1,$C19<=0,$C$28<=0),1000000,ABS($C19-$C$28)/$C19*100) -> 70.329082 | W19: =IF(OR(11=1,$C19<=0,$C$29<=0),1000000,ABS($C19-$C$29)/$C19*100) -> 241.47694 | X19: =IF(OR(12=1,$C19<=0,$C$30<=0),1000000,ABS($C19-$C$30)/$C19*100) -> 411.93562 | Y19: =IF(OR(13=1,$C19<=0,$C$31<=0),1000000,ABS($C19-$C$31)/$C19*100) -> 578.97288 | Z19: =IF(OR(14=1,$C19<=0,$C$32<=0),1000000,ABS($C19-$C$32)/$C19*100) -> 222.33109 | AA19: =IF(OR(15=1,$C19<=0,$C$33<=0),1000000,ABS($C19-$C$33)/$C19*100) -> 544.66218 | AB19: =IF(OR(16=1,$C19<=0,$C$34<=0),1000000,ABS($C19-$C$34)/$C19*100) -> 866.99327 | AD19: =IF(OR($B$6="",$B$6<=0,$C19<=0),1000000,ABS($C19-$B$6)/$C19*100) -> 66.086228 | AE19: =IF(OR($B$7="",$B$7<=0,$C19<=0),1000000,ABS($C19-$B$7)/$C19*100) -> 39.70885 | AF19: =IF(OR($B$8="",$B$8<=0,$C19<=0),1000000,ABS($C19-$B$8)/$C19*100) -> 5.7950777 | AG19: =IF(OR($B$9="",$B$9<=0,$C19<=0),1000000,ABS($C19-$B$9)/$C19*100) -> 33.77099 | AH19: =IF(OR($B$10="",$B$10<=0,$C19<=0),1000000,ABS($C19-$B$10)/$C19*100) -> 77.105254 | AI19: =IF(OR($B$11="",$B$11<=0,$C19<=0),1000000,ABS($C19-$B$11)/$C19*100) -> 1000000 | AJ19: =IF(OR($B$12="",$B$12<=0,$C19<=0),1000000,ABS($C19-$B$12)/$C19*100) -> 1000000 | AK19: =IF(OR($B$13="",$B$13<=0,$C19<=0),1000000,ABS($C19-$B$13)/$C19*100) -> 1000000 | AL19: =IF(OR($B$14="",$B$14<=0,$C19<=0),1000000,ABS($C19-$B$14)/$C19*100) -> 1000000 | AM19: =IF(OR($B$15="",$B$15<=0,$C19<=0),1000000,ABS($C19-$B$15)/$C19*100) -> 1000000
A20: 3 | B20: =固有振動数!$R$8 -> 面外曲げ 3次 | C20: =固有振動数!$I$8 -> 9189.0971 | D20: =IF(AND(C20>=$C$3,C20<=$F$3),"○ 帯域内","− 帯域外") -> ○ 帯域内 | E20: =MIN(L20:AB20) -> 0.37085348 | F20: =MIN(AD20:AM20) -> 2.2951433 | G20: =IF(D20="− 帯域外","− 対象外",IF(OR(E20<$I$3,F20<$I$3),"🔴 高リスク",IF(OR(E20<$I$3*2,F20<$I$3*2),"🟡 中リスク","🟢 低リスク"))) -> 🔴 高リスク | L20: =IF(OR(0=2,$C20<=0,$C$18<=0),1000000,ABS($C20-$C$18)/$C20*100) -> 76.758283 | M20: =IF(OR(1=2,$C20<=0,$C$19<=0),1000000,ABS($C20-$C$19)/$C20*100) -> 42.240481 | N20: =IF(OR(2=2,$C20<=0,$C$20<=0),1000000,ABS($C20-$C$20)/$C20*100) -> 1000000 | O20: =IF(OR(3=2,$C20<=0,$C$21<=0),1000000,ABS($C20-$C$21)/$C20*100) -> 45.354913 | P20: =IF(OR(4=2,$C20<=0,$C$22<=0),1000000,ABS($C20-$C$22)/$C20*100) -> 91.659334 | Q20: =IF(OR(5=2,$C20<=0,$C$23<=0),1000000,ABS($C20-$C$23)/$C20*100) -> 137.99874 | R20: =IF(OR(6=2,$C20<=0,$C$24<=0),1000000,ABS($C20-$C$24)/$C20*100) -> 66.543049 | S20: =IF(OR(7=2,$C20<=0,$C$25<=0),1000000,ABS($C20-$C$25)/$C20*100) -> 33.086098 | T20: =IF(OR(8=2,$C20<=0,$C$26<=0),1000000,ABS($C20-$C$26)/$C20*100) -> 0.37085348 | U20: =IF(OR(9=2,$C20<=0,$C$27<=0),1000000,ABS($C20-$C$27)/$C20*100) -> 33.827805 | V20: =IF(OR(10=2,$C20<=0,$C$28<=0),1000000,ABS($C20-$C$28)/$C20*100) -> 1.6187411 | W20: =IF(OR(11=2,$C20<=0,$C$29<=0),1000000,ABS($C20-$C$29)/$C20*100) -> 97.235438 | X20: =IF(OR(12=2,$C20<=0,$C$30<=0),1000000,ABS($C20-$C$30)/$C20*100) -> 195.69156 | Y20: =IF(OR(13=2,$C20<=0,$C$31<=0),1000000,ABS($C20-$C$31)/$C20*100) -> 292.17147 | Z20: =IF(OR(14=2,$C20<=0,$C$32<=0),1000000,ABS($C20-$C$32)/$C20*100) -> 86.176888 | AA20: =IF(OR(15=2,$C20<=0,$C$33<=0),1000000,ABS($C20-$C$33)/$C20*100) -> 272.35378 | AB20: =IF(OR(16=2,$C20<=0,$C$34<=0),1000000,ABS($C20-$C$34)/$C20*100) -> 458.53066 | AD20: =IF(OR($B$6="",$B$6<=0,$C20<=0),1000000,ABS($C20-$B$6)/$C20*100) -> 80.411568 | AE20: =IF(OR($B$7="",$B$7<=0,$C20<=0),1000000,ABS($C20-$B$7)/$C20*100) -> 65.176121 | AF20: =IF(OR($B$8="",$B$8<=0,$C20<=0),1000000,ABS($C20-$B$8)/$C20*100) -> 45.58769 | AG20: =IF(OR($B$9="",$B$9<=0,$C20<=0),1000000,ABS($C20-$B$9)/$C20*100) -> 22.734519 | AH20: =IF(OR($B$10="",$B$10<=0,$C20<=0),1000000,ABS($C20-$B$10)/$C20*100) -> 2.2951433 | AI20: =IF(OR($B$11="",$B$11<=0,$C20<=0),1000000,ABS($C20-$B$11)/$C20*100) -> 1000000 | AJ20: =IF(OR($B$12="",$B$12<=0,$C20<=0),1000000,ABS($C20-$B$12)/$C20*100) -> 1000000 | AK20: =IF(OR($B$13="",$B$13<=0,$C20<=0),1000000,ABS($C20-$B$13)/$C20*100) -> 1000000 | AL20: =IF(OR($B$14="",$B$14<=0,$C20<=0),1000000,ABS($C20-$B$14)/$C20*100) -> 1000000 | AM20: =IF(OR($B$15="",$B$15<=0,$C20<=0),1000000,ABS($C20-$B$15)/$C20*100) -> 1000000
A21: 4 | B21: =固有振動数!$R$9 -> 面外曲げ 4次 | C21: =固有振動数!$I$9 -> 13356.804 | D21: =IF(AND(C21>=$C$3,C21<=$F$3),"○ 帯域内","− 帯域外") -> ○ 帯域内 | E21: =MIN(L21:AB21) -> 7.9303193 | F21: =MIN(AD21:AM21) -> 29.623883 | G21: =IF(D21="− 帯域外","− 対象外",IF(OR(E21<$I$3,F21<$I$3),"🔴 高リスク",IF(OR(E21<$I$3*2,F21<$I$3*2),"🟡 中リスク","🟢 低リスク"))) -> 🟢 低リスク | L21: =IF(OR(0=3,$C21<=0,$C$18<=0),1000000,ABS($C21-$C$18)/$C21*100) -> 84.010367 | M21: =IF(OR(1=3,$C21<=0,$C$19<=0),1000000,ABS($C21-$C$19)/$C21*100) -> 60.263112 | N21: =IF(OR(2=3,$C21<=0,$C$20<=0),1000000,ABS($C21-$C$20)/$C21*100) -> 31.202876 | O21: =IF(OR(3=3,$C21<=0,$C$21<=0),1000000,ABS($C21-$C$21)/$C21*100) -> 1000000 | P21: =IF(OR(4=3,$C21<=0,$C$22<=0),1000000,ABS($C21-$C$22)/$C21*100) -> 31.85611 | Q21: =IF(OR(5=3,$C21<=0,$C$23<=0),1000000,ABS($C21-$C$23)/$C21*100) -> 63.736291 | R21: =IF(OR(6=3,$C21<=0,$C$24<=0),1000000,ABS($C21-$C$24)/$C21*100) -> 76.98258 | S21: =IF(OR(7=3,$C21<=0,$C$25<=0),1000000,ABS($C21-$C$25)/$C21*100) -> 53.96516 | T21: =IF(OR(8=3,$C21<=0,$C$26<=0),1000000,ABS($C21-$C$26)/$C21*100) -> 30.947739 | U21: =IF(OR(9=3,$C21<=0,$C$27<=0),1000000,ABS($C21-$C$27)/$C21*100) -> 7.9303193 | V21: =IF(OR(10=3,$C21<=0,$C$28<=0),1000000,ABS($C21-$C$28)/$C21*100) -> 32.316523 | W21: =IF(OR(11=3,$C21<=0,$C$29<=0),1000000,ABS($C21-$C$29)/$C21*100) -> 35.692309 | X21: =IF(OR(12=3,$C21<=0,$C$30<=0),1000000,ABS($C21-$C$30)/$C21*100) -> 103.42729 | Y21: =IF(OR(13=3,$C21<=0,$C$31<=0),1000000,ABS($C21-$C$31)/$C21*100) -> 169.80269 | Z21: =IF(OR(14=3,$C21<=0,$C$32<=0),1000000,ABS($C21-$C$32)/$C21*100) -> 28.084345 | AA21: =IF(OR(15=3,$C21<=0,$C$33<=0),1000000,ABS($C21-$C$33)/$C21*100) -> 156.16869 | AB21: =IF(OR(16=3,$C21<=0,$C$34<=0),1000000,ABS($C21-$C$34)/$C21*100) -> 284.25303 | AD21: =IF(OR($B$6="",$B$6<=0,$C21<=0),1000000,ABS($C21-$B$6)/$C21*100) -> 86.523722 | AE21: =IF(OR($B$7="",$B$7<=0,$C21<=0),1000000,ABS($C21-$B$7)/$C21*100) -> 76.042173 | AF21: =IF(OR($B$8="",$B$8<=0,$C21<=0),1000000,ABS($C21-$B$8)/$C21*100) -> 62.565895 | AG21: =IF(OR($B$9="",$B$9<=0,$C21<=0),1000000,ABS($C21-$B$9)/$C21*100) -> 46.843572 | AH21: =IF(OR($B$10="",$B$10<=0,$C21<=0),1000000,ABS($C21-$B$10)/$C21*100) -> 29.623883 | AI21: =IF(OR($B$11="",$B$11<=0,$C21<=0),1000000,ABS($C21-$B$11)/$C21*100) -> 1000000 | AJ21: =IF(OR($B$12="",$B$12<=0,$C21<=0),1000000,ABS($C21-$B$12)/$C21*100) -> 1000000 | AK21: =IF(OR($B$13="",$B$13<=0,$C21<=0),1000000,ABS($C21-$B$13)/$C21*100) -> 1000000 | AL21: =IF(OR($B$14="",$B$14<=0,$C21<=0),1000000,ABS($C21-$B$14)/$C21*100) -> 1000000 | AM21: =IF(OR($B$15="",$B$15<=0,$C21<=0),1000000,ABS($C21-$B$15)/$C21*100) -> 1000000
A22: 5 | B22: =固有振動数!$R$10 -> 面外曲げ 5次 | C22: =固有振動数!$I$10 -> 17611.762 | D22: =IF(AND(C22>=$C$3,C22<=$F$3),"○ 帯域内","− 帯域外") -> − 帯域外 | E22: =MIN(L22:AB22) -> 2.8605161 | F22: =MIN(AD22:AM22) -> 46.626579 | G22: =IF(D22="− 帯域外","− 対象外",IF(OR(E22<$I$3,F22<$I$3),"🔴 高リスク",IF(OR(E22<$I$3*2,F22<$I$3*2),"🟡 中リスク","🟢 低リスク"))) -> − 対象外 | L22: =IF(OR(0=4,$C22<=0,$C$18<=0),1000000,ABS($C22-$C$18)/$C22*100) -> 87.873423 | M22: =IF(OR(1=4,$C22<=0,$C$19<=0),1000000,ABS($C22-$C$19)/$C22*100) -> 69.863446 | N22: =IF(OR(2=4,$C22<=0,$C$20<=0),1000000,ABS($C22-$C$20)/$C22*100) -> 47.824091 | O22: =IF(OR(3=4,$C22<=0,$C$21<=0),1000000,ABS($C22-$C$21)/$C22*100) -> 24.159753 | P22: =IF(OR(4=4,$C22<=0,$C$22<=0),1000000,ABS($C22-$C$22)/$C22*100) -> 1000000 | Q22: =IF(OR(5=4,$C22<=0,$C$23<=0),1000000,ABS($C22-$C$23)/$C22*100) -> 24.178008 | R22: =IF(OR(6=4,$C22<=0,$C$24<=0),1000000,ABS($C22-$C$24)/$C22*100) -> 82.543532 | S22: =IF(OR(7=4,$C22<=0,$C$25<=0),1000000,ABS($C22-$C$25)/$C22*100) -> 65.087063 | T22: =IF(OR(8=4,$C22<=0,$C$26<=0),1000000,ABS($C22-$C$26)/$C22*100) -> 47.630595 | U22: =IF(OR(9=4,$C22<=0,$C$27<=0),1000000,ABS($C22-$C$27)/$C22*100) -> 30.174126 | V22: =IF(OR(10=4,$C22<=0,$C$28<=0),1000000,ABS($C22-$C$28)/$C22*100) -> 48.668684 | W22: =IF(OR(11=4,$C22<=0,$C$29<=0),1000000,ABS($C22-$C$29)/$C22*100) -> 2.9093831 | X22: =IF(OR(12=4,$C22<=0,$C$30<=0),1000000,ABS($C22-$C$30)/$C22*100) -> 54.279757 | Y22: =IF(OR(13=4,$C22<=0,$C$31<=0),1000000,ABS($C22-$C$31)/$C22*100) -> 104.61903 | Z22: =IF(OR(14=4,$C22<=0,$C$32<=0),1000000,ABS($C22-$C$32)/$C22*100) -> 2.8605161 | AA22: =IF(OR(15=4,$C22<=0,$C$33<=0),1000000,ABS($C22-$C$33)/$C22*100) -> 94.278968 | AB22: =IF(OR(16=4,$C22<=0,$C$34<=0),1000000,ABS($C22-$C$34)/$C22*100) -> 191.41845 | AD22: =IF(OR($B$6="",$B$6<=0,$C22<=0),1000000,ABS($C22-$B$6)/$C22*100) -> 89.779558 | AE22: =IF(OR($B$7="",$B$7<=0,$C22<=0),1000000,ABS($C22-$B$7)/$C22*100) -> 81.830325 | AF22: =IF(OR($B$8="",$B$8<=0,$C22<=0),1000000,ABS($C22-$B$8)/$C22*100) -> 71.609882 | AG22: =IF(OR($B$9="",$B$9<=0,$C22<=0),1000000,ABS($C22-$B$9)/$C22*100) -> 59.686033 | AH22: =IF(OR($B$10="",$B$10<=0,$C22<=0),1000000,ABS($C22-$B$10)/$C22*100) -> 46.626579 | AI22: =IF(OR($B$11="",$B$11<=0,$C22<=0),1000000,ABS($C22-$B$11)/$C22*100) -> 1000000 | AJ22: =IF(OR($B$12="",$B$12<=0,$C22<=0),1000000,ABS($C22-$B$12)/$C22*100) -> 1000000 | AK22: =IF(OR($B$13="",$B$13<=0,$C22<=0),1000000,ABS($C22-$B$13)/$C22*100) -> 1000000 | AL22: =IF(OR($B$14="",$B$14<=0,$C22<=0),1000000,ABS($C22-$B$14)/$C22*100) -> 1000000 | AM22: =IF(OR($B$15="",$B$15<=0,$C22<=0),1000000,ABS($C22-$B$15)/$C22*100) -> 1000000
A23: 6 | B23: =固有振動数!$R$11 -> 面外曲げ 6次 | C23: =固有振動数!$I$11 -> 21869.936 | D23: =IF(AND(C23>=$C$3,C23<=$F$3),"○ 帯域内","− 帯域外") -> − 帯域外 | E23: =MIN(L23:AB23) -> 17.127529 | F23: =MIN(AD23:AM23) -> 57.01862 | G23: =IF(D23="− 帯域外","− 対象外",IF(OR(E23<$I$3,F23<$I$3),"🔴 高リスク",IF(OR(E23<$I$3*2,F23<$I$3*2),"🟡 中リスク","🟢 低リスク"))) -> − 対象外 | L23: =IF(OR(0=5,$C23<=0,$C$18<=0),1000000,ABS($C23-$C$18)/$C23*100) -> 90.234521 | M23: =IF(OR(1=5,$C23<=0,$C$19<=0),1000000,ABS($C23-$C$19)/$C23*100) -> 75.731166 | N23: =IF(OR(2=5,$C23<=0,$C$20<=0),1000000,ABS($C23-$C$20)/$C23*100) -> 57.982971 | O23: =IF(OR(3=5,$C23<=0,$C$21<=0),1000000,ABS($C23-$C$21)/$C23*100) -> 38.926184 | P23: =IF(OR(4=5,$C23<=0,$C$22<=0),1000000,ABS($C23-$C$22)/$C23*100) -> 19.470443 | Q23: =IF(OR(5=5,$C23<=0,$C$23<=0),1000000,ABS($C23-$C$23)/$C23*100) -> 1000000 | R23: =IF(OR(6=5,$C23<=0,$C$24<=0),1000000,ABS($C23-$C$24)/$C23*100) -> 85.942383 | S23: =IF(OR(7=5,$C23<=0,$C$25<=0),1000000,ABS($C23-$C$25)/$C23*100) -> 71.884767 | T23: =IF(OR(8=5,$C23<=0,$C$26<=0),1000000,ABS($C23-$C$26)/$C23*100) -> 57.82715 | U23: =IF(OR(9=5,$C23<=0,$C$27<=0),1000000,ABS($C23-$C$27)/$C23*100) -> 43.769533 | V23: =IF(OR(10=5,$C23<=0,$C$28<=0),1000000,ABS($C23-$C$28)/$C23*100) -> 58.663118 | W23: =IF(OR(11=5,$C23<=0,$C$29<=0),1000000,ABS($C23-$C$29)/$C23*100) -> 17.127529 | X23: =IF(OR(12=5,$C23<=0,$C$30<=0),1000000,ABS($C23-$C$30)/$C23*100) -> 24.240805 | Y23: =IF(OR(13=5,$C23<=0,$C$31<=0),1000000,ABS($C23-$C$31)/$C23*100) -> 64.778799 | Z23: =IF(OR(14=5,$C23<=0,$C$32<=0),1000000,ABS($C23-$C$32)/$C23*100) -> 21.774004 | AA23: =IF(OR(15=5,$C23<=0,$C$33<=0),1000000,ABS($C23-$C$33)/$C23*100) -> 56.451993 | AB23: =IF(OR(16=5,$C23<=0,$C$34<=0),1000000,ABS($C23-$C$34)/$C23*100) -> 134.67799 | AD23: =IF(OR($B$6="",$B$6<=0,$C23<=0),1000000,ABS($C23-$B$6)/$C23*100) -> 91.769523 | AE23: =IF(OR($B$7="",$B$7<=0,$C23<=0),1000000,ABS($C23-$B$7)/$C23*100) -> 85.368041 | AF23: =IF(OR($B$8="",$B$8<=0,$C23<=0),1000000,ABS($C23-$B$8)/$C23*100) -> 77.137564 | AG23: =IF(OR($B$9="",$B$9<=0,$C23<=0),1000000,ABS($C23-$B$9)/$C23*100) -> 67.535341 | AH23: =IF(OR($B$10="",$B$10<=0,$C23<=0),1000000,ABS($C23-$B$10)/$C23*100) -> 57.01862 | AI23: =IF(OR($B$11="",$B$11<=0,$C23<=0),1000000,ABS($C23-$B$11)/$C23*100) -> 1000000 | AJ23: =IF(OR($B$12="",$B$12<=0,$C23<=0),1000000,ABS($C23-$B$12)/$C23*100) -> 1000000 | AK23: =IF(OR($B$13="",$B$13<=0,$C23<=0),1000000,ABS($C23-$B$13)/$C23*100) -> 1000000 | AL23: =IF(OR($B$14="",$B$14<=0,$C23<=0),1000000,ABS($C23-$B$14)/$C23*100) -> 1000000 | AM23: =IF(OR($B$15="",$B$15<=0,$C23<=0),1000000,ABS($C23-$B$15)/$C23*100) -> 1000000
A24: 7 | B24: =固有振動数!$R$12 -> ねじり 1次 | C24: =固有振動数!$I$12 -> 3074.3917 | D24: =IF(AND(C24>=$C$3,C24<=$F$3),"○ 帯域内","− 帯域外") -> ○ 帯域内 | E24: =MIN(L24:AB24) -> 30.532472 | F24: =MIN(AD24:AM24) -> 4.0856305 | G24: =IF(D24="− 帯域外","− 対象外",IF(OR(E24<$I$3,F24<$I$3),"🔴 高リスク",IF(OR(E24<$I$3*2,F24<$I$3*2),"🟡 中リスク","🟢 低リスク"))) -> 🟡 中リスク | L24: =IF(OR(0=6,$C24<=0,$C$18<=0),1000000,ABS($C24-$C$18)/$C24*100) -> 30.532472 | M24: =IF(OR(1=6,$C24<=0,$C$19<=0),1000000,ABS($C24-$C$19)/$C24*100) -> 72.638323 | N24: =IF(OR(2=6,$C24<=0,$C$20<=0),1000000,ABS($C24-$C$20)/$C24*100) -> 198.89155 | O24: =IF(OR(3=6,$C24<=0,$C$21<=0),1000000,ABS($C24-$C$21)/$C24*100) -> 334.45355 | P24: =IF(OR(4=6,$C24<=0,$C$22<=0),1000000,ABS($C24-$C$22)/$C24*100) -> 472.85356 | Q24: =IF(OR(5=6,$C24<=0,$C$23<=0),1000000,ABS($C24-$C$23)/$C24*100) -> 611.35813 | R24: =IF(OR(6=6,$C24<=0,$C$24<=0),1000000,ABS($C24-$C$24)/$C24*100) -> 1000000 | S24: =IF(OR(7=6,$C24<=0,$C$25<=0),1000000,ABS($C24-$C$25)/$C24*100) -> 100 | T24: =IF(OR(8=6,$C24<=0,$C$26<=0),1000000,ABS($C24-$C$26)/$C24*100) -> 200 | U24: =IF(OR(9=6,$C24<=0,$C$27<=0),1000000,ABS($C24-$C$27)/$C24*100) -> 300 | V24: =IF(OR(10=6,$C24<=0,$C$28<=0),1000000,ABS($C24-$C$28)/$C24*100) -> 194.05327 | W24: =IF(OR(11=6,$C24<=0,$C$29<=0),1000000,ABS($C24-$C$29)/$C24*100) -> 489.52006 | X24: =IF(OR(12=6,$C24<=0,$C$30<=0),1000000,ABS($C24-$C$30)/$C24*100) -> 783.79707 | Y24: =IF(OR(13=6,$C24<=0,$C$31<=0),1000000,ABS($C24-$C$31)/$C24*100) -> 1072.1674 | Z24: =IF(OR(14=6,$C24<=0,$C$32<=0),1000000,ABS($C24-$C$32)/$C24*100) -> 456.46699 | AA24: =IF(OR(15=6,$C24<=0,$C$33<=0),1000000,ABS($C24-$C$33)/$C24*100) -> 1012.934 | AB24: =IF(OR(16=6,$C24<=0,$C$34<=0),1000000,ABS($C24-$C$34)/$C24*100) -> 1569.401 | AD24: =IF(OR($B$6="",$B$6<=0,$C24<=0),1000000,ABS($C24-$B$6)/$C24*100) -> 41.451833 | AE24: =IF(OR($B$7="",$B$7<=0,$C24<=0),1000000,ABS($C24-$B$7)/$C24*100) -> 4.0856305 | AF24: =IF(OR($B$8="",$B$8<=0,$C24<=0),1000000,ABS($C24-$B$8)/$C24*100) -> 62.633798 | AG24: =IF(OR($B$9="",$B$9<=0,$C24<=0),1000000,ABS($C24-$B$9)/$C24*100) -> 130.93999 | AH24: =IF(OR($B$10="",$B$10<=0,$C24<=0),1000000,ABS($C24-$B$10)/$C24*100) -> 205.75154 | AI24: =IF(OR($B$11="",$B$11<=0,$C24<=0),1000000,ABS($C24-$B$11)/$C24*100) -> 1000000 | AJ24: =IF(OR($B$12="",$B$12<=0,$C24<=0),1000000,ABS($C24-$B$12)/$C24*100) -> 1000000 | AK24: =IF(OR($B$13="",$B$13<=0,$C24<=0),1000000,ABS($C24-$B$13)/$C24*100) -> 1000000 | AL24: =IF(OR($B$14="",$B$14<=0,$C24<=0),1000000,ABS($C24-$B$14)/$C24*100) -> 1000000 | AM24: =IF(OR($B$15="",$B$15<=0,$C24<=0),1000000,ABS($C24-$B$15)/$C24*100) -> 1000000
A25: 8 | B25: =固有振動数!$R$13 -> ねじり 2次 | C25: =固有振動数!$I$13 -> 6148.7834 | D25: =IF(AND(C25>=$C$3,C25<=$F$3),"○ 帯域内","− 帯域外") -> ○ 帯域内 | E25: =MIN(L25:AB25) -> 13.680839 | F25: =MIN(AD25:AM25) -> 15.469996 | G25: =IF(D25="− 帯域外","− 対象外",IF(OR(E25<$I$3,F25<$I$3),"🔴 高リスク",IF(OR(E25<$I$3*2,F25<$I$3*2),"🟡 中リスク","🟢 低リスク"))) -> 🟢 低リスク | L25: =IF(OR(0=7,$C25<=0,$C$18<=0),1000000,ABS($C25-$C$18)/$C25*100) -> 65.266236 | M25: =IF(OR(1=7,$C25<=0,$C$19<=0),1000000,ABS($C25-$C$19)/$C25*100) -> 13.680839 | N25: =IF(OR(2=7,$C25<=0,$C$20<=0),1000000,ABS($C25-$C$20)/$C25*100) -> 49.445775 | O25: =IF(OR(3=7,$C25<=0,$C$21<=0),1000000,ABS($C25-$C$21)/$C25*100) -> 117.22678 | P25: =IF(OR(4=7,$C25<=0,$C$22<=0),1000000,ABS($C25-$C$22)/$C25*100) -> 186.42678 | Q25: =IF(OR(5=7,$C25<=0,$C$23<=0),1000000,ABS($C25-$C$23)/$C25*100) -> 255.67907 | R25: =IF(OR(6=7,$C25<=0,$C$24<=0),1000000,ABS($C25-$C$24)/$C25*100) -> 50 | S25: =IF(OR(7=7,$C25<=0,$C$25<=0),1000000,ABS($C25-$C$25)/$C25*100) -> 1000000 | T25: =IF(OR(8=7,$C25<=0,$C$26<=0),1000000,ABS($C25-$C$26)/$C25*100) -> 50 | U25: =IF(OR(9=7,$C25<=0,$C$27<=0),1000000,ABS($C25-$C$27)/$C25*100) -> 100 | V25: =IF(OR(10=7,$C25<=0,$C$28<=0),1000000,ABS($C25-$C$28)/$C25*100) -> 47.026635 | W25: =IF(OR(11=7,$C25<=0,$C$29<=0),1000000,ABS($C25-$C$29)/$C25*100) -> 194.76003 | X25: =IF(OR(12=7,$C25<=0,$C$30<=0),1000000,ABS($C25-$C$30)/$C25*100) -> 341.89854 | Y25: =IF(OR(13=7,$C25<=0,$C$31<=0),1000000,ABS($C25-$C$31)/$C25*100) -> 486.0837 | Z25: =IF(OR(14=7,$C25<=0,$C$32<=0),1000000,ABS($C25-$C$32)/$C25*100) -> 178.23349 | AA25: =IF(OR(15=7,$C25<=0,$C$33<=0),1000000,ABS($C25-$C$33)/$C25*100) -> 456.46699 | AB25: =IF(OR(16=7,$C25<=0,$C$34<=0),1000000,ABS($C25-$C$34)/$C25*100) -> 734.70048 | AD25: =IF(OR($B$6="",$B$6<=0,$C25<=0),1000000,ABS($C25-$B$6)/$C25*100) -> 70.725916 | AE25: =IF(OR($B$7="",$B$7<=0,$C25<=0),1000000,ABS($C25-$B$7)/$C25*100) -> 47.957185 | AF25: =IF(OR($B$8="",$B$8<=0,$C25<=0),1000000,ABS($C25-$B$8)/$C25*100) -> 18.683101 | AG25: =IF(OR($B$9="",$B$9<=0,$C25<=0),1000000,ABS($C25-$B$9)/$C25*100) -> 15.469996 | AH25: =IF(OR($B$10="",$B$10<=0,$C25<=0),1000000,ABS($C25-$B$10)/$C25*100) -> 52.87577 | AI25: =IF(OR($B$11="",$B$11<=0,$C25<=0),1000000,ABS($C25-$B$11)/$C25*100) -> 1000000 | AJ25: =IF(OR($B$12="",$B$12<=0,$C25<=0),1000000,ABS($C25-$B$12)/$C25*100) -> 1000000 | AK25: =IF(OR($B$13="",$B$13<=0,$C25<=0),1000000,ABS($C25-$B$13)/$C25*100) -> 1000000 | AL25: =IF(OR($B$14="",$B$14<=0,$C25<=0),1000000,ABS($C25-$B$14)/$C25*100) -> 1000000 | AM25: =IF(OR($B$15="",$B$15<=0,$C25<=0),1000000,ABS($C25-$B$15)/$C25*100) -> 1000000
A26: 9 | B26: =固有振動数!$R$14 -> ねじり 3次 | C26: =固有振動数!$I$14 -> 9223.1751 | D26: =IF(AND(C26>=$C$3,C26<=$F$3),"○ 帯域内","− 帯域外") -> ○ 帯域内 | E26: =MIN(L26:AB26) -> 0.36948324 | F26: =MIN(AD26:AM26) -> 1.9171799 | G26: =IF(D26="− 帯域外","− 対象外",IF(OR(E26<$I$3,F26<$I$3),"🔴 高リスク",IF(OR(E26<$I$3*2,F26<$I$3*2),"🟡 中リスク","🟢 低リスク"))) -> 🔴 高リスク | L26: =IF(OR(0=8,$C26<=0,$C$18<=0),1000000,ABS($C26-$C$18)/$C26*100) -> 76.844157 | M26: =IF(OR(1=8,$C26<=0,$C$19<=0),1000000,ABS($C26-$C$19)/$C26*100) -> 42.453892 | N26: =IF(OR(2=8,$C26<=0,$C$20<=0),1000000,ABS($C26-$C$20)/$C26*100) -> 0.36948324 | O26: =IF(OR(3=8,$C26<=0,$C$21<=0),1000000,ABS($C26-$C$21)/$C26*100) -> 44.817851 | P26: =IF(OR(4=8,$C26<=0,$C$22<=0),1000000,ABS($C26-$C$22)/$C26*100) -> 90.951185 | Q26: =IF(OR(5=8,$C26<=0,$C$23<=0),1000000,ABS($C26-$C$23)/$C26*100) -> 137.11938 | R26: =IF(OR(6=8,$C26<=0,$C$24<=0),1000000,ABS($C26-$C$24)/$C26*100) -> 66.666667 | S26: =IF(OR(7=8,$C26<=0,$C$25<=0),1000000,ABS($C26-$C$25)/$C26*100) -> 33.333333 | T26: =IF(OR(8=8,$C26<=0,$C$26<=0),1000000,ABS($C26-$C$26)/$C26*100) -> 1000000 | U26: =IF(OR(9=8,$C26<=0,$C$27<=0),1000000,ABS($C26-$C$27)/$C26*100) -> 33.333333 | V26: =IF(OR(10=8,$C26<=0,$C$28<=0),1000000,ABS($C26-$C$28)/$C26*100) -> 1.9822433 | W26: =IF(OR(11=8,$C26<=0,$C$29<=0),1000000,ABS($C26-$C$29)/$C26*100) -> 96.506687 | X26: =IF(OR(12=8,$C26<=0,$C$30<=0),1000000,ABS($C26-$C$30)/$C26*100) -> 194.59902 | Y26: =IF(OR(13=8,$C26<=0,$C$31<=0),1000000,ABS($C26-$C$31)/$C26*100) -> 290.72246 | Z26: =IF(OR(14=8,$C26<=0,$C$32<=0),1000000,ABS($C26-$C$32)/$C26*100) -> 85.488996 | AA26: =IF(OR(15=8,$C26<=0,$C$33<=0),1000000,ABS($C26-$C$33)/$C26*100) -> 270.97799 | AB26: =IF(OR(16=8,$C26<=0,$C$34<=0),1000000,ABS($C26-$C$34)/$C26*100) -> 456.46699 | AD26: =IF(OR($B$6="",$B$6<=0,$C26<=0),1000000,ABS($C26-$B$6)/$C26*100) -> 80.483944 | AE26: =IF(OR($B$7="",$B$7<=0,$C26<=0),1000000,ABS($C26-$B$7)/$C26*100) -> 65.30479 | AF26: =IF(OR($B$8="",$B$8<=0,$C26<=0),1000000,ABS($C26-$B$8)/$C26*100) -> 45.788734 | AG26: =IF(OR($B$9="",$B$9<=0,$C26<=0),1000000,ABS($C26-$B$9)/$C26*100) -> 23.020002 | AH26: =IF(OR($B$10="",$B$10<=0,$C26<=0),1000000,ABS($C26-$B$10)/$C26*100) -> 1.9171799 | AI26: =IF(OR($B$11="",$B$11<=0,$C26<=0),1000000,ABS($C26-$B$11)/$C26*100) -> 1000000 | AJ26: =IF(OR($B$12="",$B$12<=0,$C26<=0),1000000,ABS($C26-$B$12)/$C26*100) -> 1000000 | AK26: =IF(OR($B$13="",$B$13<=0,$C26<=0),1000000,ABS($C26-$B$13)/$C26*100) -> 1000000 | AL26: =IF(OR($B$14="",$B$14<=0,$C26<=0),1000000,ABS($C26-$B$14)/$C26*100) -> 1000000 | AM26: =IF(OR($B$15="",$B$15<=0,$C26<=0),1000000,ABS($C26-$B$15)/$C26*100) -> 1000000
A27: 10 | B27: =固有振動数!$R$15 -> ねじり 4次 | C27: =固有振動数!$I$15 -> 12297.567 | D27: =IF(AND(C27>=$C$3,C27<=$F$3),"○ 帯域内","− 帯域外") -> ○ 帯域内 | E27: =MIN(L27:AB27) -> 8.6133885 | F27: =MIN(AD27:AM27) -> 23.562115 | G27: =IF(D27="− 帯域外","− 対象外",IF(OR(E27<$I$3,F27<$I$3),"🔴 高リスク",IF(OR(E27<$I$3*2,F27<$I$3*2),"🟡 中リスク","🟢 低リスク"))) -> 🟢 低リスク | L27: =IF(OR(0=9,$C27<=0,$C$18<=0),1000000,ABS($C27-$C$18)/$C27*100) -> 82.633118 | M27: =IF(OR(1=9,$C27<=0,$C$19<=0),1000000,ABS($C27-$C$19)/$C27*100) -> 56.840419 | N27: =IF(OR(2=9,$C27<=0,$C$20<=0),1000000,ABS($C27-$C$20)/$C27*100) -> 25.277112 | O27: =IF(OR(3=9,$C27<=0,$C$21<=0),1000000,ABS($C27-$C$21)/$C27*100) -> 8.6133885 | P27: =IF(OR(4=9,$C27<=0,$C$22<=0),1000000,ABS($C27-$C$22)/$C27*100) -> 43.213389 | Q27: =IF(OR(5=9,$C27<=0,$C$23<=0),1000000,ABS($C27-$C$23)/$C27*100) -> 77.839533 | R27: =IF(OR(6=9,$C27<=0,$C$24<=0),1000000,ABS($C27-$C$24)/$C27*100) -> 75 | S27: =IF(OR(7=9,$C27<=0,$C$25<=0),1000000,ABS($C27-$C$25)/$C27*100) -> 50 | T27: =IF(OR(8=9,$C27<=0,$C$26<=0),1000000,ABS($C27-$C$26)/$C27*100) -> 25 | U27: =IF(OR(9=9,$C27<=0,$C$27<=0),1000000,ABS($C27-$C$27)/$C27*100) -> 1000000 | V27: =IF(OR(10=9,$C27<=0,$C$28<=0),1000000,ABS($C27-$C$28)/$C27*100) -> 26.486682 | W27: =IF(OR(11=9,$C27<=0,$C$29<=0),1000000,ABS($C27-$C$29)/$C27*100) -> 47.380015 | X27: =IF(OR(12=9,$C27<=0,$C$30<=0),1000000,ABS($C27-$C$30)/$C27*100) -> 120.94927 | Y27: =IF(OR(13=9,$C27<=0,$C$31<=0),1000000,ABS($C27-$C$31)/$C27*100) -> 193.04185 | Z27: =IF(OR(14=9,$C27<=0,$C$32<=0),1000000,ABS($C27-$C$32)/$C27*100) -> 39.116747 | AA27: =IF(OR(15=9,$C27<=0,$C$33<=0),1000000,ABS($C27-$C$33)/$C27*100) -> 178.23349 | AB27: =IF(OR(16=9,$C27<=0,$C$34<=0),1000000,ABS($C27-$C$34)/$C27*100) -> 317.35024 | AD27: =IF(OR($B$6="",$B$6<=0,$C27<=0),1000000,ABS($C27-$B$6)/$C27*100) -> 85.362958 | AE27: =IF(OR($B$7="",$B$7<=0,$C27<=0),1000000,ABS($C27-$B$7)/$C27*100) -> 73.978592 | AF27: =IF(OR($B$8="",$B$8<=0,$C27<=0),1000000,ABS($C27-$B$8)/$C27*100) -> 59.341551 | AG27: =IF(OR($B$9="",$B$9<=0,$C27<=0),1000000,ABS($C27-$B$9)/$C27*100) -> 42.265002 | AH27: =IF(OR($B$10="",$B$10<=0,$C27<=0),1000000,ABS($C27-$B$10)/$C27*100) -> 23.562115 | AI27: =IF(OR($B$11="",$B$11<=0,$C27<=0),1000000,ABS($C27-$B$11)/$C27*100) -> 1000000 | AJ27: =IF(OR($B$12="",$B$12<=0,$C27<=0),1000000,ABS($C27-$B$12)/$C27*100) -> 1000000 | AK27: =IF(OR($B$13="",$B$13<=0,$C27<=0),1000000,ABS($C27-$B$13)/$C27*100) -> 1000000 | AL27: =IF(OR($B$14="",$B$14<=0,$C27<=0),1000000,ABS($C27-$B$14)/$C27*100) -> 1000000 | AM27: =IF(OR($B$15="",$B$15<=0,$C27<=0),1000000,ABS($C27-$B$15)/$C27*100) -> 1000000
A28: 11 | B28: =固有振動数!$R$16 -> 面内曲げ 1次 | C28: =固有振動数!$I$16 -> 9040.3494 | D28: =IF(AND(C28>=$C$3,C28<=$F$3),"○ 帯域内","− 帯域外") -> ○ 帯域内 | E28: =MIN(L28:AB28) -> 1.6453754 | F28: =MIN(AD28:AM28) -> 3.9782824 | G28: =IF(D28="− 帯域外","− 対象外",IF(OR(E28<$I$3,F28<$I$3),"🔴 高リスク",IF(OR(E28<$I$3*2,F28<$I$3*2),"🟡 中リスク","🟢 低リスク"))) -> 🔴 高リスク | L28: =IF(OR(0=10,$C28<=0,$C$18<=0),1000000,ABS($C28-$C$18)/$C28*100) -> 76.37587 | M28: =IF(OR(1=10,$C28<=0,$C$19<=0),1000000,ABS($C28-$C$19)/$C28*100) -> 41.29012 | N28: =IF(OR(2=10,$C28<=0,$C$20<=0),1000000,ABS($C28-$C$20)/$C28*100) -> 1.6453754 | O28: =IF(OR(3=10,$C28<=0,$C$21<=0),1000000,ABS($C28-$C$21)/$C28*100) -> 47.746547 | P28: =IF(OR(4=10,$C28<=0,$C$22<=0),1000000,ABS($C28-$C$22)/$C28*100) -> 94.81285 | Q28: =IF(OR(5=10,$C28<=0,$C$23<=0),1000000,ABS($C28-$C$23)/$C28*100) -> 141.91472 | R28: =IF(OR(6=10,$C28<=0,$C$24<=0),1000000,ABS($C28-$C$24)/$C28*100) -> 65.992556 | S28: =IF(OR(7=10,$C28<=0,$C$25<=0),1000000,ABS($C28-$C$25)/$C28*100) -> 31.985113 | T28: =IF(OR(8=10,$C28<=0,$C$26<=0),1000000,ABS($C28-$C$26)/$C28*100) -> 2.0223308 | U28: =IF(OR(9=10,$C28<=0,$C$27<=0),1000000,ABS($C28-$C$27)/$C28*100) -> 36.029774 | V28: =IF(OR(10=10,$C28<=0,$C$28<=0),1000000,ABS($C28-$C$28)/$C28*100) -> 1000000 | W28: =IF(OR(11=10,$C28<=0,$C$29<=0),1000000,ABS($C28-$C$29)/$C28*100) -> 100.4807 | X28: =IF(OR(12=10,$C28<=0,$C$30<=0),1000000,ABS($C28-$C$30)/$C28*100) -> 200.55679 | Y28: =IF(OR(13=10,$C28<=0,$C$31<=0),1000000,ABS($C28-$C$31)/$C28*100) -> 298.62416 | Z28: =IF(OR(14=10,$C28<=0,$C$32<=0),1000000,ABS($C28-$C$32)/$C28*100) -> 89.240197 | AA28: =IF(OR(15=10,$C28<=0,$C$33<=0),1000000,ABS($C28-$C$33)/$C28*100) -> 278.48039 | AB28: =IF(OR(16=10,$C28<=0,$C$34<=0),1000000,ABS($C28-$C$34)/$C28*100) -> 467.72059 | AD28: =IF(OR($B$6="",$B$6<=0,$C28<=0),1000000,ABS($C28-$B$6)/$C28*100) -> 80.089265 | AE28: =IF(OR($B$7="",$B$7<=0,$C28<=0),1000000,ABS($C28-$B$7)/$C28*100) -> 64.603138 | AF28: =IF(OR($B$8="",$B$8<=0,$C28<=0),1000000,ABS($C28-$B$8)/$C28*100) -> 44.692403 | AG28: =IF(OR($B$9="",$B$9<=0,$C28<=0),1000000,ABS($C28-$B$9)/$C28*100) -> 21.463212 | AH28: =IF(OR($B$10="",$B$10<=0,$C28<=0),1000000,ABS($C28-$B$10)/$C28*100) -> 3.9782824 | AI28: =IF(OR($B$11="",$B$11<=0,$C28<=0),1000000,ABS($C28-$B$11)/$C28*100) -> 1000000 | AJ28: =IF(OR($B$12="",$B$12<=0,$C28<=0),1000000,ABS($C28-$B$12)/$C28*100) -> 1000000 | AK28: =IF(OR($B$13="",$B$13<=0,$C28<=0),1000000,ABS($C28-$B$13)/$C28*100) -> 1000000 | AL28: =IF(OR($B$14="",$B$14<=0,$C28<=0),1000000,ABS($C28-$B$14)/$C28*100) -> 1000000 | AM28: =IF(OR($B$15="",$B$15<=0,$C28<=0),1000000,ABS($C28-$B$15)/$C28*100) -> 1000000
A29: 12 | B29: =固有振動数!$R$17 -> 面内曲げ 2次 | C29: =固有振動数!$I$17 -> 18124.156 | D29: =IF(AND(C29>=$C$3,C29<=$F$3),"○ 帯域内","− 帯域外") -> − 帯域外 | E29: =MIN(L29:AB29) -> 2.827131 | F29: =MIN(AD29:AM29) -> 48.135516 | G29: =IF(D29="− 帯域外","− 対象外",IF(OR(E29<$I$3,F29<$I$3),"🔴 高リスク",IF(OR(E29<$I$3*2,F29<$I$3*2),"🟡 中リスク","🟢 低リスク"))) -> − 対象外 | L29: =IF(OR(0=11,$C29<=0,$C$18<=0),1000000,ABS($C29-$C$18)/$C29*100) -> 88.216257 | M29: =IF(OR(1=11,$C29<=0,$C$19<=0),1000000,ABS($C29-$C$19)/$C29*100) -> 70.715446 | N29: =IF(OR(2=11,$C29<=0,$C$20<=0),1000000,ABS($C29-$C$20)/$C29*100) -> 49.299172 | O29: =IF(OR(3=11,$C29<=0,$C$21<=0),1000000,ABS($C29-$C$21)/$C29*100) -> 26.303856 | P29: =IF(OR(4=11,$C29<=0,$C$22<=0),1000000,ABS($C29-$C$22)/$C29*100) -> 2.827131 | Q29: =IF(OR(5=11,$C29<=0,$C$23<=0),1000000,ABS($C29-$C$23)/$C29*100) -> 20.667333 | R29: =IF(OR(6=11,$C29<=0,$C$24<=0),1000000,ABS($C29-$C$24)/$C29*100) -> 83.037049 | S29: =IF(OR(7=11,$C29<=0,$C$25<=0),1000000,ABS($C29-$C$25)/$C29*100) -> 66.074098 | T29: =IF(OR(8=11,$C29<=0,$C$26<=0),1000000,ABS($C29-$C$26)/$C29*100) -> 49.111146 | U29: =IF(OR(9=11,$C29<=0,$C$27<=0),1000000,ABS($C29-$C$27)/$C29*100) -> 32.148195 | V29: =IF(OR(10=11,$C29<=0,$C$28<=0),1000000,ABS($C29-$C$28)/$C29*100) -> 50.119887 | W29: =IF(OR(11=11,$C29<=0,$C$29<=0),1000000,ABS($C29-$C$29)/$C29*100) -> 1000000 | X29: =IF(OR(12=11,$C29<=0,$C$30<=0),1000000,ABS($C29-$C$30)/$C29*100) -> 49.918066 | Y29: =IF(OR(13=11,$C29<=0,$C$31<=0),1000000,ABS($C29-$C$31)/$C29*100) -> 98.834182 | Z29: =IF(OR(14=11,$C29<=0,$C$32<=0),1000000,ABS($C29-$C$32)/$C29*100) -> 5.6067766 | AA29: =IF(OR(15=11,$C29<=0,$C$33<=0),1000000,ABS($C29-$C$33)/$C29*100) -> 88.786447 | AB29: =IF(OR(16=11,$C29<=0,$C$34<=0),1000000,ABS($C29-$C$34)/$C29*100) -> 183.17967 | AD29: =IF(OR($B$6="",$B$6<=0,$C29<=0),1000000,ABS($C29-$B$6)/$C29*100) -> 90.068503 | AE29: =IF(OR($B$7="",$B$7<=0,$C29<=0),1000000,ABS($C29-$B$7)/$C29*100) -> 82.344005 | AF29: =IF(OR($B$8="",$B$8<=0,$C29<=0),1000000,ABS($C29-$B$8)/$C29*100) -> 72.412508 | AG29: =IF(OR($B$9="",$B$9<=0,$C29<=0),1000000,ABS($C29-$B$9)/$C29*100) -> 60.825762 | AH29: =IF(OR($B$10="",$B$10<=0,$C29<=0),1000000,ABS($C29-$B$10)/$C29*100) -> 48.135516 | AI29: =IF(OR($B$11="",$B$11<=0,$C29<=0),1000000,ABS($C29-$B$11)/$C29*100) -> 1000000 | AJ29: =IF(OR($B$12="",$B$12<=0,$C29<=0),1000000,ABS($C29-$B$12)/$C29*100) -> 1000000 | AK29: =IF(OR($B$13="",$B$13<=0,$C29<=0),1000000,ABS($C29-$B$13)/$C29*100) -> 1000000 | AL29: =IF(OR($B$14="",$B$14<=0,$C29<=0),1000000,ABS($C29-$B$14)/$C29*100) -> 1000000 | AM29: =IF(OR($B$15="",$B$15<=0,$C29<=0),1000000,ABS($C29-$B$15)/$C29*100) -> 1000000
A30: 13 | B30: =固有振動数!$R$18 -> 面内曲げ 3次 | C30: =固有振動数!$I$18 -> 27171.384 | D30: =IF(AND(C30>=$C$3,C30<=$F$3),"○ 帯域内","− 帯域外") -> − 帯域外 | E30: =MIN(L30:AB30) -> 19.511146 | F30: =MIN(AD30:AM30) -> 65.40478 | G30: =IF(D30="− 帯域外","− 対象外",IF(OR(E30<$I$3,F30<$I$3),"🔴 高リスク",IF(OR(E30<$I$3*2,F30<$I$3*2),"🟡 中リスク","🟢 低リスク"))) -> − 対象外 | L30: =IF(OR(0=12,$C30<=0,$C$18<=0),1000000,ABS($C30-$C$18)/$C30*100) -> 92.139878 | M30: =IF(OR(1=12,$C30<=0,$C$19<=0),1000000,ABS($C30-$C$19)/$C30*100) -> 80.466294 | N30: =IF(OR(2=12,$C30<=0,$C$20<=0),1000000,ABS($C30-$C$20)/$C30*100) -> 66.180975 | O30: =IF(OR(3=12,$C30<=0,$C$21<=0),1000000,ABS($C30-$C$21)/$C30*100) -> 50.842386 | P30: =IF(OR(4=12,$C30<=0,$C$22<=0),1000000,ABS($C30-$C$22)/$C30*100) -> 35.182682 | Q30: =IF(OR(5=12,$C30<=0,$C$23<=0),1000000,ABS($C30-$C$23)/$C30*100) -> 19.511146 | R30: =IF(OR(6=12,$C30<=0,$C$24<=0),1000000,ABS($C30-$C$24)/$C30*100) -> 88.685185 | S30: =IF(OR(7=12,$C30<=0,$C$25<=0),1000000,ABS($C30-$C$25)/$C30*100) -> 77.370371 | T30: =IF(OR(8=12,$C30<=0,$C$26<=0),1000000,ABS($C30-$C$26)/$C30*100) -> 66.055556 | U30: =IF(OR(9=12,$C30<=0,$C$27<=0),1000000,ABS($C30-$C$27)/$C30*100) -> 54.740742 | V30: =IF(OR(10=12,$C30<=0,$C$28<=0),1000000,ABS($C30-$C$28)/$C30*100) -> 66.728418 | W30: =IF(OR(11=12,$C30<=0,$C$29<=0),1000000,ABS($C30-$C$29)/$C30*100) -> 33.296898 | X30: =IF(OR(12=12,$C30<=0,$C$30<=0),1000000,ABS($C30-$C$30)/$C30*100) -> 1000000 | Y30: =IF(OR(13=12,$C30<=0,$C$31<=0),1000000,ABS($C30-$C$31)/$C30*100) -> 32.628567 | Z30: =IF(OR(14=12,$C30<=0,$C$32<=0),1000000,ABS($C30-$C$32)/$C30*100) -> 37.036792 | AA30: =IF(OR(15=12,$C30<=0,$C$33<=0),1000000,ABS($C30-$C$33)/$C30*100) -> 25.926415 | AB30: =IF(OR(16=12,$C30<=0,$C$34<=0),1000000,ABS($C30-$C$34)/$C30*100) -> 88.889623 | AD30: =IF(OR($B$6="",$B$6<=0,$C30<=0),1000000,ABS($C30-$B$6)/$C30*100) -> 93.375383 | AE30: =IF(OR($B$7="",$B$7<=0,$C30<=0),1000000,ABS($C30-$B$7)/$C30*100) -> 88.222904 | AF30: =IF(OR($B$8="",$B$8<=0,$C30<=0),1000000,ABS($C30-$B$8)/$C30*100) -> 81.598287 | AG30: =IF(OR($B$9="",$B$9<=0,$C30<=0),1000000,ABS($C30-$B$9)/$C30*100) -> 73.869568 | AH30: =IF(OR($B$10="",$B$10<=0,$C30<=0),1000000,ABS($C30-$B$10)/$C30*100) -> 65.40478 | AI30: =IF(OR($B$11="",$B$11<=0,$C30<=0),1000000,ABS($C30-$B$11)/$C30*100) -> 1000000 | AJ30: =IF(OR($B$12="",$B$12<=0,$C30<=0),1000000,ABS($C30-$B$12)/$C30*100) -> 1000000 | AK30: =IF(OR($B$13="",$B$13<=0,$C30<=0),1000000,ABS($C30-$B$13)/$C30*100) -> 1000000 | AL30: =IF(OR($B$14="",$B$14<=0,$C30<=0),1000000,ABS($C30-$B$14)/$C30*100) -> 1000000 | AM30: =IF(OR($B$15="",$B$15<=0,$C30<=0),1000000,ABS($C30-$B$15)/$C30*100) -> 1000000
A31: 14 | B31: =固有振動数!$R$19 -> 面内曲げ 4次 | C31: =固有振動数!$I$19 -> 36037.017 | D31: =IF(AND(C31>=$C$3,C31<=$F$3),"○ 帯域内","− 帯域外") -> − 帯域外 | E31: =MIN(L31:AB31) -> 5.0533241 | F31: =MIN(AD31:AM31) -> 73.91571 | G31: =IF(D31="− 帯域外","− 対象外",IF(OR(E31<$I$3,F31<$I$3),"🔴 高リスク",IF(OR(E31<$I$3*2,F31<$I$3*2),"🟡 中リスク","🟢 低リスク"))) -> − 対象外 | L31: =IF(OR(0=13,$C31<=0,$C$18<=0),1000000,ABS($C31-$C$18)/$C31*100) -> 94.073583 | M31: =IF(OR(1=13,$C31<=0,$C$19<=0),1000000,ABS($C31-$C$19)/$C31*100) -> 85.271871 | N31: =IF(OR(2=13,$C31<=0,$C$20<=0),1000000,ABS($C31-$C$20)/$C31*100) -> 74.50095 | O31: =IF(OR(3=13,$C31<=0,$C$21<=0),1000000,ABS($C31-$C$21)/$C31*100) -> 62.935878 | P31: =IF(OR(4=13,$C31<=0,$C$22<=0),1000000,ABS($C31-$C$22)/$C31*100) -> 51.12869 | Q31: =IF(OR(5=13,$C31<=0,$C$23<=0),1000000,ABS($C31-$C$23)/$C31*100) -> 39.312581 | R31: =IF(OR(6=13,$C31<=0,$C$24<=0),1000000,ABS($C31-$C$24)/$C31*100) -> 91.468795 | S31: =IF(OR(7=13,$C31<=0,$C$25<=0),1000000,ABS($C31-$C$25)/$C31*100) -> 82.937591 | T31: =IF(OR(8=13,$C31<=0,$C$26<=0),1000000,ABS($C31-$C$26)/$C31*100) -> 74.406386 | U31: =IF(OR(9=13,$C31<=0,$C$27<=0),1000000,ABS($C31-$C$27)/$C31*100) -> 65.875181 | V31: =IF(OR(10=13,$C31<=0,$C$28<=0),1000000,ABS($C31-$C$28)/$C31*100) -> 74.913713 | W31: =IF(OR(11=13,$C31<=0,$C$29<=0),1000000,ABS($C31-$C$29)/$C31*100) -> 49.706837 | X31: =IF(OR(12=13,$C31<=0,$C$30<=0),1000000,ABS($C31-$C$30)/$C31*100) -> 24.601462 | Y31: =IF(OR(13=13,$C31<=0,$C$31<=0),1000000,ABS($C31-$C$31)/$C31*100) -> 1000000 | Z31: =IF(OR(14=13,$C31<=0,$C$32<=0),1000000,ABS($C31-$C$32)/$C31*100) -> 52.526662 | AA31: =IF(OR(15=13,$C31<=0,$C$33<=0),1000000,ABS($C31-$C$33)/$C31*100) -> 5.0533241 | AB31: =IF(OR(16=13,$C31<=0,$C$34<=0),1000000,ABS($C31-$C$34)/$C31*100) -> 42.420014 | AD31: =IF(OR($B$6="",$B$6<=0,$C31<=0),1000000,ABS($C31-$B$6)/$C31*100) -> 95.005136 | AE31: =IF(OR($B$7="",$B$7<=0,$C31<=0),1000000,ABS($C31-$B$7)/$C31*100) -> 91.120242 | AF31: =IF(OR($B$8="",$B$8<=0,$C31<=0),1000000,ABS($C31-$B$8)/$C31*100) -> 86.125378 | AG31: =IF(OR($B$9="",$B$9<=0,$C31<=0),1000000,ABS($C31-$B$9)/$C31*100) -> 80.298036 | AH31: =IF(OR($B$10="",$B$10<=0,$C31<=0),1000000,ABS($C31-$B$10)/$C31*100) -> 73.91571 | AI31: =IF(OR($B$11="",$B$11<=0,$C31<=0),1000000,ABS($C31-$B$11)/$C31*100) -> 1000000 | AJ31: =IF(OR($B$12="",$B$12<=0,$C31<=0),1000000,ABS($C31-$B$12)/$C31*100) -> 1000000 | AK31: =IF(OR($B$13="",$B$13<=0,$C31<=0),1000000,ABS($C31-$B$13)/$C31*100) -> 1000000 | AL31: =IF(OR($B$14="",$B$14<=0,$C31<=0),1000000,ABS($C31-$B$14)/$C31*100) -> 1000000 | AM31: =IF(OR($B$15="",$B$15<=0,$C31<=0),1000000,ABS($C31-$B$15)/$C31*100) -> 1000000
A32: 15 | B32: =固有振動数!$R$20 -> 面内伸縮 1次 | C32: =固有振動数!$I$20 -> 17107.975 | D32: =IF(AND(C32>=$C$3,C32<=$F$3),"○ 帯域内","− 帯域外") -> − 帯域外 | E32: =MIN(L32:AB32) -> 2.9447512 | F32: =MIN(AD32:AM32) -> 45.054865 | G32: =IF(D32="− 帯域外","− 対象外",IF(OR(E32<$I$3,F32<$I$3),"🔴 高リスク",IF(OR(E32<$I$3*2,F32<$I$3*2),"🟡 中リスク","🟢 低リスク"))) -> − 対象外 | L32: =IF(OR(0=14,$C32<=0,$C$18<=0),1000000,ABS($C32-$C$18)/$C32*100) -> 87.516325 | M32: =IF(OR(1=14,$C32<=0,$C$19<=0),1000000,ABS($C32-$C$19)/$C32*100) -> 68.975999 | N32: =IF(OR(2=14,$C32<=0,$C$20<=0),1000000,ABS($C32-$C$20)/$C32*100) -> 46.28764 | O32: =IF(OR(3=14,$C32<=0,$C$21<=0),1000000,ABS($C32-$C$21)/$C32*100) -> 21.926446 | P32: =IF(OR(4=14,$C32<=0,$C$22<=0),1000000,ABS($C32-$C$22)/$C32*100) -> 2.9447512 | Q32: =IF(OR(5=14,$C32<=0,$C$23<=0),1000000,ABS($C32-$C$23)/$C32*100) -> 27.834741 | R32: =IF(OR(6=14,$C32<=0,$C$24<=0),1000000,ABS($C32-$C$24)/$C32*100) -> 82.029482 | S32: =IF(OR(7=14,$C32<=0,$C$25<=0),1000000,ABS($C32-$C$25)/$C32*100) -> 64.058964 | T32: =IF(OR(8=14,$C32<=0,$C$26<=0),1000000,ABS($C32-$C$26)/$C32*100) -> 46.088446 | U32: =IF(OR(9=14,$C32<=0,$C$27<=0),1000000,ABS($C32-$C$27)/$C32*100) -> 28.117928 | V32: =IF(OR(10=14,$C32<=0,$C$28<=0),1000000,ABS($C32-$C$28)/$C32*100) -> 47.157104 | W32: =IF(OR(11=14,$C32<=0,$C$29<=0),1000000,ABS($C32-$C$29)/$C32*100) -> 5.9398084 | X32: =IF(OR(12=14,$C32<=0,$C$30<=0),1000000,ABS($C32-$C$30)/$C32*100) -> 58.822912 | Y32: =IF(OR(13=14,$C32<=0,$C$31<=0),1000000,ABS($C32-$C$31)/$C32*100) -> 110.64455 | Z32: =IF(OR(14=14,$C32<=0,$C$32<=0),1000000,ABS($C32-$C$32)/$C32*100) -> 1000000 | AA32: =IF(OR(15=14,$C32<=0,$C$33<=0),1000000,ABS($C32-$C$33)/$C32*100) -> 100 | AB32: =IF(OR(16=14,$C32<=0,$C$34<=0),1000000,ABS($C32-$C$34)/$C32*100) -> 200 | AD32: =IF(OR($B$6="",$B$6<=0,$C32<=0),1000000,ABS($C32-$B$6)/$C32*100) -> 89.478591 | AE32: =IF(OR($B$7="",$B$7<=0,$C32<=0),1000000,ABS($C32-$B$7)/$C32*100) -> 81.295273 | AF32: =IF(OR($B$8="",$B$8<=0,$C32<=0),1000000,ABS($C32-$B$8)/$C32*100) -> 70.773864 | AG32: =IF(OR($B$9="",$B$9<=0,$C32<=0),1000000,ABS($C32-$B$9)/$C32*100) -> 58.498887 | AH32: =IF(OR($B$10="",$B$10<=0,$C32<=0),1000000,ABS($C32-$B$10)/$C32*100) -> 45.054865 | AI32: =IF(OR($B$11="",$B$11<=0,$C32<=0),1000000,ABS($C32-$B$11)/$C32*100) -> 1000000 | AJ32: =IF(OR($B$12="",$B$12<=0,$C32<=0),1000000,ABS($C32-$B$12)/$C32*100) -> 1000000 | AK32: =IF(OR($B$13="",$B$13<=0,$C32<=0),1000000,ABS($C32-$B$13)/$C32*100) -> 1000000 | AL32: =IF(OR($B$14="",$B$14<=0,$C32<=0),1000000,ABS($C32-$B$14)/$C32*100) -> 1000000 | AM32: =IF(OR($B$15="",$B$15<=0,$C32<=0),1000000,ABS($C32-$B$15)/$C32*100) -> 1000000
A33: 16 | B33: =固有振動数!$R$21 -> 面内伸縮 2次 | C33: =固有振動数!$I$21 -> 34215.95 | D33: =IF(AND(C33>=$C$3,C33<=$F$3),"○ 帯域内","− 帯域外") -> − 帯域外 | E33: =MIN(L33:AB33) -> 5.3222759 | F33: =MIN(AD33:AM33) -> 72.527432 | G33: =IF(D33="− 帯域外","− 対象外",IF(OR(E33<$I$3,F33<$I$3),"🔴 高リスク",IF(OR(E33<$I$3*2,F33<$I$3*2),"🟡 中リスク","🟢 低リスク"))) -> − 対象外 | L33: =IF(OR(0=15,$C33<=0,$C$18<=0),1000000,ABS($C33-$C$18)/$C33*100) -> 93.758163 | M33: =IF(OR(1=15,$C33<=0,$C$19<=0),1000000,ABS($C33-$C$19)/$C33*100) -> 84.488 | N33: =IF(OR(2=15,$C33<=0,$C$20<=0),1000000,ABS($C33-$C$20)/$C33*100) -> 73.14382 | O33: =IF(OR(3=15,$C33<=0,$C$21<=0),1000000,ABS($C33-$C$21)/$C33*100) -> 60.963223 | P33: =IF(OR(4=15,$C33<=0,$C$22<=0),1000000,ABS($C33-$C$22)/$C33*100) -> 48.527624 | Q33: =IF(OR(5=15,$C33<=0,$C$23<=0),1000000,ABS($C33-$C$23)/$C33*100) -> 36.082629 | R33: =IF(OR(6=15,$C33<=0,$C$24<=0),1000000,ABS($C33-$C$24)/$C33*100) -> 91.014741 | S33: =IF(OR(7=15,$C33<=0,$C$25<=0),1000000,ABS($C33-$C$25)/$C33*100) -> 82.029482 | T33: =IF(OR(8=15,$C33<=0,$C$26<=0),1000000,ABS($C33-$C$26)/$C33*100) -> 73.044223 | U33: =IF(OR(9=15,$C33<=0,$C$27<=0),1000000,ABS($C33-$C$27)/$C33*100) -> 64.058964 | V33: =IF(OR(10=15,$C33<=0,$C$28<=0),1000000,ABS($C33-$C$28)/$C33*100) -> 73.578552 | W33: =IF(OR(11=15,$C33<=0,$C$29<=0),1000000,ABS($C33-$C$29)/$C33*100) -> 47.030096 | X33: =IF(OR(12=15,$C33<=0,$C$30<=0),1000000,ABS($C33-$C$30)/$C33*100) -> 20.588544 | Y33: =IF(OR(13=15,$C33<=0,$C$31<=0),1000000,ABS($C33-$C$31)/$C33*100) -> 5.3222759 | Z33: =IF(OR(14=15,$C33<=0,$C$32<=0),1000000,ABS($C33-$C$32)/$C33*100) -> 50 | AA33: =IF(OR(15=15,$C33<=0,$C$33<=0),1000000,ABS($C33-$C$33)/$C33*100) -> 1000000 | AB33: =IF(OR(16=15,$C33<=0,$C$34<=0),1000000,ABS($C33-$C$34)/$C33*100) -> 50 | AD33: =IF(OR($B$6="",$B$6<=0,$C33<=0),1000000,ABS($C33-$B$6)/$C33*100) -> 94.739296 | AE33: =IF(OR($B$7="",$B$7<=0,$C33<=0),1000000,ABS($C33-$B$7)/$C33*100) -> 90.647637 | AF33: =IF(OR($B$8="",$B$8<=0,$C33<=0),1000000,ABS($C33-$B$8)/$C33*100) -> 85.386932 | AG33: =IF(OR($B$9="",$B$9<=0,$C33<=0),1000000,ABS($C33-$B$9)/$C33*100) -> 79.249444 | AH33: =IF(OR($B$10="",$B$10<=0,$C33<=0),1000000,ABS($C33-$B$10)/$C33*100) -> 72.527432 | AI33: =IF(OR($B$11="",$B$11<=0,$C33<=0),1000000,ABS($C33-$B$11)/$C33*100) -> 1000000 | AJ33: =IF(OR($B$12="",$B$12<=0,$C33<=0),1000000,ABS($C33-$B$12)/$C33*100) -> 1000000 | AK33: =IF(OR($B$13="",$B$13<=0,$C33<=0),1000000,ABS($C33-$B$13)/$C33*100) -> 1000000 | AL33: =IF(OR($B$14="",$B$14<=0,$C33<=0),1000000,ABS($C33-$B$14)/$C33*100) -> 1000000 | AM33: =IF(OR($B$15="",$B$15<=0,$C33<=0),1000000,ABS($C33-$B$15)/$C33*100) -> 1000000
A34: 17 | B34: =固有振動数!$R$22 -> 面内伸縮 3次 | C34: =固有振動数!$I$22 -> 51323.925 | D34: =IF(AND(C34>=$C$3,C34<=$F$3),"○ 帯域内","− 帯域外") -> − 帯域外 | E34: =MIN(L34:AB34) -> 29.785149 | F34: =MIN(AD34:AM34) -> 81.684955 | G34: =IF(D34="− 帯域外","− 対象外",IF(OR(E34<$I$3,F34<$I$3),"🔴 高リスク",IF(OR(E34<$I$3*2,F34<$I$3*2),"🟡 中リスク","🟢 低リスク"))) -> − 対象外 | L34: =IF(OR(0=16,$C34<=0,$C$18<=0),1000000,ABS($C34-$C$18)/$C34*100) -> 95.838775 | M34: =IF(OR(1=16,$C34<=0,$C$19<=0),1000000,ABS($C34-$C$19)/$C34*100) -> 89.658666 | N34: =IF(OR(2=16,$C34<=0,$C$20<=0),1000000,ABS($C34-$C$20)/$C34*100) -> 82.09588 | O34: =IF(OR(3=16,$C34<=0,$C$21<=0),1000000,ABS($C34-$C$21)/$C34*100) -> 73.975482 | P34: =IF(OR(4=16,$C34<=0,$C$22<=0),1000000,ABS($C34-$C$22)/$C34*100) -> 65.685083 | Q34: =IF(OR(5=16,$C34<=0,$C$23<=0),1000000,ABS($C34-$C$23)/$C34*100) -> 57.38842 | R34: =IF(OR(6=16,$C34<=0,$C$24<=0),1000000,ABS($C34-$C$24)/$C34*100) -> 94.009827 | S34: =IF(OR(7=16,$C34<=0,$C$25<=0),1000000,ABS($C34-$C$25)/$C34*100) -> 88.019655 | T34: =IF(OR(8=16,$C34<=0,$C$26<=0),1000000,ABS($C34-$C$26)/$C34*100) -> 82.029482 | U34: =IF(OR(9=16,$C34<=0,$C$27<=0),1000000,ABS($C34-$C$27)/$C34*100) -> 76.039309 | V34: =IF(OR(10=16,$C34<=0,$C$28<=0),1000000,ABS($C34-$C$28)/$C34*100) -> 82.385701 | W34: =IF(OR(11=16,$C34<=0,$C$29<=0),1000000,ABS($C34-$C$29)/$C34*100) -> 64.686731 | X34: =IF(OR(12=16,$C34<=0,$C$30<=0),1000000,ABS($C34-$C$30)/$C34*100) -> 47.059029 | Y34: =IF(OR(13=16,$C34<=0,$C$31<=0),1000000,ABS($C34-$C$31)/$C34*100) -> 29.785149 | Z34: =IF(OR(14=16,$C34<=0,$C$32<=0),1000000,ABS($C34-$C$32)/$C34*100) -> 66.666667 | AA34: =IF(OR(15=16,$C34<=0,$C$33<=0),1000000,ABS($C34-$C$33)/$C34*100) -> 33.333333 | AB34: =IF(OR(16=16,$C34<=0,$C$34<=0),1000000,ABS($C34-$C$34)/$C34*100) -> 1000000 | AD34: =IF(OR($B$6="",$B$6<=0,$C34<=0),1000000,ABS($C34-$B$6)/$C34*100) -> 96.492864 | AE34: =IF(OR($B$7="",$B$7<=0,$C34<=0),1000000,ABS($C34-$B$7)/$C34*100) -> 93.765091 | AF34: =IF(OR($B$8="",$B$8<=0,$C34<=0),1000000,ABS($C34-$B$8)/$C34*100) -> 90.257955 | AG34: =IF(OR($B$9="",$B$9<=0,$C34<=0),1000000,ABS($C34-$B$9)/$C34*100) -> 86.166296 | AH34: =IF(OR($B$10="",$B$10<=0,$C34<=0),1000000,ABS($C34-$B$10)/$C34*100) -> 81.684955 | AI34: =IF(OR($B$11="",$B$11<=0,$C34<=0),1000000,ABS($C34-$B$11)/$C34*100) -> 1000000 | AJ34: =IF(OR($B$12="",$B$12<=0,$C34<=0),1000000,ABS($C34-$B$12)/$C34*100) -> 1000000 | AK34: =IF(OR($B$13="",$B$13<=0,$C34<=0),1000000,ABS($C34-$B$13)/$C34*100) -> 1000000 | AL34: =IF(OR($B$14="",$B$14<=0,$C34<=0),1000000,ABS($C34-$B$14)/$C34*100) -> 1000000 | AM34: =IF(OR($B$15="",$B$15<=0,$C34<=0),1000000,ABS($C34-$B$15)/$C34*100) -> 1000000
A36: ■ 総合スコア
A37: 帯域内モード数 | C37: =COUNTIF($D$18:$D$34,"○ 帯域内") -> 9 | D37: 多いほど鳴きの機会が増える
A38: モード密度 [個/kHz] | C38: =IF($F$3-$C$3<=0,0,$C$37/(($F$3-$C$3)/1000)) -> 0.61016949 | D38: 1kHzあたりのモード数
A39: 高リスクモード数 | C39: =COUNTIF($G$18:$G$34,"🔴 高リスク") -> 3 | D39: パッド同士 or ディスクと接近しているモード
A40: 中リスクモード数 | C40: =COUNTIF($G$18:$G$34,"🟡 中リスク") -> 2
A41: 最小モード間隔 [%] | C41: =MIN($E$18:$E$34) -> 0.36948324 | D41: 小さいほど連成（れんせい）＝2つのモードが手を組んで不安定になりやすい
A42: ディスク最小一致差 [%] | C42: =MIN($F$18:$F$34) -> 1.9171799 | D42: 0に近いほど共振（きょうしん）しやすい
A43: 総合スコア（0-100） | C43: =MAX(0,MIN(100,ROUND(12*$C$39+5*$C$40+MAX(0,15-3*$C$41)+MAX(0,15-3*$C$42)+MIN(15,$C$38*3),0))) -> 71 | D43: 12×高リスク数 +5×中リスク数 +(15−3×最小間隔%) +(15−3×ディスク差%) +(3×密度)。高いほど鳴きやすい 🟡
A44: ランク | C44: =IF($C$43>=70,"🔴 A：鳴きやすい設計",IF($C$43>=40,"🟡 B：条件次第で鳴く","🟢 C：比較的おとなしい")) -> 🔴 A：鳴きやすい設計
A46: ■ 判定の根拠（なぜこの条件だと鳴くのか）
A47: ① 帯域：SAE J2521 は 1.25〜16 kHz を鳴き（squeal）の評価帯域としています。この外の共振は「鳴き」として扱われません。
A48: ② モード連成（mode coupling）：ブレーキ鳴きの主流説は「2つの固有振動数が近づき、摩擦力で結ばれて1つにロックインし、減衰が負になる」というものです。
A49: ③ だから、2つのモードの差が数%以内だと危険。差が十分あればロックインしにくい。← E列とF列がこれを見ています。
A50: ④ ディスクとの一致：パッドとローターの固有振動数が揃うと、エネルギーが行き来しやすくなります。
A51: ⑤ モード密度が高い＝偶然近づくペアが増える。だからスコアに入れています。
A52: ⚠ これは「素通し検査」です。実際の不安定性は 摩擦係数μ・接触剛性・キャリパ剛性 に依存し、複素固有値解析（CEA）でないと判定できません。
A53: ⚠ 減衰（シム）の効果はここでは点数に入っていません。シムを貼るとηが上がり、同じモード配置でも鳴かなくなることがあります。

Sheet 逆算
A1: ⑥ 逆算 — 実測ピークから 摩擦材のヤング率 E を求める
A2: 2層モデル（裏板＋摩擦材）で 面外曲げ1次の実測周波数に合うように E を二分法（にぶんほう）で探す 🟢手順／🟡モデル
A3: ■ STEP 1：実測ピークを入れる（面外曲げモードだけ）
A4: 次数 n | B4: (βL) | C4: (βL)² | D4: 実測 f [Hz] | E4: f_n/f_1 実測 | F4: f_n/f_1 理論 | G4: ずれ [%] | H4: 診断
A5: 1 | B5: 4.730041 | C5: =B5^2 -> 22.373288 | D5: 1650 | E5: =IF(OR($D$5="",$D$5=0,D5=""),"",D5/$D$5) -> 1 | F5: =C5/$C$5 -> 1 | G5: =IF(E5="","",(E5/F5-1)*100) -> 0 | H5: =IF(G5="","",IF(ABS(G5)<5,"🟢 曲げモードで整合",IF(ABS(G5)<15,"🟡 せん断/曲率の影響","🔴 別種のモードの可能性"))) -> 🟢 曲げモードで整合
A6: 2 | B6: 7.853205 | C6: =B6^2 -> 61.672829 | D6: 4550 | E6: =IF(OR($D$5="",$D$5=0,D6=""),"",D6/$D$5) -> 2.7575758 | F6: =C6/$C$5 -> 2.7565385 | G6: =IF(E6="","",(E6/F6-1)*100) -> 0.037629947 | H6: =IF(G6="","",IF(ABS(G6)<5,"🟢 曲げモードで整合",IF(ABS(G6)<15,"🟡 せん断/曲率の影響","🔴 別種のモードの可能性"))) -> 🟢 曲げモードで整合
A7: 3 | B7: 10.995608 | C7: =B7^2 -> 120.9034 | D7: 8900 | E7: =IF(OR($D$5="",$D$5=0,D7=""),"",D7/$D$5) -> 5.3939394 | F7: =C7/$C$5 -> 5.4039172 | G7: =IF(E7="","",(E7/F7-1)*100) -> -0.18464041 | H7: =IF(G7="","",IF(ABS(G7)<5,"🟢 曲げモードで整合",IF(ABS(G7)<15,"🟡 せん断/曲率の影響","🔴 別種のモードの可能性"))) -> 🟢 曲げモードで整合
A8: 4 | B8: 14.137165 | C8: =B8^2 -> 199.85943 | E8: =IF(OR($D$5="",$D$5=0,D8=""),"",D8/$D$5) | F8: =C8/$C$5 -> 8.9329488 | G8: =IF(E8="","",(E8/F8-1)*100) | H8: =IF(G8="","",IF(ABS(G8)<5,"🟢 曲げモードで整合",IF(ABS(G8)<15,"🟡 せん断/曲率の影響","🔴 別種のモードの可能性")))
A9: 5 | B9: 17.27876 | C9: =B9^2 -> 298.55555 | E9: =IF(OR($D$5="",$D$5=0,D9=""),"",D9/$D$5) | F9: =C9/$C$5 -> 13.344286 | G9: =IF(E9="","",(E9/F9-1)*100) | H9: =IF(G9="","",IF(ABS(G9)<5,"🟢 曲げモードで整合",IF(ABS(G9)<15,"🟡 せん断/曲率の影響","🔴 別種のモードの可能性")))
A11: ※ 上の実測値は「例」です。自分の測定値に入れ替えてください。空欄の次数は無視されます。
A13: ■ STEP 2：既知の寸法・材料（裏板は分かっている前提）
A14: 長さ L [mm] | C14: =形状!$B$45 -> 115.52 | D14: 形状シートから自動。上書きしたければ直接数値を打つ
A15: 幅 w [mm] | C15: =形状!$B$46 -> 42.288431 | D15: 同上
A16: 裏板 厚さ t1 [mm] | C16: 5 | D16: 実測（ノギスで3点測って平均）
A17: 裏板 E1 [GPa] | C17: 205 | D17: 鋼なら205で固定してよい 🟢
A18: 裏板 ρ1 [kg/m³] | C18: 7850 | D18: 鋼 🟢
A19: 摩擦材 厚さ t2 [mm] | C19: 11 | D19: 実測（摩耗していれば実厚を）
A20: 摩擦材 ρ2 [kg/m³] | C20: 2600 | D20: 重さ÷体積で必ず自分で測る 🔴
A21: ■ STEP 3：実測 f1 から 必要な曲げ剛性 EI を求める
A22: L [m] | C22: =$C$14/1000 -> 0.11552
A23: w [m] | C23: =$C$15/1000 -> 0.042288431
A24: t1 [m] | C24: =$C$16/1000 -> 0.005
A25: t2 [m] | C25: =$C$19/1000 -> 0.011
A26: ρA [kg/m]（既知） | C26: =($C$18*$C$23*$C$24)+($C$20*$C$23*$C$25) -> 2.8692701 | D26: ρ1·w·t1 + ρ2·w·t2 🟢
A27: せん断補正 使う=1 / 使わない=0 | C27: 1 | D27: 固有振動数シートと必ず同じ設定にする
A28: ポアソン比 ν（合成の目安） | C28: 0.3 | D28: 鋼が支配的なので 0.30 でよい
A29: 回転半径 r [m] = h/√12 | C29: =($C$24+$C$25)/SQRT(12) -> 0.0046188022 | D29: h＝t1+t2
A30: 補正係数 K₁ | C30: =1+$C$5*($C$29/$C$22)^2*(1+2*(1+$C$28)/(5/6)) -> 1.1473572 | D30: K=1+(βL)²(r/L)²(1+E/(κG)) 🟡
A31: Euler換算した f₁ [Hz] | C31: =IF(OR($D$5="",$D$5=0),0,$D$5*IF($C$27=1,SQRT($C$30),1)) -> 1767.3936 | D31: せん断で下がった分を戻して、Euler式で扱えるようにする
A32: S = EI/ρA [m⁴/s²] | C32: =IF($C$31=0,0,(2*PI()*$C$31*$C$22^2/$C$5)^2) -> 43.872802 | D32: S=(2π f₁ L²/(βL)₁²)² ← 曲げ式の逆解き 🟢
A33: 必要な EI [N·m²] | C33: =$C$32*$C$26 -> 125.88292 | D33: S × ρA
A34: 裏板だけの EI [N·m²] | C34: =$C$17*1000000000*$C$23*$C$24^3/12 -> 90.303421 | D34: これより必要EIが小さいと解なし
A35: 解の有無 | C35: =IF($C$33<$C$34,"🔴 解なし：f1が低すぎ or 寸法/密度を疑う","🟢 解あり") -> 🟢 解あり
A37: ■ STEP 4：二分法で 摩擦材ヤング率 E2 を探す（40回・自動／マクロ不要）
A38: 回 | B38: 下限 lo [GPa] | C38: 上限 hi [GPa] | D38: 中点 mid [GPa] | E38: E1·A1 | F38: E2·A2 | G38: 中立軸 ȳ [m] | H38: EI(mid) [N·m²] | I38: EI(mid)−必要EI
A39: 1 | B39: 0.001 | C39: 300 | D39: =($B39+$C39)/2 -> 150.0005 | E39: =$C$17*1000000000*$C$23*$C$24 -> 43345642 | F39: =$D39*1000000000*$C$23*$C$25 -> 69776144 | G39: =IF($E39+$F39=0,0,($E39*($C$24/2)+$F39*($C$24+$C$25/2))/($E39+$F39)) -> 0.0074345857 | H39: =$C$17*1000000000*$C$23*($C$24^3/12+$C$24*($C$24/2-$G39)^2)+$D39*1000000000*$C$23*($C$25^3/12+$C$25*($C$24+$C$25/2-$G39)^2) -> 2505.0218 | I39: =$H39-$C$33 -> 2379.1389
A40: 2 | B40: =IF($I39<0,$D39,$B39) -> 0.001 | C40: =IF($I39<0,$C39,$D39) -> 150.0005 | D40: =($B40+$C40)/2 -> 75.00075 | E40: =$C$17*1000000000*$C$23*$C$24 -> 43345642 | F40: =$D40*1000000000*$C$23*$C$25 -> 34888305 | G40: =IF($E40+$F40=0,0,($E40*($C$24/2)+$F40*($C$24+$C$25/2))/($E40+$F40)) -> 0.0060675873 | H40: =$C$17*1000000000*$C$23*($C$24^3/12+$C$24*($C$24/2-$G40)^2)+$D40*1000000000*$C$23*($C$25^3/12+$C$25*($C$24+$C$25/2-$G40)^2) -> 1679.2087 | I40: =$H40-$C$33 -> 1553.3258
A41: 3 | B41: =IF($I40<0,$D40,$B40) -> 0.001 | C41: =IF($I40<0,$C40,$D40) -> 75.00075 | D41: =($B41+$C41)/2 -> 37.500875 | E41: =$C$17*1000000000*$C$23*$C$24 -> 43345642 | F41: =$D41*1000000000*$C$23*$C$25 -> 17444385 | G41: =IF($E41+$F41=0,0,($E41*($C$24/2)+$F41*($C$24+$C$25/2))/($E41+$F41)) -> 0.0047956904 | H41: =$C$17*1000000000*$C$23*($C$24^3/12+$C$24*($C$24/2-$G41)^2)+$D41*1000000000*$C$23*($C$25^3/12+$C$25*($C$24+$C$25/2-$G41)^2) -> 1062.2664 | I41: =$H41-$C$33 -> 936.38344
A42: 4 | B42: =IF($I41<0,$D41,$B41) -> 0.001 | C42: =IF($I41<0,$C41,$D41) -> 37.500875 | D42: =($B42+$C42)/2 -> 18.750937 | E42: =$C$17*1000000000*$C$23*$C$24 -> 43345642 | F42: =$D42*1000000000*$C$23*$C$25 -> 8722425.1 | G42: =IF($E42+$F42=0,0,($E42*($C$24/2)+$F42*($C$24+$C$25/2))/($E42+$F42)) -> 0.0038401573 | H42: =$C$17*1000000000*$C$23*($C$24^3/12+$C$24*($C$24/2-$G42)^2)+$D42*1000000000*$C$23*($C$25^3/12+$C$25*($C$24+$C$25/2-$G42)^2) -> 642.97437 | I42: =$H42-$C$33 -> 517.09145
A43: 5 | B43: =IF($I42<0,$D42,$B42) -> 0.001 | C43: =IF($I42<0,$C42,$D42) -> 18.750937 | D43: =($B43+$C43)/2 -> 9.3759688 | E43: =$C$17*1000000000*$C$23*$C$24 -> 43345642 | F43: =$D43*1000000000*$C$23*$C$25 -> 4361445.1 | G43: =IF($E43+$F43=0,0,($E43*($C$24/2)+$F43*($C$24+$C$25/2))/($E43+$F43)) -> 0.0032313706 | H43: =$C$17*1000000000*$C$23*($C$24^3/12+$C$24*($C$24/2-$G43)^2)+$D43*1000000000*$C$23*($C$25^3/12+$C$25*($C$24+$C$25/2-$G43)^2) -> 387.89515 | I43: =$H43-$C$33 -> 262.01223
A44: 6 | B44: =IF($I43<0,$D43,$B43) -> 0.001 | C44: =IF($I43<0,$C43,$D43) -> 9.3759688 | D44: =($B44+$C44)/2 -> 4.6884844 | E44: =$C$17*1000000000*$C$23*$C$24 -> 43345642 | F44: =$D44*1000000000*$C$23*$C$25 -> 2180955.2 | G44: =IF($E44+$F44=0,0,($E44*($C$24/2)+$F44*($C$24+$C$25/2))/($E44+$F44)) -> 0.0028832406 | H44: =$C$17*1000000000*$C$23*($C$24^3/12+$C$24*($C$24/2-$G44)^2)+$D44*1000000000*$C$23*($C$25^3/12+$C$25*($C$24+$C$25/2-$G44)^2) -> 245.1892 | I44: =$H44-$C$33 -> 119.30629
A45: 7 | B45: =IF($I44<0,$D44,$B44) -> 0.001 | C45: =IF($I44<0,$C44,$D44) -> 4.6884844 | D45: =($B45+$C45)/2 -> 2.3447422 | E45: =$C$17*1000000000*$C$23*$C$24 -> 43345642 | F45: =$D45*1000000000*$C$23*$C$25 -> 1090710.2 | G45: =IF($E45+$F45=0,0,($E45*($C$24/2)+$F45*($C$24+$C$25/2))/($E45+$F45)) -> 0.0026963636 | H45: =$C$17*1000000000*$C$23*($C$24^3/12+$C$24*($C$24/2-$G45)^2)+$D45*1000000000*$C$23*($C$25^3/12+$C$25*($C$24+$C$25/2-$G45)^2) -> 169.39346 | I45: =$H45-$C$33 -> 43.510542
A46: 8 | B46: =IF($I45<0,$D45,$B45) -> 0.001 | C46: =IF($I45<0,$C45,$D45) -> 2.3447422 | D46: =($B46+$C46)/2 -> 1.1728711 | E46: =$C$17*1000000000*$C$23*$C$24 -> 43345642 | F46: =$D46*1000000000*$C$23*$C$25 -> 545587.67 | G46: =IF($E46+$F46=0,0,($E46*($C$24/2)+$F46*($C$24+$C$25/2))/($E46+$F46)) -> 0.0025994436 | H46: =$C$17*1000000000*$C$23*($C$24^3/12+$C$24*($C$24/2-$G46)^2)+$D46*1000000000*$C$23*($C$25^3/12+$C$25*($C$24+$C$25/2-$G46)^2) -> 130.28833 | I46: =$H46-$C$33 -> 4.4054145
A47: 9 | B47: =IF($I46<0,$D46,$B46) -> 0.001 | C47: =IF($I46<0,$C46,$D46) -> 1.1728711 | D47: =($B47+$C47)/2 -> 0.58693555 | E47: =$C$17*1000000000*$C$23*$C$24 -> 43345642 | F47: =$D47*1000000000*$C$23*$C$25 -> 273026.42 | G47: =IF($E47+$F47=0,0,($E47*($C$24/2)+$F47*($C$24+$C$25/2))/($E47+$F47)) -> 0.0025500751 | H47: =$C$17*1000000000*$C$23*($C$24^3/12+$C$24*($C$24/2-$G47)^2)+$D47*1000000000*$C$23*($C$25^3/12+$C$25*($C$24+$C$25/2-$G47)^2) -> 110.42075 | I47: =$H47-$C$33 -> -15.462164
A48: 10 | B48: =IF($I47<0,$D47,$B47) -> 0.58693555 | C48: =IF($I47<0,$C47,$D47) -> 1.1728711 | D48: =($B48+$C48)/2 -> 0.87990332 | E48: =$C$17*1000000000*$C$23*$C$24 -> 43345642 | F48: =$D48*1000000000*$C$23*$C$25 -> 409307.04 | G48: =IF($E48+$F48=0,0,($E48*($C$24/2)+$F48*($C$24+$C$25/2))/($E48+$F48)) -> 0.0025748363 | H48: =$C$17*1000000000*$C$23*($C$24^3/12+$C$24*($C$24/2-$G48)^2)+$D48*1000000000*$C$23*($C$25^3/12+$C$25*($C$24+$C$25/2-$G48)^2) -> 120.3812 | I48: =$H48-$C$33 -> -5.5017148
A49: 11 | B49: =IF($I48<0,$D48,$B48) -> 0.87990332 | C49: =IF($I48<0,$C48,$D48) -> 1.1728711 | D49: =($B49+$C49)/2 -> 1.0263872 | E49: =$C$17*1000000000*$C$23*$C$24 -> 43345642 | F49: =$D49*1000000000*$C$23*$C$25 -> 477447.36 | G49: =IF($E49+$F49=0,0,($E49*($C$24/2)+$F49*($C$24+$C$25/2))/($E49+$F49)) -> 0.002587159 | H49: =$C$17*1000000000*$C$23*($C$24^3/12+$C$24*($C$24/2-$G49)^2)+$D49*1000000000*$C$23*($C$25^3/12+$C$25*($C$24+$C$25/2-$G49)^2) -> 125.3414 | I49: =$H49-$C$33 -> -0.54151622
A50: 12 | B50: =IF($I49<0,$D49,$B49) -> 1.0263872 | C50: =IF($I49<0,$C49,$D49) -> 1.1728711 | D50: =($B50+$C50)/2 -> 1.0996292 | E50: =$C$17*1000000000*$C$23*$C$24 -> 43345642 | F50: =$D50*1000000000*$C$23*$C$25 -> 511517.51 | G50: =IF($E50+$F50=0,0,($E50*($C$24/2)+$F50*($C$24+$C$25/2))/($E50+$F50)) -> 0.0025933061 | H50: =$C$17*1000000000*$C$23*($C$24^3/12+$C$24*($C$24/2-$G50)^2)+$D50*1000000000*$C$23*($C$25^3/12+$C$25*($C$24+$C$25/2-$G50)^2) -> 127.81652 | I50: =$H50-$C$33 -> 1.9336038
A51: 13 | B51: =IF($I50<0,$D50,$B50) -> 1.0263872 | C51: =IF($I50<0,$C50,$D50) -> 1.0996292 | D51: =($B51+$C51)/2 -> 1.0630082 | E51: =$C$17*1000000000*$C$23*$C$24 -> 43345642 | F51: =$D51*1000000000*$C$23*$C$25 -> 494482.43 | G51: =IF($E51+$F51=0,0,($E51*($C$24/2)+$F51*($C$24+$C$25/2))/($E51+$F51)) -> 0.0025902338 | H51: =$C$17*1000000000*$C$23*($C$24^3/12+$C$24*($C$24/2-$G51)^2)+$D51*1000000000*$C$23*($C$25^3/12+$C$25*($C$24+$C$25/2-$G51)^2) -> 126.57938 | I51: =$H51-$C$33 -> 0.69645791
... A78: 40 | B78: =IF($I77<0,$D77,$B77) -> 1.042403 | C78: =IF($I77<0,$C77,$D77) -> 1.042403 | D78: =($B78+$C78)/2 -> 1.042403 | E78: =$C$17*1000000000*$C$23*$C$24 -> 43345642 | F78: =$D78*1000000000*$C$23*$C$25 -> 484897.46 | G78: =IF($E78+$F78=0,0,($E78*($C$24/2)+$F78*($C$24+$C$25/2))/($E78+$F78)) -> 0.002588504 | H78: =$C$17*1000000000*$C$23*($C$24^3/12+$C$24*($C$24/2-$G78)^2)+$D78*1000000000*$C$23*($C$25^3/12+$C$25*($C$24+$C$25/2-$G78)^2) -> 125.88292 | I78: =$H78-$C$33 -> 7.3537336e-09
A81: ■ STEP 5：結果
A82: ★逆算された 摩擦材 E2 [GPa] | C82: =$D$78 -> 1.042403 | D82: これが答え。材料DBに登録して順算に使う
A83: 収束チェック 残差 [N·m²] | C83: =ABS($I$78) -> 7.3537336e-09 | D83: 0に十分近ければOK
A84: 収束チェック 相対 [%] | C84: =IF($C$33=0,0,ABS($I$78)/$C$33*100) -> 5.8417248e-09 | D84: 0.001%未満なら収束
A85: 参考：1枚板とみなした E/ρ [m²/s²] | C85: =IF(($C$16+$C$19)=0,0,12*$C$32/(($C$16+$C$19)/1000)^2) -> 2056537.6 | D85: E/ρ = 12·S/h²（積層を無視した粗い推定）🟡
A86: 参考：√(E/ρ) [m/s] | C86: =SQRT(MAX($C$85,0)) -> 1434.0633 | D86: 棒の中の音速に相当。鋼なら約5100 m/s
A87: 検算：この E2 での f1 [Hz] | C87: =IF($C$26=0,0,$C$5/(2*PI()*$C$22^2)*SQRT($H$78/$C$26)/IF($C$27=1,SQRT($C$30),1)) -> 1650 | D87: 実測 f1 と一致するはず
A88: 検算：f1 の誤差 [%] | C88: =IF(OR($D$5="",$D$5=0),0,($C$87/$D$5-1)*100) -> 2.9208636e-09 | D88: ±0.01%以内なら成功
A89: 検算：この E2 での f2 [Hz] | C89: =IF($C$26=0,0,$C$6/(2*PI()*$C$22^2)*SQRT($H$78/$C$26)/IF($C$27=1,SQRT((1+$C$6*($C$29/$C$22)^2*(1+2*(1+$C$28)/(5/6)))),1)) -> 4108.4161 | D89: 実測f2と比べる（合わなければモデルの限界）
A90: f2 の誤差 [%] | C90: =IF(OR($D$6="",$D$6=0),0,($C$89/$D$6-1)*100) -> -9.7051398 | D90: ±10%以内なら実用上OK 🟡
A92: ■ 逆算のコツ・よくあるミス
A93: ① まず STEP1 の「ずれ[%]」を見る。5%以内でなければ、その実測ピークは曲げモードではありません（ねじり・面内が混ざっている）。
A94: ② 摩擦材の密度 ρ2 は必ず実測。ρ2 が 10% ずれると E2 は約 20% ずれます（f ∝ √(E/ρ) のため）。
A95: ③ 摩擦材のEは面圧で変わります。特許文献では 25〜375 MPa と 15倍変化する例も。何MPaで測ったか記録を残す。
A96: ④ 裏板の厚さ t1 の誤差が一番効く。EI ∝ t1³ なので t1 が 2% ずれると EI は 6% ずれます。
A97: ⑤ 接着層とシムは無視しています。シムを外した「裸のパッド」で測った値を入れてください。
A98: ⑥ ハンマ打撃＋指数窓のピークは減衰が過大になりますが、周波数自体はほぼ正しいのでここでは使えます。
A99: ⑦ f1 で合わせて f2 が外れる場合、摩擦材Eの周波数依存（粘弾性）が出ている証拠です。それ自体が有用な情報。
A100: ⑧ せん断補正の ON/OFF は「固有振動数」シートと必ず揃えること。片方だけ ON だと辻褄が合いません。

Sheet 式一覧
A1: ⑦ 計算式一覧（コピペ用）
A2: A〜F列をそのまま選択コピーすると TSV としてどこにでも貼れます。Excel式はセル参照を自分の配置に読み替えてください。
A4: 分類 | B4: 項目 | C4: 数式（数学表記） | D4: Excel の書き方（このブック内の実際の式） | E4: 単位 | F4: 信頼度
A5: 形状 | B5: 多角形の面積（シューレース公式） | C5: A = ½·|Σ(xᵢ·yᵢ₊₁ − xᵢ₊₁·yᵢ)| | D5: '=ABS(0.5*SUM(I5:I20)) | E5: mm² | F5: 🟢
A6: 形状 | B6: 重心X | C6: Cx = 1/(6A)·Σ(xᵢ+xᵢ₊₁)(xᵢyᵢ₊₁−xᵢ₊₁yᵢ) | D6: '=SUM(N5:N20)/(6*B23) | E6: mm | F6: 🟢
A7: 形状 | B7: 頂点の内角 | C7: θ = atan2(−s·(v1×v2), v1·v2) | D7: '=MOD(DEGREES(ATAN2(P5,-$F$3*Q5)),360) | E7: ° | F7: 🟢
A8: 形状 | B8: 凹凸判定 | C8: 内角>180° なら入隅（凹） | D8: '=IF(R5>180,"入隅(凹)","出隅(凸)") | E8: - | F8: 🟢
A9: 形状 | B9: 内角の合計（検算） | C9: Σθ = (N−2)×180 | D9: '=($F$2-2)*180 | E9: ° | F9: 🟢
A10: 形状 | B10: 断面二次モーメント Ixx | C10: Ixx = 1/12·Σ(yᵢ²+yᵢyᵢ₊₁+yᵢ₊₁²)·cᵢ − A·Cy² | D10: '=$F$3*SUM(K5:K20)/12-$B$24*$B$27^2 | E10: mm⁴ | F10: 🟢
A11: 形状 | B11: 等価幅 | C11: w = A / L | D11: '=$B$24/$B$42 | E11: mm | F11: 🟡
A12: 断面 | B12: 中立軸（変換断面法） | C12: ȳ = Σ(Eᵢ·Aᵢ·yᵢ) / Σ(Eᵢ·Aᵢ) | D12: '=SUM(M8:M11)/SUM(L8:L11) | E12: m | F12: 🟢
A13: 断面 | B13: 曲げ剛性（面外） | C13: EI = Σ Eᵢ·b·[tᵢ³/12 + tᵢ·(ycᵢ−ȳ)²] | D13: '=SUM(O8:O11) | E13: N·m² | F13: 🟢
A14: 断面 | B14: 曲げ剛性（面内） | C14: EI = Σ Eᵢ·tᵢ·b³/12 | D14: '=SUM(P8:P11) | E14: N·m² | F14: 🟢
A15: 断面 | B15: 単位長さ質量 | C15: ρA = Σ ρᵢ·b·tᵢ | D15: '=SUM(N8:N11) | E15: kg/m | F15: 🟢
... A43: 逆算 | B43: 感度：裏板厚さ | C43: ΔEI/EI ≒ 3·Δt/t | D43: - | E43: - | F43: 🟢
A45: ■ Excelに貼るときの最小サンプル（例：1+1=2）
A46: セル A1 に 1
A47: セル B1 に 1
A48: セル C1 に =A1+B1 → 2 が出る
A49: 同じ要領で、A1に(βL)²、B1にL[m]、C1にEI、D1にρA、E1に =A1/(2*PI()*B1^2)*SQRT(C1/D1) と入れれば固有振動数が出ます。
